/* scripts/gen_splash_logo.py の生成物(手で直さない)。元画像: docs/images/kybotos.png */
#include "splash_logo.h"

const uint16_t splash_logo_rgb565[SPLASH_LOGO_W * SPLASH_LOGO_H] = {
    0x19e5, 0x19e5, 0x19e5, 0x19e5, 0x19e5, 0x19e5, 0x19e5, 0x19e5, 0x19e5, 0x19e5, 0x19e5, 0x19e5, 0x19e5, 0x19e5, 0x19e5, 0x19e5,
    0x19e5, 0x19e5, 0x19e5, 0x19e5, 0x19e5, 0x19e5, 0x19e5, 0x19e5, 0x19e5, 0x19e5, 0x19e5, 0x19e5, 0x19e5, 0x19e5, 0x19e5, 0x19e5,
    0x19e5, 0x19e5, 0x19e5, 0x19e5, 0x19e5, 0x19e5, 0x19e5, 0x19e5, 0x19e5, 0x19e5, 0x19e5, 0x19e5, 0x19e5, 0x19e5, 0x19e5, 0x19e5,
    0x19e5, 0x19e5, 0x19e5, 0x19e5, 0x19e5, 0x19e5, 0x19e5, 0x19e5, 0x19e5, 0x19e5, 0x19e5, 0x19e5, 0x19e5, 0x19e5, 0x19e5, 0x19e5,
    0x19e5, 0x19e5, 0x19e5, 0x19e5, 0x19e5, 0x19e5, 0x19e5, 0x19e5, 0x19e5, 0x19e5, 0x19e5, 0x19e5, 0x19e5, 0x19e5, 0x19e5, 0x19e5,
    0x19e5, 0x19e5, 0x19e5, 0x19e5, 0x19e5, 0x19e5, 0x19e5, 0x19e5, 0x19e5, 0x19e5, 0x19e5, 0x19e5, 0x19e5, 0x19e5, 0x19e5, 0x19e5,
    0x19e5, 0x19e5, 0x19e5, 0x19e5, 0x19e5, 0x19e5, 0x19e5, 0x19e5, 0x19e5, 0x19e5, 0x19e5, 0x19e5, 0x19e5, 0x19e5, 0x19e5, 0x19e5,
    0x19e5, 0x19e5, 0x19e5, 0x19e5, 0x19e5, 0x19e5, 0x19e5, 0x19e5, 0x19e5, 0x19e5, 0x19e5, 0x19e5, 0x19e5, 0x19e5, 0x19e5, 0x19e5,
    0x19e5, 0x19e5, 0x19e5, 0x19e5, 0x19e5, 0x19e5, 0x19e5, 0x19e5, 0x19e5, 0x19e5, 0x19e5, 0x19e5, 0x19e5, 0x19e5, 0x19e5, 0x19e5,
    0x19e5, 0x19e5, 0x19e5, 0x19e5, 0x19e5, 0x19e5, 0x19e5, 0x19e5, 0x19e5, 0x19e5, 0x19e5, 0x19e5, 0x19e5, 0x19e5, 0x19e5, 0x19e5,
    0x19e5, 0x19e5, 0x19e5, 0x19e5, 0x19e5, 0x19e5, 0x19e5, 0x19e5, 0x19e5, 0x19e5, 0x19e5, 0x19e5, 0x19e5, 0x19e5, 0x19e5, 0x19e5,
    0x19e5, 0x19e5, 0x19e5, 0x19e5, 0x19e5, 0x19e5, 0x19e5, 0x19e5, 0x19e5, 0x19e5, 0x19e5, 0x19e5, 0x19e5, 0x19e5, 0x19e5, 0x19e5,
    0x19e5, 0x19e5, 0x19e5, 0x19e5, 0x19e5, 0x19e5, 0x19e5, 0x19e5, 0x19e5, 0x19e5, 0x19e5, 0x19e5, 0x19e5, 0x19e5, 0x19e5, 0x19e5,
    0x19e5, 0x19e5, 0x19e5, 0x19e5, 0x19e5, 0x19e5, 0x19e5, 0x19e5, 0x19e5, 0x19e5, 0x19e5, 0x19e5, 0x19e5, 0x19e5, 0x19e5, 0x19e5,
    0x19e5, 0x19e5, 0x19e5, 0x19e5, 0x19e5, 0x19e5, 0x19e5, 0x19e5, 0x19e5, 0x19e5, 0x19e5, 0x19e5, 0x19e5, 0x19e5, 0x19e5, 0x19e5,
    0x19e5, 0x19e5, 0x19e5, 0x19e5, 0x19e5, 0x19e5, 0x19e5, 0x19e5, 0x19e5, 0x19e5, 0x19e5, 0x19e5, 0x19e5, 0x19e5, 0x19e5, 0x19e5,
    0x19e5, 0x19e5, 0x19e5, 0x19e5, 0x19e5, 0x19e5, 0x19e5, 0x19e5, 0x19e5, 0x19e5, 0x19e5, 0x19e5, 0x19e5, 0x19e5, 0x19e5, 0x19e5,
    0x19e5, 0x19e5, 0x19e5, 0x19e5, 0x19e5, 0x19e5, 0x19e5, 0x19e5, 0x19e5, 0x19e5, 0x19e5, 0x19e5, 0x19e5, 0x19e5, 0x19e5, 0x19e5,
    0x19e5, 0x19e5, 0x19e5, 0x19e5, 0x19e5, 0x19e5, 0x19e5, 0x19e5, 0x19e5, 0x19e5, 0x19e5, 0x19e5, 0x19e5, 0x19e5, 0x19e5, 0x19e5,
    0x19e5, 0x19e5, 0x19e5, 0x19e5, 0x19e5, 0x19e5, 0x19e5, 0x19e5, 0x19e5, 0x19e5, 0x19e5, 0x19e5, 0x19e5, 0x19e5, 0x19e5, 0x19e5,
    0x19e5, 0x19e5, 0x19e5, 0x19e5, 0x19e5, 0x19e5, 0x19e5, 0x19e5, 0x19e5, 0x19e5, 0x19e5, 0x19e5, 0x19e5, 0x19e5, 0x19e5, 0x19e5,
    0x19e5, 0x19e5, 0x19e5, 0x19e5, 0x19e5, 0x19e5, 0x19e5, 0x19e5, 0x19e5, 0x19e5, 0x19e5, 0x19e5, 0x19e5, 0x19e5, 0x19e5, 0x19e5,
    0x19e5, 0x19e5, 0x19e5, 0x19e5, 0x19e5, 0x19e5, 0x19e5, 0x19e5, 0x19e5, 0x19e5, 0x19e5, 0x19e5, 0x19e5, 0x19e5, 0x19e5, 0x19e5,
    0x19e5, 0x19e5, 0x19e5, 0x19e5, 0x19e5, 0x19e5, 0x19e5, 0x19e5, 0x19e5, 0x19e5, 0x19e5, 0x19e5, 0x19e5, 0x19e5, 0x19e5, 0x19e5,
    0x19e5, 0x19e5, 0x19e5, 0x19e5, 0x19e5, 0x19e5, 0x19e5, 0x19e5, 0x19e5, 0x19e5, 0x19e5, 0x19e5, 0x19e5, 0x19e5, 0x19e5, 0x19e5,
    0x19e5, 0x19e5, 0x19e5, 0x19e5, 0x19e5, 0x19e5, 0x19e5, 0x19e5, 0x19e5, 0x19e5, 0x19e5, 0x19e5, 0x19e5, 0x19e5, 0x19e5, 0x19e5,
    0x19e5, 0x19e5, 0x19e5, 0x19e5, 0x19e5, 0x19e5, 0x19e5, 0x19e5, 0x19e5, 0x19e5, 0x19e5, 0x19e5, 0x19e5, 0x19e5, 0x19e5, 0x19e5,
    0x19e5, 0x19e5, 0x19e5, 0x19e5, 0x19e5, 0x19e5, 0x19e5, 0x19e5, 0x19e5, 0x19e5, 0x19e5, 0x19e5, 0x19e5, 0x19e5, 0x19e5, 0x19e5,
    0x19e5, 0x19e5, 0x19e5, 0x19e5, 0x19e5, 0x19e5, 0x19e5, 0x19e5, 0x19e5, 0x19e5, 0x19e5, 0x19e5, 0x19e5, 0x19e5, 0x19e5, 0x19e5,
    0x19e5, 0x19e5, 0x19e5, 0x19e5, 0x19e5, 0x19e5, 0x19e5, 0x19e5, 0x19e5, 0x19e5, 0x19e5, 0x19e5, 0x19e5, 0x19e5, 0x19e5, 0x19e5,
    0x19e5, 0x19e5, 0x19e5, 0x19e5, 0x19e5, 0x19e5, 0x19e5, 0x19e5, 0x19e5, 0x19e5, 0x19e5, 0x19e5, 0x19e5, 0x19e5, 0x19e5, 0x19e5,
    0x19e5, 0x19e5, 0x19e5, 0x19e5, 0x19e5, 0x19e5, 0x19e5, 0x19e5, 0x19e5, 0x19e5, 0x19e5, 0x19e5, 0x19e5, 0x19e5, 0x19e5, 0x19e5,
    0x19e5, 0x19e5, 0x19e5, 0x19e5, 0x19e5, 0x19e5, 0x19e5, 0x19e5, 0x19e5, 0x19e5, 0x19e5, 0x19e5, 0x19e5, 0x19e5, 0x19e5, 0x19e5,
    0x19e5, 0x19e5, 0x19e5, 0x19e5, 0x19e5, 0x19e5, 0x19e5, 0x19e5, 0x19e5, 0x19e5, 0x19e5, 0x19e5, 0x19e5, 0x19e5, 0x19e5, 0x19e5,
    0x19e5, 0x19e5, 0x19e5, 0x19e5, 0x19e5, 0x19e5, 0x19e5, 0x19e5, 0x19e5, 0x19e5, 0x19e5, 0x19e5, 0x19e5, 0x19e5, 0x19e5, 0x19e5,
    0x19e5, 0x19e5, 0x19e5, 0x19e5, 0x19e5, 0x19e5, 0x19e5, 0x19e5, 0x19e5, 0x19e5, 0x19e5, 0x19e5, 0x19e5, 0x19e5, 0x19e5, 0x19e5,
    0x19e5, 0x19e5, 0x19e5, 0x19e5, 0x19e5, 0x19e5, 0x19e5, 0x19e5, 0x19e5, 0x19e5, 0x19e5, 0x19e5, 0x19e5, 0x19e5, 0x19e5, 0x19e5,
    0x19e5, 0x19e5, 0x19e5, 0x19e5, 0x19e5, 0x19e5, 0x19e5, 0x19e5, 0x19e5, 0x19e5, 0x19e5, 0x19e5, 0x19e5, 0x19e5, 0x19e5, 0x19e5,
    0x19e5, 0x19e5, 0x19e5, 0x19e5, 0x19e5, 0x19e5, 0x19e5, 0x19e5, 0x19e5, 0x19e5, 0x19e5, 0x19e5, 0x19e5, 0x19e5, 0x19e5, 0x19e5,
    0x19e5, 0x19e5, 0x19e5, 0x19e5, 0x19e5, 0x19e5, 0x19e5, 0x19e5, 0x19e5, 0x19e5, 0x19e5, 0x19e5, 0x19e5, 0x19e5, 0x19e5, 0x19e5,
    0x19e5, 0x19e5, 0x19e5, 0x19e5, 0x19e5, 0x19e5, 0x19e5, 0x19e5, 0x19e5, 0x19e5, 0x19e5, 0x19e5, 0x19e5, 0x19e5, 0x19e5, 0x19e5,
    0x19e5, 0x19e5, 0x19e5, 0x19e5, 0x19e5, 0x19e5, 0x19e5, 0x19e5, 0x19e5, 0x19e5, 0x19e5, 0x19e5, 0x19e5, 0x19e5, 0x19e5, 0x19e5,
    0x19e5, 0x19e5, 0x19e5, 0x19e5, 0x19e5, 0x19e5, 0x19e5, 0x19e5, 0x19e5, 0x19e5, 0x19e5, 0x19e5, 0x19e5, 0x19e5, 0x19e5, 0x19e5,
    0x19e5, 0x19e5, 0x19e5, 0x19e5, 0x19e5, 0x19e5, 0x19e5, 0x19e5, 0x19e5, 0x19e5, 0x19e5, 0x19e5, 0x19e5, 0x19e5, 0x19e5, 0x19e5,
    0x19e5, 0x19e5, 0x19e5, 0x19e5, 0x19e5, 0x19e5, 0x19e5, 0x19e5, 0x19e5, 0x19e5, 0x19e5, 0x19e5, 0x19e5, 0x19e5, 0x19e5, 0x19e5,
    0x19e5, 0x19e5, 0x19e5, 0x19e5, 0x19e5, 0x19e5, 0x19e5, 0x19e5, 0x19e5, 0x19e5, 0x19e5, 0x19e5, 0x19e5, 0x19e5, 0x19e5, 0x19e5,
    0x19e5, 0x19e5, 0x19e5, 0x19e5, 0x19e5, 0x19e5, 0x19e5, 0x19e5, 0x19e5, 0x19e5, 0x19e5, 0x19e5, 0x19e5, 0x19e5, 0x19e5, 0x19e5,
    0x19e5, 0x19e5, 0x19e5, 0x19e5, 0x19e5, 0x19e5, 0x19e5, 0x19e5, 0x19e5, 0x19e5, 0x19e5, 0x19e5, 0x19e5, 0x19e5, 0x19e5, 0x19e5,
    0x19e5, 0x19e5, 0x19e5, 0x19e5, 0x19e5, 0x19e5, 0x19e5, 0x19e5, 0x19e5, 0x19e5, 0x19e5, 0x19e5, 0x19e5, 0x19e5, 0x19e5, 0x19e5,
    0x19e5, 0x19e5, 0x19e5, 0x19e5, 0x19e5, 0x19e5, 0x19e5, 0x19e5, 0x19e5, 0x19e5, 0x19e5, 0x19e5, 0x19e5, 0x19e5, 0x19e5, 0x19e5,
    0x19e5, 0x19e5, 0x19e5, 0x19e5, 0x19e5, 0x19e5, 0x19e5, 0x19e5, 0x19e5, 0x19e5, 0x19e5, 0x19e5, 0x19e5, 0x19e5, 0x19e5, 0x19e5,
    0x19e5, 0x19e5, 0x19e5, 0x19e5, 0x19e5, 0x19e5, 0x19e5, 0x19e5, 0x19e5, 0x19e5, 0x19e5, 0x19e5, 0x19e5, 0x19e5, 0x19e5, 0x19e5,
    0x19e5, 0x19e5, 0x19e5, 0x19e5, 0x19e5, 0x19e5, 0x19e5, 0x19e5, 0x19e5, 0x19e5, 0x19e5, 0x19e5, 0x19e5, 0x19e5, 0x19e5, 0x19e5,
    0x19e5, 0x19e5, 0x19e5, 0x19e5, 0x19e5, 0x19e5, 0x19e5, 0x19e5, 0x19e5, 0x19e5, 0x19e5, 0x19e5, 0x19e5, 0x19e5, 0x19e5, 0x19e5,
    0x19e5, 0x19e5, 0x19e5, 0x19e5, 0x19e5, 0x19e5, 0x19e5, 0x19e5, 0x19e5, 0x19e5, 0x19e5, 0x19e5, 0x19e5, 0x19e5, 0x19e5, 0x19e5,
    0x19e5, 0x19e5, 0x19e5, 0x19e5, 0x19e5, 0x19e5, 0x19e5, 0x19e5, 0x19e5, 0x19e5, 0x19e5, 0x19e5, 0x19e5, 0x19e5, 0x19e5, 0x19e5,
    0x19e5, 0x19e5, 0x19e5, 0x19e5, 0x19e5, 0x19e5, 0x19e5, 0x19e5, 0x19e5, 0x19e5, 0x19e5, 0x19e5, 0x19e5, 0x19e5, 0x19e5, 0x19e5,
    0x19e5, 0x19e5, 0x19e5, 0x19e5, 0x19e5, 0x19e5, 0x19e5, 0x19e5, 0x19e5, 0x19e5, 0x19e5, 0x19e5, 0x19e5, 0x19e5, 0x19e5, 0x19e5,
    0x19e5, 0x19e5, 0x19e5, 0x19e5, 0x19e5, 0x19e5, 0x19e5, 0x19e5, 0x19e5, 0x19e5, 0x19e5, 0x19e5, 0x19e5, 0x19e5, 0x19e5, 0x19e5,
    0x19e5, 0x19e5, 0x19e5, 0x19e5, 0x19e5, 0x19e5, 0x19e5, 0x19e5, 0x19e5, 0x19e5, 0x19e5, 0x19e5, 0x19e5, 0x19e5, 0x19e5, 0x19e5,
    0x19e5, 0x19e5, 0x19e5, 0x19e5, 0x19e5, 0x19e5, 0x19e5, 0x19e5, 0x19e5, 0x19e5, 0x19e5, 0x19e5, 0x19e5, 0x19e5, 0x19e5, 0x19e5,
    0x19e5, 0x19e5, 0x19e5, 0x19e5, 0x19e5, 0x19e5, 0x19e5, 0x19e5, 0x19e5, 0x19e5, 0x19e5, 0x19e5, 0x19e5, 0x19e5, 0x19e5, 0x19e5,
    0x19e5, 0x19e5, 0x19e5, 0x19e5, 0x19e5, 0x19e5, 0x19e5, 0x19e5, 0x19e5, 0x19e5, 0x19e5, 0x19e5, 0x19e5, 0x19e5, 0x19e5, 0x19e5,
    0x19e5, 0x19e5, 0x19e5, 0x19e5, 0x19e5, 0x19e5, 0x19e5, 0x19e5, 0x19e5, 0x19e5, 0x19e5, 0x19e5, 0x19e5, 0x19e5, 0x19e5, 0x19e5,
    0x19e5, 0x19e5, 0x19e5, 0x19e5, 0x19e5, 0x19e5, 0x19e5, 0x19e5, 0x19e5, 0x19e5, 0x19e5, 0x19e5, 0x19e5, 0x19e5, 0x19e5, 0x19e5,
    0x19e5, 0x19e5, 0x19e5, 0x19e5, 0x19e5, 0x19e5, 0x19e5, 0x19e5, 0x19e5, 0x19e5, 0x19e5, 0x19e5, 0x19e5, 0x19e5, 0x19e5, 0x19e5,
    0x19e5, 0x19e5, 0x19e5, 0x19e5, 0x19e5, 0x19e5, 0x19e5, 0x19e5, 0x19e5, 0x19e5, 0x19e5, 0x19e5, 0x19e5, 0x19e5, 0x19e5, 0x19e5,
    0x19e5, 0x19e5, 0x19e5, 0x19e5, 0x19e5, 0x19e5, 0x19e5, 0x19e5, 0x19e5, 0x19e5, 0x19e5, 0x19e5, 0x19e5, 0x19e5, 0x19e5, 0x19e5,
    0x19e5, 0x19e5, 0x19e5, 0x19e5, 0x19e5, 0x19e5, 0x19e5, 0x19e5, 0x19e5, 0x19e5, 0x19e5, 0x19e5, 0x19e5, 0x19e5, 0x19e5, 0x19e5,
    0x19e5, 0x19e5, 0x19e5, 0x19e5, 0x19e5, 0x19e5, 0x19e5, 0x19e5, 0x19e5, 0x19e5, 0x19e5, 0x19e5, 0x19e5, 0x19e5, 0x19e5, 0x19e5,
    0x19e5, 0x19e5, 0x19e5, 0x19e5, 0x19e5, 0x19e5, 0x19e5, 0x19e5, 0x19e5, 0x19e5, 0x19e5, 0x19e5, 0x19e5, 0x19e5, 0x19e5, 0x19e5,
    0x19e5, 0x19e5, 0x19e5, 0x19e5, 0x19e5, 0x19e5, 0x19e5, 0x19e5, 0x19e5, 0x19e5, 0x19e5, 0x19e5, 0x19e5, 0x19e5, 0x19e5, 0x19e5,
    0x19e5, 0x19e5, 0x19e5, 0x19e5, 0x19e5, 0x19e5, 0x19e5, 0x19e5, 0x19e5, 0x19e5, 0x19e5, 0x19e5, 0x19e5, 0x19e5, 0x19e5, 0x19e5,
    0x19e5, 0x19e5, 0x19e5, 0x19e5, 0x19e5, 0x19e5, 0x19e5, 0x19e5, 0x19e5, 0x19e5, 0x19e5, 0x19e5, 0x19e5, 0x19e5, 0x19e5, 0x19e5,
    0x19e5, 0x19e5, 0x19e5, 0x19e5, 0x19e5, 0x19e5, 0x19e5, 0x19e5, 0x19e5, 0x19e5, 0x19e5, 0x19e5, 0x19e5, 0x19e5, 0x19e5, 0x19e5,
    0x19e5, 0x19e5, 0x19e5, 0x19e5, 0x19e5, 0x19e5, 0x19e5, 0x19e5, 0x19e5, 0x19e5, 0x19e5, 0x19e5, 0x19e5, 0x19e5, 0x19e5, 0x19e5,
    0x19e5, 0x19e5, 0x19e5, 0x19e5, 0x19e5, 0x19e5, 0x19e5, 0x19e5, 0x19e5, 0x19e5, 0x19e5, 0x19e5, 0x19e5, 0x19e5, 0x19e5, 0x19e5,
    0x19e5, 0x19e5, 0x19e5, 0x19e5, 0x19e5, 0x19e5, 0x19e5, 0x19e5, 0x19e5, 0x19e5, 0x19e5, 0x19e5, 0x19e5, 0x19e5, 0x19e5, 0x19e5,
    0x19e5, 0x19e5, 0x19e5, 0x19e5, 0x19e5, 0x19e5, 0x19e5, 0x19e5, 0x19e5, 0x19e5, 0x19e5, 0x19e5, 0x19e5, 0x19e5, 0x19e5, 0x19e5,
    0x19e5, 0x19e5, 0x19e5, 0x19e5, 0x19e5, 0x19e5, 0x19e5, 0x19e5, 0x19e5, 0x19e5, 0x19e5, 0x19e5, 0x19e5, 0x19e5, 0x19e5, 0x19e5,
    0x19e5, 0x19e5, 0x19e5, 0x19e5, 0x19e5, 0x19e5, 0x19e5, 0x19e5, 0x19e5, 0x19e5, 0x19e5, 0x19e5, 0x19e5, 0x19e5, 0x19e5, 0x19e5,
    0x19e5, 0x19e5, 0x19e5, 0x19e5, 0x19e5, 0x19e5, 0x19e5, 0x19e5, 0x19e5, 0x19e5, 0x19e5, 0x19e5, 0x19e5, 0x19e5, 0x19e5, 0x19e5,
    0x19e5, 0x19e5, 0x19e5, 0x19e5, 0x19e5, 0x19e5, 0x19e5, 0x19e5, 0x19e5, 0x19e5, 0x19e5, 0x19e5, 0x19e5, 0x19e5, 0x19e5, 0x19e5,
    0x19e5, 0x19e5, 0x19e5, 0x19e5, 0x19e5, 0x19e5, 0x19e5, 0x19e5, 0x19e5, 0x19e5, 0x19e5, 0x19e5, 0x19e5, 0x19e5, 0x19e5, 0x19e5,
    0x19e5, 0x19e5, 0x19e5, 0x19e5, 0x19e5, 0x19e5, 0x19e5, 0x19e5, 0x19e5, 0x19e5, 0x19e5, 0x19e5, 0x19e5, 0x19e5, 0x19e5, 0x19e5,
    0x19e5, 0x19e5, 0x19e5, 0x19e5, 0x19e5, 0x19e5, 0x19e5, 0x19e5, 0x19e5, 0x19e5, 0x19e5, 0x19e5, 0x19e5, 0x19e5, 0x19e5, 0x19e5,
    0x19e5, 0x19e5, 0x19e5, 0x19e5, 0x19e5, 0x19e5, 0x19e5, 0x19e5, 0x19e5, 0x19e5, 0x19e5, 0x19e5, 0x19e5, 0x19e5, 0x19e5, 0x19e5,
    0x19e5, 0x19e5, 0x19e5, 0x19e5, 0x19e5, 0x19e5, 0x19e5, 0x19e5, 0x19e5, 0x19e5, 0x19e5, 0x19e5, 0x19e5, 0x19e5, 0x19e5, 0x19e5,
    0x19e5, 0x19e5, 0x19e5, 0x19e5, 0x19e5, 0x19e5, 0x19e5, 0x19e5, 0x19e5, 0x19e5, 0x19e5, 0x19e5, 0x19e5, 0x19e5, 0x19e5, 0x19e5,
    0x19e5, 0x19e5, 0x19e5, 0x19e5, 0x19e5, 0x19e5, 0x19e5, 0x19e5, 0x19e5, 0x19e5, 0x19e5, 0x19e5, 0x19e5, 0x19e5, 0x19e5, 0x19e5,
    0x19e5, 0x19e5, 0x19e5, 0x19e5, 0x19e5, 0x19e5, 0x19e5, 0x19e5, 0x19e5, 0x19e5, 0x19e5, 0x19e5, 0x19e5, 0x19e5, 0x19e5, 0x19e5,
    0x19e5, 0x19e5, 0x19e5, 0x19e5, 0x19e5, 0x19e5, 0x19e5, 0x19e5, 0x19e5, 0x19e5, 0x19e5, 0x19e5, 0x19e5, 0x19e5, 0x19e5, 0x19e5,
    0x19e5, 0x19e5, 0x19e5, 0x19e5, 0x19e5, 0x19e5, 0x19e5, 0x19e5, 0x19e5, 0x19e5, 0x19e5, 0x19e5, 0x19e5, 0x19e5, 0x19e5, 0x19e5,
    0x19e5, 0x19e5, 0x19e5, 0x19e5, 0x19e5, 0x19e5, 0x19e5, 0x19e5, 0x19e5, 0x19e5, 0x19e5, 0x19e5, 0x19e5, 0x19e5, 0x19e5, 0x19e5,
    0x19e5, 0x19e5, 0x19e5, 0x19e5, 0x19e5, 0x19e5, 0x19e5, 0x19e5, 0x19e5, 0x19e5, 0x19e5, 0x19e5, 0x19e5, 0x19e5, 0x19e5, 0x19e5,
    0x19e5, 0x19e5, 0x19e5, 0x19e5, 0x19e5, 0x19e5, 0x19e5, 0x19e5, 0x19e5, 0x19e5, 0x19e5, 0x19e5, 0x19e5, 0x19e5, 0x19e5, 0x19e5,
    0x19e5, 0x19e5, 0x19e5, 0x19e5, 0x19e5, 0x19e5, 0x19e5, 0x19e5, 0x19e5, 0x19e5, 0x19e5, 0x19e5, 0x19e5, 0x19e5, 0x19e5, 0x19e5,
    0x19e5, 0x19e5, 0x19e5, 0x19e5, 0x19e5, 0x19e5, 0x19e5, 0x19e5, 0x19e5, 0x19e5, 0x19e5, 0x19e5, 0x19e5, 0x19e5, 0x19e5, 0x19e5,
    0x19e5, 0x19e5, 0x19e5, 0x19e5, 0x19e5, 0x19e5, 0x19e5, 0x19e5, 0x19e5, 0x19e5, 0x19e5, 0x19e5, 0x19e5, 0x19e5, 0x19e5, 0x19e5,
    0x19e5, 0x19e5, 0x19e5, 0x19e5, 0x19e5, 0x19e5, 0x19e5, 0x19e5, 0x19e5, 0x19e5, 0x19e5, 0x19e5, 0x19e5, 0x19e5, 0x19e5, 0x19e5,
    0x19e5, 0x19e5, 0x19e5, 0x19e5, 0x19e5, 0x19e5, 0x19e5, 0x19e5, 0x19e5, 0x19e5, 0x19e5, 0x19e5, 0x19e5, 0x19e5, 0x19e5, 0x19e5,
    0x19e5, 0x19e5, 0x19e5, 0x19e5, 0x19e5, 0x19e5, 0x19e5, 0x19e5, 0x19e5, 0x19e5, 0x19e5, 0x19e5, 0x19e5, 0x19e5, 0x19e5, 0x19e5,
    0x19e5, 0x19e5, 0x19e5, 0x19e5, 0x19e5, 0x19e5, 0x19e5, 0x19e5, 0x19e5, 0x19e5, 0x19e5, 0x19e5, 0x19e5, 0x19e5, 0x19e5, 0x19e5,
    0x19e5, 0x19e5, 0x19e5, 0x19e5, 0x19e5, 0x19e5, 0x19e5, 0x19e5, 0x19e5, 0x19e5, 0x19e5, 0x19e5, 0x19e5, 0x19e5, 0x19e5, 0x19e5,
    0x19e5, 0x19e5, 0x19e5, 0x19e5, 0x19e5, 0x19e5, 0x19e5, 0x19e5, 0x19e5, 0x19e5, 0x19e5, 0x19e5, 0x19e5, 0x19e5, 0x19e5, 0x19e5,
    0x19e5, 0x19e5, 0x19e5, 0x19e5, 0x19e5, 0x19e5, 0x19e5, 0x19e5, 0x19e5, 0x19e5, 0x19e5, 0x19e5, 0x19e5, 0x19e5, 0x19e5, 0x19e5,
    0x19e5, 0x19e5, 0x19e5, 0x19e5, 0x19e5, 0x19e5, 0x19e5, 0x19e5, 0x19e5, 0x19e5, 0x19e5, 0x19e5, 0x19e5, 0x19e5, 0x19e5, 0x19e5,
    0x19e5, 0x19e5, 0x19e5, 0x19e5, 0x19e5, 0x19e5, 0x19e5, 0x19e5, 0x19e5, 0x19e5, 0x19e5, 0x19e5, 0x19e5, 0x19e5, 0x19e5, 0x19e5,
    0x19e5, 0x19e5, 0x19e5, 0x19e5, 0x19e5, 0x19e5, 0x19e5, 0x19e5, 0x19e5, 0x19e5, 0x19e5, 0x19e5, 0x19e5, 0x19e5, 0x19e5, 0x19e5,
    0x19e5, 0x19e5, 0x19e5, 0x19e5, 0x19e5, 0x19e5, 0x19e5, 0x19e5, 0x19e5, 0x19e5, 0x19e5, 0x19e5, 0x19e5, 0x19e5, 0x19e5, 0x19e5,
    0x19e5, 0x19e5, 0x19e5, 0x19e5, 0x19e5, 0x19e5, 0x19e5, 0x19e5, 0x19e5, 0x19e5, 0x19e5, 0x19e5, 0x19e5, 0x19e5, 0x19e5, 0x19e5,
    0x19e5, 0x19e5, 0x19e5, 0x19e5, 0x19e5, 0x19e5, 0x19e5, 0x19e5, 0x19e5, 0x19e5, 0x19e5, 0x19e5, 0x19e5, 0x19e5, 0x19e5, 0x19e5,
    0x19e5, 0x19e5, 0x19e5, 0x19e5, 0x19e5, 0x19e5, 0x19e5, 0x19e5, 0x19e5, 0x19e5, 0x19e5, 0x19e5, 0x19e5, 0x19e5, 0x19e5, 0x19e5,
    0x19e5, 0x19e5, 0x19e5, 0x19e5, 0x19e5, 0x19e5, 0x19e5, 0x19e5, 0x19e5, 0x19e5, 0x19e5, 0x19e5, 0x19e5, 0x19e5, 0x19e5, 0x19e5,
    0x19e5, 0x19e5, 0x19e5, 0x19e5, 0x19e5, 0x19e5, 0x19e5, 0x19e5, 0x19e5, 0x19e5, 0x19e5, 0x19e5, 0x19e5, 0x19e5, 0x19e5, 0x19e5,
    0x19e5, 0x19e5, 0x19e5, 0x19e5, 0x19e5, 0x19e5, 0x19e5, 0x19e5, 0x19e5, 0x19e5, 0x19e5, 0x19e5, 0x19e5, 0x19e5, 0x19e5, 0x19e5,
    0x19e5, 0x19e5, 0x19e5, 0x19e5, 0x19e5, 0x19e5, 0x19e5, 0x19e5, 0x19e5, 0x19e5, 0x19e5, 0x19e5, 0x19e5, 0x19e5, 0x19e5, 0x19e5,
    0x19e5, 0x19e5, 0x19e5, 0x19e5, 0x19e5, 0x19e5, 0x19e5, 0x19e5, 0x19e5, 0x19e5, 0x19e5, 0x19e5, 0x19e5, 0x19e5, 0x19e5, 0x19e5,
    0x19e5, 0x19e5, 0x19e5, 0x19e5, 0x19e5, 0x19e5, 0x19e5, 0x19e5, 0x19e5, 0x19e5, 0x19e5, 0x19e5, 0x19e5, 0x19e5, 0x19e5, 0x19e5,
    0x19e5, 0x19e5, 0x19e5, 0x19e5, 0x19e5, 0x19e5, 0x19e5, 0x19e5, 0x19e5, 0x19e5, 0x19e5, 0x19e5, 0x19e5, 0x19e5, 0x19e5, 0x19e5,
    0x19e5, 0x19e5, 0x19e5, 0x19e5, 0x19e5, 0x19e5, 0x19e5, 0x19e5, 0x19e5, 0x19e5, 0x19e5, 0x19e5, 0x19e5, 0x19e5, 0x19e5, 0x19e5,
    0x19e5, 0x19e5, 0x19e5, 0x19e5, 0x19e5, 0x19e5, 0x19e5, 0x19e5, 0x19e5, 0x19e5, 0x19e5, 0x19e5, 0x19e5, 0x19e5, 0x19e5, 0x19e5,
    0x19e5, 0x19e5, 0x19e5, 0x19e5, 0x19e5, 0x19e5, 0x19e5, 0x19e5, 0x19e5, 0x19e5, 0x19e5, 0x19e5, 0x19e5, 0x19e5, 0x19e5, 0x19e5,
    0x19e5, 0x19e5, 0x19e5, 0x19e5, 0x19e5, 0x19e5, 0x19e5, 0x19e5, 0x19e5, 0x19e5, 0x19e5, 0x19e5, 0x19e5, 0x19e5, 0x19e5, 0x19e5,
    0x19e5, 0x19e5, 0x19e5, 0x19e5, 0x19e5, 0x19e5, 0x19e5, 0x19e5, 0x19e5, 0x19e5, 0x19e5, 0x19e5, 0x19e5, 0x19e5, 0x19e5, 0x19e5,
    0x19e5, 0x19e5, 0x19e5, 0x19e5, 0x19e5, 0x19e5, 0x19e5, 0x19e5, 0x19e5, 0x19e5, 0x19e5, 0x19e5, 0x19e5, 0x19e5, 0x19e5, 0x19e5,
    0x19e5, 0x19e5, 0x19e5, 0x19e5, 0x19e5, 0x19e5, 0x19e5, 0x19e5, 0x19e5, 0x19e5, 0x19e5, 0x19e5, 0x19e5, 0x19e5, 0x19e5, 0x19e5,
    0x19e5, 0x19e5, 0x19e5, 0x19e5, 0x19e5, 0x19e5, 0x19e5, 0x19e5, 0x19e5, 0x19e5, 0x19e5, 0x19e5, 0x19e5, 0x19e5, 0x19e5, 0x19e5,
    0x19e5, 0x19e5, 0x19e5, 0x19e5, 0x19e5, 0x19e5, 0x19e5, 0x19e5, 0x19e5, 0x19e5, 0x19e5, 0x19e5, 0x19e5, 0x19e5, 0x19e5, 0x19e5,
    0x19e5, 0x19e5, 0x19e5, 0x19e5, 0x19e5, 0x19e5, 0x19e5, 0x19e5, 0x19e5, 0x19e5, 0x19e5, 0x19e5, 0x19e5, 0x19e5, 0x19e5, 0x19e5,
    0x19e5, 0x19e5, 0x19e5, 0x19e5, 0x19e5, 0x19e5, 0x19e5, 0x19e5, 0x19e5, 0x19e5, 0x19e5, 0x19e5, 0x19e5, 0x19e5, 0x19e5, 0x19e5,
    0x19e5, 0x19e5, 0x19e5, 0x19e5, 0x19e5, 0x19e5, 0x19e5, 0x19e5, 0x19e5, 0x19e5, 0x19e5, 0x19e5, 0x19e5, 0x19e5, 0x19e5, 0x19e5,
    0x19e5, 0x19e5, 0x19e5, 0x19e5, 0x19e5, 0x19e5, 0x19e5, 0x19e5, 0x19e5, 0x19e5, 0x19e5, 0x19e5, 0x19e5, 0x19e5, 0x19e5, 0x19e5,
    0x19e5, 0x19e5, 0x19e5, 0x19e5, 0x19e5, 0x19e5, 0x19e5, 0x19e5, 0x19e5, 0x19e5, 0x19e5, 0x19e5, 0x19e5, 0x19e5, 0x19e5, 0x19e5,
    0x19e5, 0x19e5, 0x19e5, 0x19e5, 0x19e5, 0x19e5, 0x19e5, 0x19e5, 0x19e5, 0x19e5, 0x19e5, 0x19e5, 0x19e5, 0x19e5, 0x19e5, 0x19e5,
    0x19e5, 0x19e5, 0x19e5, 0x19e5, 0x19e5, 0x19e5, 0x19e5, 0x19e5, 0x19e5, 0x19e5, 0x19e5, 0x19e5, 0x19e5, 0x19e5, 0x19e5, 0x19e5,
    0x19e5, 0x19e5, 0x19e5, 0x19e5, 0x19e5, 0x19e5, 0x19e5, 0x19e5, 0x19e5, 0x19e5, 0x19e5, 0x19e5, 0x19e5, 0x19e5, 0x19e5, 0x19e5,
    0x19e5, 0x19e5, 0x19e5, 0x19e5, 0x19e5, 0x19e5, 0x19e5, 0x19e5, 0x19e5, 0x19e5, 0x19e5, 0x19e5, 0x19e5, 0x19e5, 0x19e5, 0x19e5,
    0x19e5, 0x19e5, 0x19e5, 0x19e5, 0x19e5, 0x19e5, 0x19e5, 0x19e5, 0x19e5, 0x19e5, 0x19e5, 0x19e5, 0x19e5, 0x19e5, 0x19e5, 0x19e5,
    0x19e5, 0x19e5, 0x19e5, 0x19e5, 0x19e5, 0x19e5, 0x19e5, 0x19e5, 0x19e5, 0x19e5, 0x19e5, 0x19e5, 0x19e5, 0x19e5, 0x19e5, 0x19e5,
    0x19e5, 0x19e5, 0x19e5, 0x19e5, 0x19e5, 0x19e5, 0x19e5, 0x19e5, 0x19e5, 0x19e5, 0x19e5, 0x19e5, 0x19e5, 0x19e5, 0x19e5, 0x19e5,
    0x19e5, 0x19e5, 0x19e5, 0x19e5, 0x19e5, 0x19e5, 0x19e5, 0x19e5, 0x19e5, 0x19e5, 0x19e5, 0x19e5, 0x19e5, 0x19e5, 0x19e5, 0x19e5,
    0x19e5, 0x19e5, 0x19e5, 0x19e5, 0x19e5, 0x19e5, 0x19e5, 0x19e5, 0x19e5, 0x19e5, 0x19e5, 0x19e5, 0x19e5, 0x19e5, 0x19e5, 0x19e5,
    0x19e5, 0x19e5, 0x19e5, 0x19e5, 0x19e5, 0x19e5, 0x19e5, 0x19e5, 0x19e5, 0x19e5, 0x19e5, 0x19e5, 0x19e5, 0x19e5, 0x19e5, 0x19e5,
    0x19e5, 0x19e5, 0x19e5, 0x19e5, 0x19e5, 0x19e5, 0x19e5, 0x19e5, 0x19e5, 0x19e5, 0x19e5, 0x19e5, 0x19e5, 0x19e5, 0x19e5, 0x19e5,
    0x19e5, 0x19e5, 0x19e5, 0x19e5, 0x19e5, 0x19e5, 0x19e5, 0x19e5, 0x19e5, 0x19e5, 0x19e5, 0x19e5, 0x19e5, 0x19e5, 0x19e5, 0x19e5,
    0x19e5, 0x19e5, 0x19e5, 0x19e5, 0x19e5, 0x19e5, 0x19e5, 0x19e5, 0x19e5, 0x19e5, 0x19e5, 0x19e5, 0x19e5, 0x19e5, 0x19e5, 0x19e5,
    0x19e5, 0x19e5, 0x19e5, 0x19e5, 0x19e5, 0x19e5, 0x19e5, 0x19e5, 0x19e5, 0x19e5, 0x19e5, 0x19e5, 0x19e5, 0x19e5, 0x19e5, 0x19e5,
    0x19e5, 0x19e5, 0x19e5, 0x19e5, 0x19e5, 0x19e5, 0x19e5, 0x19e5, 0x19e5, 0x19e5, 0x19e5, 0x19e5, 0x19e5, 0x19e5, 0x19e5, 0x19e5,
    0x19e5, 0x19e5, 0x19e5, 0x19e5, 0x19e5, 0x19e5, 0x19e5, 0x19e5, 0x19e5, 0x19e5, 0x19e5, 0x19e5, 0x19e5, 0x19e5, 0x19e5, 0x19e5,
    0x19e5, 0x19e5, 0x19e5, 0x19e5, 0x19e5, 0x19e5, 0x19e5, 0x19e5, 0x19e5, 0x19e5, 0x19e5, 0x19e5, 0x19e5, 0x19e5, 0x19e5, 0x19e5,
    0x19e5, 0x19e5, 0x19e5, 0x19e5, 0x19e5, 0x19e5, 0x19e5, 0x19e5, 0x19e5, 0x19e5, 0x19e5, 0x19e5, 0x19e5, 0x19e5, 0x19e5, 0x19e5,
    0x19e5, 0x19e5, 0x19e5, 0x19e5, 0x19e5, 0x19e5, 0x19e5, 0x19e5, 0x19e5, 0x19e5, 0x19e5, 0x19e5, 0x19e5, 0x19e5, 0x19e5, 0x19e5,
    0x19e5, 0x19e5, 0x19e5, 0x19e5, 0x19e5, 0x19e5, 0x19e5, 0x19e5, 0x19e5, 0x19e5, 0x19e5, 0x19e5, 0x19e5, 0x19e5, 0x19e5, 0x19e5,
    0x19e5, 0x19e5, 0x19e5, 0x19e5, 0x19e5, 0x19e5, 0x19e5, 0x19e5, 0x19e5, 0x19e5, 0x19e5, 0x19e5, 0x19e5, 0x19e5, 0x19e5, 0x19e5,
    0x19e5, 0x19e5, 0x19e5, 0x19e5, 0x19e5, 0x19e5, 0x19e5, 0x19e5, 0x19e5, 0x19e5, 0x19e5, 0x19e5, 0x19e5, 0x19e5, 0x19e5, 0x19e5,
    0x19e5, 0x19e5, 0x19e5, 0x19e5, 0x19e5, 0x19e5, 0x19e5, 0x19e5, 0x19e5, 0x19e5, 0x19e5, 0x19e5, 0x19e5, 0x19e5, 0x19e5, 0x19e5,
    0x19e5, 0x19e5, 0x19e5, 0x19e5, 0x19e5, 0x19e5, 0x19e5, 0x19e5, 0x19e5, 0x19e5, 0x19e5, 0x19e5, 0x19e5, 0x19e5, 0x19e5, 0x19e5,
    0x19e5, 0x19e5, 0x19e5, 0x19e5, 0x19e5, 0x19e5, 0x19e5, 0x19e5, 0x19e5, 0x19e5, 0x19e5, 0x19e5, 0x19e5, 0x19e5, 0x19e5, 0x19e5,
    0x19e5, 0x19e5, 0x19e5, 0x19e5, 0x19e5, 0x19e5, 0x19e5, 0x19e5, 0x19e5, 0x19e5, 0x19e5, 0x19e5, 0x19e5, 0x19e5, 0x19e5, 0x19e5,
    0x19e5, 0x19e5, 0x19e5, 0x19e5, 0x19e5, 0x19e5, 0x19e5, 0x19e5, 0x19e5, 0x19e5, 0x19e5, 0x19e5, 0x19e5, 0x19e5, 0x19e5, 0x19e5,
    0x19e5, 0x19e5, 0x19e5, 0x19e5, 0x19e5, 0x19e5, 0x19e5, 0x19e5, 0x19e5, 0x19e5, 0x19e5, 0x19e5, 0x19e5, 0x19e5, 0x19e5, 0x19e5,
    0x19e5, 0x19e5, 0x19e5, 0x19e5, 0x19e5, 0x19e5, 0x19e5, 0x19e5, 0x19e5, 0x19e5, 0x19e5, 0x19e5, 0x19e5, 0x19e5, 0x19e5, 0x19e5,
    0x19e5, 0x19e5, 0x19e5, 0x19e5, 0x19e5, 0x19e5, 0x19e5, 0x19e5, 0x19e5, 0x19e5, 0x19e5, 0x19e5, 0x19e5, 0x19e5, 0x19e5, 0x19e5,
    0x19e5, 0x19e5, 0x19e5, 0x19e5, 0x19e5, 0x19e5, 0x19e5, 0x19e5, 0x19e5, 0x19e5, 0x19e5, 0x19e5, 0x19e5, 0x19e5, 0x19e5, 0x19e5,
    0x19e5, 0x19e5, 0x19e5, 0x19e5, 0x19e5, 0x19e5, 0x19e5, 0x19e5, 0x19e5, 0x19e5, 0x19e5, 0x19e5, 0x19e5, 0x19e5, 0x19e5, 0x19e5,
    0x19e5, 0x19e5, 0x19e5, 0x19e5, 0x19e5, 0x19e5, 0x19e5, 0x19e5, 0x19e5, 0x19e5, 0x19e5, 0x19e5, 0x19e5, 0x19e5, 0x19e5, 0x19e5,
    0x19e5, 0x19e5, 0x19e5, 0x19e5, 0x19e5, 0x19e5, 0x19e5, 0x19e5, 0x19e5, 0x19e5, 0x19e5, 0x19e5, 0x19e5, 0x19e5, 0x19e5, 0x19e5,
    0x19e5, 0x19e5, 0x19e5, 0x19e5, 0x19e5, 0x19e5, 0x19e5, 0x19e5, 0x19e5, 0x19e5, 0x19e5, 0x19e5, 0x19e5, 0x19e5, 0x19e5, 0x19e5,
    0x19e5, 0x19e5, 0x19e5, 0x19e5, 0x19e5, 0x19e5, 0x19e5, 0x19e5, 0x19e5, 0x19e5, 0x19e5, 0x19e5, 0x19e5, 0x19e5, 0x19e5, 0x19e5,
    0x19e5, 0x19e5, 0x19e5, 0x19e5, 0x19e5, 0x19e5, 0x19e5, 0x19e5, 0x19e5, 0x19e5, 0x19e5, 0x19e5, 0x19e5, 0x19e5, 0x19e5, 0x19e5,
    0x19e5, 0x19e5, 0x19e5, 0x19e5, 0x19e5, 0x19e5, 0x19e5, 0x19e5, 0x19e5, 0x19e5, 0x19e5, 0x19e5, 0x19e5, 0x19e5, 0x19e5, 0x19e5,
    0x19e5, 0x19e5, 0x19e5, 0x19e5, 0x21e5, 0x19e5, 0x19e5, 0x19e5, 0x19e5, 0x19c5, 0x19c5, 0x19c5, 0x19c5, 0x19c5, 0x19c5, 0x19c5,
    0x19c5, 0x19c5, 0x19c5, 0x19c5, 0x19c5, 0x19c5, 0x19e5, 0x19e5, 0x19e5, 0x19e5, 0x19e5, 0x19e5, 0x19e5, 0x19e5, 0x19e5, 0x19e5,
    0x19e5, 0x19e5, 0x19e5, 0x19e5, 0x19e5, 0x19e5, 0x19e5, 0x19e5, 0x19e5, 0x19e5, 0x19e5, 0x19e5, 0x19e5, 0x19e5, 0x19e5, 0x19e5,
    0x19e5, 0x19e5, 0x19e5, 0x19e5, 0x19e5, 0x19e5, 0x19e5, 0x19e5, 0x19e5, 0x19e5, 0x19e5, 0x19e5, 0x19e5, 0x19e5, 0x19e5, 0x19e5,
    0x19e5, 0x19e5, 0x19e5, 0x19e5, 0x19e5, 0x19e5, 0x19e5, 0x19e5, 0x19e5, 0x19e5, 0x19e5, 0x19e5, 0x19e5, 0x19e5, 0x19e5, 0x19e5,
    0x19e5, 0x19e5, 0x19e5, 0x19e5, 0x19e5, 0x19e5, 0x19e5, 0x19e5, 0x19e5, 0x19e5, 0x19e5, 0x19e5, 0x19e5, 0x19e5, 0x19e5, 0x19e5,
    0x19e5, 0x19e5, 0x19e5, 0x19e5, 0x19e5, 0x19e5, 0x19e5, 0x19e5, 0x19e5, 0x19e5, 0x19e5, 0x19e5, 0x19e5, 0x19e5, 0x19e5, 0x19e5,
    0x19e5, 0x19e5, 0x19e5, 0x19e5, 0x19e5, 0x19e5, 0x19e5, 0x19e5, 0x19e5, 0x19e5, 0x19e5, 0x19e5, 0x19e5, 0x19e5, 0x19e5, 0x19e5,
    0x19e5, 0x19e5, 0x19e5, 0x19e5, 0x19e5, 0x19e5, 0x19e5, 0x19e5, 0x19e5, 0x19e5, 0x19e5, 0x19e5, 0x19e5, 0x19e5, 0x19e5, 0x19e5,
    0x19e5, 0x19e5, 0x19e5, 0x19e5, 0x19e5, 0x19e5, 0x19e5, 0x19e5, 0x19e5, 0x19e5, 0x19e5, 0x19e5, 0x19e5, 0x19e5, 0x19e5, 0x19e5,
    0x19e5, 0x19e5, 0x19e5, 0x19e5, 0x19e5, 0x19e5, 0x19e5, 0x19e5, 0x19e5, 0x19e5, 0x19e5, 0x19e5, 0x19e5, 0x19e5, 0x19e5, 0x19e5,
    0x19e5, 0x19e5, 0x19e5, 0x19e5, 0x19e5, 0x19e5, 0x19e5, 0x19e5, 0x19e5, 0x19e5, 0x19e5, 0x19e5, 0x19e5, 0x19e5, 0x19e5, 0x19e5,
    0x19e5, 0x19e5, 0x19e5, 0x19e5, 0x19e5, 0x19e5, 0x19e5, 0x19e5, 0x19e5, 0x19e5, 0x19e5, 0x19e5, 0x19e5, 0x19e5, 0x19e5, 0x19e5,
    0x19e5, 0x19e5, 0x19e5, 0x19e5, 0x19e5, 0x19e5, 0x19e5, 0x19e5, 0x19e5, 0x19e5, 0x19e5, 0x19e5, 0x19e5, 0x19e5, 0x19e5, 0x19e5,
    0x19e5, 0x19e5, 0x19e5, 0x19e5, 0x19e5, 0x19e5, 0x19e5, 0x19e5, 0x19e5, 0x19e5, 0x19e5, 0x19e5, 0x19e5, 0x19e5, 0x19e5, 0x21e5,
    0x19e5, 0x19e5, 0x19c5, 0x19c5, 0x19c5, 0x19c5, 0x19e5, 0x21e5, 0x2206, 0x2226, 0x2246, 0x2a46, 0x2a66, 0x2a67, 0x2a67, 0x2a67,
    0x2a67, 0x2a67, 0x2a67, 0x2a46, 0x2a46, 0x2226, 0x2206, 0x2206, 0x19e5, 0x19c5, 0x19c5, 0x19c5, 0x19c5, 0x19e5, 0x19e5, 0x19e5,
    0x19e5, 0x19e5, 0x19e5, 0x19e5, 0x19e5, 0x19e5, 0x19e5, 0x19e5, 0x19e5, 0x19e5, 0x19e5, 0x19e5, 0x19e5, 0x19e5, 0x19e5, 0x19e5,
    0x19e5, 0x19e5, 0x19e5, 0x19e5, 0x19e5, 0x19e5, 0x19e5, 0x19e5, 0x19e5, 0x19e5, 0x19e5, 0x19e5, 0x19e5, 0x19e5, 0x19e5, 0x19e5,
    0x19e5, 0x19e5, 0x19e5, 0x19e5, 0x19e5, 0x19e5, 0x19e5, 0x19e5, 0x19e5, 0x19e5, 0x19e5, 0x19e5, 0x19e5, 0x19e5, 0x19e5, 0x19e5,
    0x19e5, 0x19e5, 0x19e5, 0x19e5, 0x19e5, 0x19e5, 0x19e5, 0x19e5, 0x19e5, 0x19e5, 0x19e5, 0x19e5, 0x19e5, 0x19e5, 0x19e5, 0x19e5,
    0x19e5, 0x19e5, 0x19e5, 0x19e5, 0x19e5, 0x19e5, 0x19e5, 0x19e5, 0x19e5, 0x19e5, 0x19e5, 0x19e5, 0x19e5, 0x19e5, 0x19e5, 0x19e5,
    0x19e5, 0x19e5, 0x19e5, 0x19e5, 0x19e5, 0x19e5, 0x19e5, 0x19e5, 0x19e5, 0x19e5, 0x19e5, 0x19e5, 0x19e5, 0x19e5, 0x19e5, 0x19e5,
    0x19e5, 0x19e5, 0x19e5, 0x19e5, 0x19e5, 0x19e5, 0x19e5, 0x19e5, 0x19e5, 0x19e5, 0x19e5, 0x19e5, 0x19e5, 0x19e5, 0x19e5, 0x19e5,
    0x19e5, 0x19e5, 0x19e5, 0x19e5, 0x19e5, 0x19e5, 0x19e5, 0x19e5, 0x19e5, 0x19e5, 0x19e5, 0x19e5, 0x19e5, 0x19e5, 0x19e5, 0x19e5,
    0x19e5, 0x19e5, 0x19e5, 0x19e5, 0x19e5, 0x19e5, 0x19e5, 0x19e5, 0x19e5, 0x19e5, 0x19e5, 0x19e5, 0x19e5, 0x19e5, 0x19e5, 0x19e5,
    0x19e5, 0x19e5, 0x19e5, 0x19e5, 0x19e5, 0x19e5, 0x19e5, 0x19e5, 0x19e5, 0x19e5, 0x19e5, 0x19e5, 0x19e5, 0x19e5, 0x19e5, 0x19e5,
    0x19e5, 0x19e5, 0x19e5, 0x19e5, 0x19e5, 0x19e5, 0x19e5, 0x19e5, 0x19e5, 0x19e5, 0x19e5, 0x19e5, 0x19e5, 0x19e5, 0x19e5, 0x19e5,
    0x19e5, 0x19e5, 0x19e5, 0x19e5, 0x19e5, 0x19e5, 0x19e5, 0x19e5, 0x19e5, 0x19e5, 0x19e5, 0x19e5, 0x19e5, 0x19e5, 0x19e5, 0x19e5,
    0x19e5, 0x19e5, 0x19e5, 0x19e5, 0x19e5, 0x19e5, 0x19e5, 0x19e5, 0x19e5, 0x19e5, 0x19e5, 0x19e5, 0x19e5, 0x19e5, 0x19c5, 0x19c5,
    0x19c5, 0x21e5, 0x2226, 0x2a46, 0x2a87, 0x32c7, 0x3ae8, 0x3b08, 0x3b28, 0x3b29, 0x3b29, 0x4349, 0x4349, 0x4349, 0x4349, 0x4349,
    0x4349, 0x4349, 0x4349, 0x4349, 0x3b49, 0x3b29, 0x3b29, 0x3b08, 0x3b08, 0x32c8, 0x32a7, 0x2a67, 0x2226, 0x2206, 0x19e5, 0x19c5,
    0x19c5, 0x19e5, 0x19e5, 0x21e5, 0x19e5, 0x19e5, 0x19e5, 0x19e5, 0x19e5, 0x19e5, 0x19e5, 0x19e5, 0x19e5, 0x19e5, 0x19e5, 0x19e5,
    0x19e5, 0x19e5, 0x19e5, 0x19e5, 0x19e5, 0x19e5, 0x19e5, 0x19e5, 0x19e5, 0x19e5, 0x19e5, 0x19e5, 0x19e5, 0x19e5, 0x19e5, 0x19e5,
    0x19e5, 0x19e5, 0x19e5, 0x19e5, 0x19e5, 0x19e5, 0x19e5, 0x19e5, 0x19e5, 0x19e5, 0x19e5, 0x19e5, 0x19e5, 0x19e5, 0x19e5, 0x19e5,
    0x19e5, 0x19e5, 0x19e5, 0x19e5, 0x19e5, 0x19e5, 0x19e5, 0x19e5, 0x19e5, 0x19e5, 0x19e5, 0x19e5, 0x19e5, 0x19e5, 0x19e5, 0x19e5,
    0x19e5, 0x19e5, 0x19e5, 0x19e5, 0x19e5, 0x19e5, 0x19e5, 0x19e5, 0x19e5, 0x19e5, 0x19e5, 0x19e5, 0x19e5, 0x19e5, 0x19e5, 0x19e5,
    0x19e5, 0x19e5, 0x19e5, 0x19e5, 0x19e5, 0x19e5, 0x19e5, 0x19e5, 0x19e5, 0x19e5, 0x19e5, 0x19e5, 0x19e5, 0x19e5, 0x19e5, 0x19e5,
    0x19e5, 0x19e5, 0x19e5, 0x19e5, 0x19e5, 0x19e5, 0x19e5, 0x19e5, 0x19e5, 0x19e5, 0x19e5, 0x19e5, 0x19e5, 0x19e5, 0x19e5, 0x19e5,
    0x19e5, 0x19e5, 0x19e5, 0x19e5, 0x19e5, 0x19e5, 0x19e5, 0x19e5, 0x19e5, 0x19e5, 0x19e5, 0x19e5, 0x19e5, 0x19e5, 0x19e5, 0x19e5,
    0x19e5, 0x19e5, 0x19e5, 0x19e5, 0x19e5, 0x19e5, 0x19e5, 0x19e5, 0x19e5, 0x19e5, 0x19e5, 0x19e5, 0x19e5, 0x19e5, 0x19e5, 0x19e5,
    0x19e5, 0x19e5, 0x19e5, 0x19e5, 0x19e5, 0x19e5, 0x19e5, 0x19e5, 0x19e5, 0x19e5, 0x19e5, 0x19e5, 0x19e5, 0x19e5, 0x19e5, 0x19e5,
    0x19e5, 0x19e5, 0x19e5, 0x19e5, 0x19e5, 0x19e5, 0x19e5, 0x19e5, 0x19e5, 0x19e5, 0x19e5, 0x19e5, 0x19e5, 0x19e5, 0x19e5, 0x19e5,
    0x19e5, 0x19e5, 0x19e5, 0x19e5, 0x19e5, 0x19e5, 0x19e5, 0x19e5, 0x19e5, 0x19e5, 0x19e5, 0x19e5, 0x19e5, 0x19e5, 0x19e5, 0x19e5,
    0x19e5, 0x19e5, 0x19e5, 0x19e5, 0x19e5, 0x19e5, 0x19e5, 0x19e5, 0x19e5, 0x19e5, 0x19e5, 0x19c5, 0x19c5, 0x21e5, 0x2226, 0x2a87,
    0x32c8, 0x3b08, 0x3b29, 0x4349, 0x4349, 0x4349, 0x3b49, 0x3b29, 0x3b29, 0x3b29, 0x3b29, 0x3b29, 0x3b29, 0x3b29, 0x3b29, 0x3b29,
    0x3b29, 0x3b29, 0x3b29, 0x3b29, 0x3b29, 0x3b29, 0x3b29, 0x3b29, 0x3b29, 0x4349, 0x4349, 0x4349, 0x3b49, 0x3b28, 0x3ae8, 0x32a7,
    0x2a66, 0x2206, 0x19e5, 0x19c5, 0x19c5, 0x19e5, 0x21e5, 0x19e5, 0x19e5, 0x19e5, 0x19e5, 0x19e5, 0x19e5, 0x19e5, 0x19e5, 0x19e5,
    0x19e5, 0x19e5, 0x19e5, 0x19e5, 0x19e5, 0x19e5, 0x19e5, 0x19e5, 0x19e5, 0x19e5, 0x19e5, 0x19e5, 0x19e5, 0x19e5, 0x19e5, 0x19e5,
    0x19e5, 0x19e5, 0x19e5, 0x19e5, 0x19e5, 0x19e5, 0x19e5, 0x19e5, 0x19e5, 0x19e5, 0x19e5, 0x19e5, 0x19e5, 0x19e5, 0x19e5, 0x19e5,
    0x19e5, 0x19e5, 0x19e5, 0x19e5, 0x19e5, 0x19e5, 0x19e5, 0x19e5, 0x19e5, 0x19e5, 0x19e5, 0x19e5, 0x19e5, 0x19e5, 0x19e5, 0x19e5,
    0x19e5, 0x19e5, 0x19e5, 0x19e5, 0x19e5, 0x19e5, 0x19e5, 0x19e5, 0x19e5, 0x19e5, 0x19e5, 0x19e5, 0x19e5, 0x19e5, 0x19e5, 0x19e5,
    0x19e5, 0x19e5, 0x19e5, 0x19e5, 0x19e5, 0x19e5, 0x19e5, 0x19e5, 0x19e5, 0x19e5, 0x19e5, 0x19e5, 0x19e5, 0x19e5, 0x19e5, 0x19e5,
    0x19e5, 0x19e5, 0x19e5, 0x19e5, 0x19e5, 0x19e5, 0x19e5, 0x19e5, 0x19e5, 0x19e5, 0x19e5, 0x19e5, 0x19e5, 0x19e5, 0x19e5, 0x19e5,
    0x19e5, 0x19e5, 0x19e5, 0x19e5, 0x19e5, 0x19e5, 0x19e5, 0x19e5, 0x19e5, 0x19e5, 0x19e5, 0x19e5, 0x19e5, 0x19e5, 0x19e5, 0x19e5,
    0x19e5, 0x19e5, 0x19e5, 0x19e5, 0x19e5, 0x19e5, 0x19e5, 0x19e5, 0x19e5, 0x19e5, 0x19e5, 0x19e5, 0x19e5, 0x19e5, 0x19e5, 0x19e5,
    0x19e5, 0x19e5, 0x19e5, 0x19e5, 0x19e5, 0x19e5, 0x19e5, 0x19e5, 0x19e5, 0x19e5, 0x19e5, 0x19e5, 0x19e5, 0x19e5, 0x19e5, 0x19e5,
    0x19e5, 0x19e5, 0x19e5, 0x19e5, 0x19e5, 0x19e5, 0x19e5, 0x19e5, 0x19e5, 0x19e5, 0x19e5, 0x19e5, 0x19e5, 0x19e5, 0x19e5, 0x19e5,
    0x19e5, 0x19e5, 0x19e5, 0x19e5, 0x19e5, 0x19e5, 0x19e5, 0x19e5, 0x19e5, 0x19e5, 0x19e5, 0x19e5, 0x19e5, 0x19e5, 0x19e5, 0x19e5,
    0x19e5, 0x19e5, 0x19e5, 0x19e5, 0x19e5, 0x19e5, 0x19e5, 0x19e5, 0x19c5, 0x19c5, 0x2206, 0x2a67, 0x32c8, 0x3b08, 0x3b49, 0x4349,
    0x4349, 0x3b29, 0x3b29, 0x3b29, 0x3b29, 0x3b29, 0x3b29, 0x3b29, 0x3b29, 0x3b29, 0x3b29, 0x3b29, 0x3b29, 0x3b29, 0x3b29, 0x3b29,
    0x3b29, 0x3b29, 0x3b29, 0x3b29, 0x3b29, 0x3b29, 0x3b29, 0x3b29, 0x3b29, 0x3b29, 0x3b29, 0x3b29, 0x3b29, 0x3b29, 0x3b49, 0x4349,
    0x4349, 0x3b28, 0x3ae8, 0x2a87, 0x2226, 0x19e5, 0x19c5, 0x19c5, 0x19e5, 0x21e5, 0x19e5, 0x19e5, 0x19e5, 0x19e5, 0x19e5, 0x19e5,
    0x19e5, 0x19e5, 0x19e5, 0x19e5, 0x19e5, 0x19e5, 0x19e5, 0x19e5, 0x19e5, 0x19e5, 0x19e5, 0x19e5, 0x19e5, 0x19e5, 0x19e5, 0x19e5,
    0x19e5, 0x19e5, 0x19e5, 0x19e5, 0x19e5, 0x19e5, 0x19e5, 0x19e5, 0x19e5, 0x19e5, 0x19e5, 0x19e5, 0x19e5, 0x19e5, 0x19e5, 0x19e5,
    0x19e5, 0x19e5, 0x19e5, 0x19e5, 0x19e5, 0x19e5, 0x19e5, 0x19e5, 0x19e5, 0x19e5, 0x19e5, 0x19e5, 0x19e5, 0x19e5, 0x19e5, 0x19e5,
    0x19e5, 0x19e5, 0x19e5, 0x19e5, 0x19e5, 0x19e5, 0x19e5, 0x19e5, 0x19e5, 0x19e5, 0x19e5, 0x19e5, 0x19e5, 0x19e5, 0x19e5, 0x19e5,
    0x19e5, 0x19e5, 0x19e5, 0x19e5, 0x19e5, 0x19e5, 0x19e5, 0x19e5, 0x19e5, 0x19e5, 0x19e5, 0x19e5, 0x19e5, 0x19e5, 0x19e5, 0x19e5,
    0x19e5, 0x19e5, 0x19e5, 0x19e5, 0x19e5, 0x19e5, 0x19e5, 0x19e5, 0x19e5, 0x19e5, 0x19e5, 0x19e5, 0x19e5, 0x19e5, 0x19e5, 0x19e5,
    0x19e5, 0x19e5, 0x19e5, 0x19e5, 0x19e5, 0x19e5, 0x19e5, 0x19e5, 0x19e5, 0x19e5, 0x19e5, 0x19e5, 0x19e5, 0x19e5, 0x19e5, 0x19e5,
    0x19e5, 0x19e5, 0x19e5, 0x19e5, 0x19e5, 0x19e5, 0x19e5, 0x19e5, 0x19e5, 0x19e5, 0x19e5, 0x19e5, 0x19e5, 0x19e5, 0x19e5, 0x19e5,
    0x19e5, 0x19e5, 0x19e5, 0x19e5, 0x19e5, 0x19e5, 0x19e5, 0x19e5, 0x19e5, 0x19e5, 0x19e5, 0x19e5, 0x19e5, 0x19e5, 0x19e5, 0x19e5,
    0x19e5, 0x19e5, 0x19e5, 0x19e5, 0x19e5, 0x19e5, 0x19e5, 0x19e5, 0x19e5, 0x19e5, 0x19e5, 0x19e5, 0x19e5, 0x19e5, 0x19e5, 0x19e5,
    0x19e5, 0x19e5, 0x19e5, 0x19e5, 0x19e5, 0x19e5, 0x19e5, 0x19e5, 0x19e5, 0x19e5, 0x19e5, 0x19e5, 0x19e5, 0x19e5, 0x19e5, 0x19e5,
    0x19e5, 0x19e5, 0x19e5, 0x19e5, 0x19e5, 0x19c5, 0x19c5, 0x2206, 0x2a67, 0x32c8, 0x3b28, 0x4349, 0x4349, 0x3b29, 0x3b29, 0x3b29,
    0x3b29, 0x3b29, 0x3b29, 0x3b29, 0x3b29, 0x3b29, 0x3b29, 0x3b29, 0x3b29, 0x3b29, 0x3b29, 0x3b29, 0x3b29, 0x3b29, 0x3b29, 0x3b29,
    0x3b29, 0x3b29, 0x3b29, 0x3b29, 0x3b29, 0x3b29, 0x3b29, 0x3b29, 0x3b29, 0x3b29, 0x3b29, 0x3b29, 0x3b29, 0x3b29, 0x3b29, 0x3b29,
    0x3b29, 0x3b29, 0x3b49, 0x4349, 0x3b29, 0x3b08, 0x3287, 0x2226, 0x19e5, 0x19c5, 0x19e5, 0x19e5, 0x19e5, 0x19e5, 0x19e5, 0x19e5,
    0x19e5, 0x19e5, 0x19e5, 0x19e5, 0x19e5, 0x19e5, 0x19e5, 0x19e5, 0x19e5, 0x19e5, 0x19e5, 0x19e5, 0x19e5, 0x19e5, 0x19e5, 0x19e5,
    0x19e5, 0x19e5, 0x19e5, 0x19e5, 0x19e5, 0x19e5, 0x19e5, 0x19e5, 0x19e5, 0x19e5, 0x19e5, 0x19e5, 0x19e5, 0x19e5, 0x19e5, 0x19e5,
    0x19e5, 0x19e5, 0x19e5, 0x19e5, 0x19e5, 0x19e5, 0x19e5, 0x19e5, 0x19e5, 0x19e5, 0x19e5, 0x19e5, 0x19e5, 0x19e5, 0x19e5, 0x19e5,
    0x19e5, 0x19e5, 0x19e5, 0x19e5, 0x19e5, 0x19e5, 0x19e5, 0x19e5, 0x19e5, 0x19e5, 0x19e5, 0x19e5, 0x19e5, 0x19e5, 0x19e5, 0x19e5,
    0x19e5, 0x19e5, 0x19e5, 0x19e5, 0x19e5, 0x19e5, 0x19e5, 0x19e5, 0x19e5, 0x19e5, 0x19e5, 0x19e5, 0x19e5, 0x19e5, 0x19e5, 0x19e5,
    0x19e5, 0x19e5, 0x19e5, 0x19e5, 0x19e5, 0x19e5, 0x19e5, 0x19e5, 0x19e5, 0x19e5, 0x19e5, 0x19e5, 0x19e5, 0x19e5, 0x19e5, 0x19e5,
    0x19e5, 0x19e5, 0x19e5, 0x19e5, 0x19e5, 0x19e5, 0x19e5, 0x19e5, 0x19e5, 0x19e5, 0x19e5, 0x19e5, 0x19e5, 0x19e5, 0x19e5, 0x19e5,
    0x19e5, 0x19e5, 0x19e5, 0x19e5, 0x19e5, 0x19e5, 0x19e5, 0x19e5, 0x19e5, 0x19e5, 0x19e5, 0x19e5, 0x19e5, 0x19e5, 0x19e5, 0x19e5,
    0x19e5, 0x19e5, 0x19e5, 0x19e5, 0x19e5, 0x19e5, 0x19e5, 0x19e5, 0x19e5, 0x19e5, 0x19e5, 0x19e5, 0x19e5, 0x19e5, 0x19e5, 0x19e5,
    0x19e5, 0x19e5, 0x19e5, 0x19e5, 0x19e5, 0x19e5, 0x19e5, 0x19e5, 0x19e5, 0x19e5, 0x19e5, 0x19e5, 0x19e5, 0x19e5, 0x19e5, 0x19e5,
    0x19e5, 0x19e5, 0x19e5, 0x19e5, 0x19e5, 0x19e5, 0x19e5, 0x19e5, 0x19e5, 0x19e5, 0x19e5, 0x19e5, 0x19e5, 0x19e5, 0x19e5, 0x19e5,
    0x19e5, 0x21e5, 0x19e5, 0x19c5, 0x19e5, 0x2226, 0x32a7, 0x3b28, 0x4349, 0x4349, 0x3b29, 0x3b29, 0x3b29, 0x3b29, 0x3b29, 0x3b29,
    0x3b29, 0x3b29, 0x3b29, 0x3b29, 0x3b29, 0x3b29, 0x3b29, 0x3b29, 0x3b29, 0x4349, 0x4349, 0x4349, 0x4349, 0x4349, 0x4349, 0x4349,
    0x4349, 0x4349, 0x4349, 0x4349, 0x4349, 0x4349, 0x3b49, 0x3b29, 0x3b29, 0x3b29, 0x3b29, 0x3b29, 0x3b29, 0x3b29, 0x3b29, 0x3b29,
    0x3b29, 0x3b29, 0x3b29, 0x3b29, 0x3b29, 0x3b29, 0x4349, 0x3b29, 0x3ae8, 0x2a67, 0x21e6, 0x19c5, 0x19e5, 0x19e5, 0x19e5, 0x19e5,
    0x19e5, 0x19e5, 0x19e5, 0x19e5, 0x19e5, 0x19e5, 0x19e5, 0x19e5, 0x19e5, 0x19e5, 0x19e5, 0x19e5, 0x19e5, 0x19e5, 0x19e5, 0x19e5,
    0x19e5, 0x19e5, 0x19e5, 0x19e5, 0x19e5, 0x19e5, 0x19e5, 0x19e5, 0x19e5, 0x19e5, 0x19e5, 0x19e5, 0x19e5, 0x19e5, 0x19e5, 0x19e5,
    0x19e5, 0x19e5, 0x19e5, 0x19e5, 0x19e5, 0x19e5, 0x19e5, 0x19e5, 0x19e5, 0x19e5, 0x19e5, 0x19e5, 0x19e5, 0x19e5, 0x19e5, 0x19e5,
    0x19e5, 0x19e5, 0x19e5, 0x19e5, 0x19e5, 0x19e5, 0x19e5, 0x19e5, 0x19e5, 0x19e5, 0x19e5, 0x19e5, 0x19e5, 0x19e5, 0x19e5, 0x19e5,
    0x19e5, 0x19e5, 0x19e5, 0x19e5, 0x19e5, 0x19e5, 0x19e5, 0x19e5, 0x19e5, 0x19e5, 0x19e5, 0x19e5, 0x19e5, 0x19e5, 0x19e5, 0x19e5,
    0x19e5, 0x19e5, 0x19e5, 0x19e5, 0x19e5, 0x19e5, 0x19e5, 0x19e5, 0x19e5, 0x19e5, 0x19e5, 0x19e5, 0x19e5, 0x19e5, 0x19e5, 0x19e5,
    0x19e5, 0x19e5, 0x19e5, 0x19e5, 0x19e5, 0x19e5, 0x19e5, 0x19e5, 0x19e5, 0x19e5, 0x19e5, 0x19e5, 0x19e5, 0x19e5, 0x19e5, 0x19e5,
    0x19e5, 0x19e5, 0x19e5, 0x19e5, 0x19e5, 0x19e5, 0x19e5, 0x19e5, 0x19e5, 0x19e5, 0x19e5, 0x19e5, 0x19e5, 0x19e5, 0x19e5, 0x19e5,
    0x19e5, 0x19e5, 0x19e5, 0x19e5, 0x19e5, 0x19e5, 0x19e5, 0x19e5, 0x19e5, 0x19e5, 0x19e5, 0x19e5, 0x19e5, 0x19e5, 0x19e5, 0x19e5,
    0x19e5, 0x19e5, 0x19e5, 0x19e5, 0x19e5, 0x19e5, 0x19e5, 0x19e5, 0x19e5, 0x19e5, 0x19e5, 0x19e5, 0x19e5, 0x19e5, 0x19e5, 0x19e5,
    0x19e5, 0x19e5, 0x19e5, 0x19e5, 0x19e5, 0x19e5, 0x19e5, 0x19e5, 0x19e5, 0x19e5, 0x19e5, 0x19e5, 0x19e5, 0x19e5, 0x19e5, 0x19e5,
    0x19e5, 0x19c5, 0x19e5, 0x2a66, 0x32e8, 0x3b29, 0x4349, 0x3b29, 0x3b29, 0x3b29, 0x3b29, 0x3b29, 0x3b29, 0x3b29, 0x3b29, 0x3b29,
    0x3b29, 0x3b29, 0x3b29, 0x4349, 0x4349, 0x4349, 0x3b29, 0x3b08, 0x3b08, 0x32e8, 0x32c8, 0x32a7, 0x32a7, 0x2a87, 0x2a87, 0x2a87,
    0x2a87, 0x2a87, 0x2a87, 0x32a7, 0x32a7, 0x32c8, 0x3ae8, 0x3b08, 0x3b28, 0x3b49, 0x4349, 0x4349, 0x4349, 0x3b29, 0x3b29, 0x3b29,
    0x3b29, 0x3b29, 0x3b29, 0x3b29, 0x3b29, 0x3b29, 0x3b29, 0x3b29, 0x4349, 0x4349, 0x3b08, 0x32a7, 0x2206, 0x19c5, 0x19e5, 0x19e5,
    0x19e5, 0x19e5, 0x19e5, 0x19e5, 0x19e5, 0x19e5, 0x19e5, 0x19e5, 0x19e5, 0x19e5, 0x19e5, 0x19e5, 0x19e5, 0x19e5, 0x19e5, 0x19e5,
    0x19e5, 0x19e5, 0x19e5, 0x19e5, 0x19e5, 0x19e5, 0x19e5, 0x19e5, 0x19e5, 0x19e5, 0x19e5, 0x19e5, 0x19e5, 0x19e5, 0x19e5, 0x19e5,
    0x19e5, 0x19e5, 0x19e5, 0x19e5, 0x19e5, 0x19e5, 0x19e5, 0x19e5, 0x19e5, 0x19e5, 0x19e5, 0x19e5, 0x19e5, 0x19e5, 0x19e5, 0x19e5,
    0x19e5, 0x19e5, 0x19e5, 0x19e5, 0x19e5, 0x19e5, 0x19e5, 0x19e5, 0x19e5, 0x19e5, 0x19e5, 0x19e5, 0x19e5, 0x19e5, 0x19e5, 0x19e5,
    0x19e5, 0x19e5, 0x19e5, 0x19e5, 0x19e5, 0x19e5, 0x19e5, 0x19e5, 0x19e5, 0x19e5, 0x19e5, 0x19e5, 0x19e5, 0x19e5, 0x19e5, 0x19e5,
    0x19e5, 0x19e5, 0x19e5, 0x19e5, 0x19e5, 0x19e5, 0x19e5, 0x19e5, 0x19e5, 0x19e5, 0x19e5, 0x19e5, 0x19e5, 0x19e5, 0x19e5, 0x19e5,
    0x19e5, 0x19e5, 0x19e5, 0x19e5, 0x19e5, 0x19e5, 0x19e5, 0x19e5, 0x19e5, 0x19e5, 0x19e5, 0x19e5, 0x19e5, 0x19e5, 0x19e5, 0x19e5,
    0x19e5, 0x19e5, 0x19e5, 0x19e5, 0x19e5, 0x19e5, 0x19e5, 0x19e5, 0x19e5, 0x19e5, 0x19e5, 0x19e5, 0x19e5, 0x19e5, 0x19e5, 0x19e5,
    0x19e5, 0x19e5, 0x19e5, 0x19e5, 0x19e5, 0x19e5, 0x19e5, 0x19e5, 0x19e5, 0x19e5, 0x19e5, 0x19e5, 0x19e5, 0x19e5, 0x19e5, 0x19e5,
    0x19e5, 0x19e5, 0x19e5, 0x19e5, 0x19e5, 0x19e5, 0x19e5, 0x19e5, 0x19e5, 0x19e5, 0x19e5, 0x19e5, 0x19e5, 0x19e5, 0x19e5, 0x19e5,
    0x19e5, 0x19e5, 0x19e5, 0x19e5, 0x19e5, 0x19e5, 0x19e5, 0x19e5, 0x19e5, 0x19e5, 0x19e5, 0x19e5, 0x19e5, 0x19e5, 0x19e5, 0x19c5,
    0x19e5, 0x2a67, 0x3b08, 0x4349, 0x4349, 0x3b29, 0x3b29, 0x3b29, 0x3b29, 0x3b29, 0x3b29, 0x3b29, 0x3b29, 0x3b29, 0x3b29, 0x4349,
    0x4349, 0x3b29, 0x3b08, 0x32c8, 0x2a87, 0x2a46, 0x2226, 0x2206, 0x19e5, 0x19e5, 0x19c5, 0x19c5, 0x19c5, 0x19c5, 0x19c5, 0x19c5,
    0x19c5, 0x19c5, 0x19c5, 0x19c5, 0x19c5, 0x19c5, 0x19e5, 0x21e5, 0x2206, 0x2226, 0x2a67, 0x32a7, 0x32e8, 0x3b08, 0x3b29, 0x4349,
    0x4349, 0x3b29, 0x3b29, 0x3b29, 0x3b29, 0x3b29, 0x3b29, 0x3b29, 0x3b29, 0x3b29, 0x3b29, 0x4349, 0x3b29, 0x32a7, 0x2226, 0x19c5,
    0x19e5, 0x19e5, 0x19e5, 0x19e5, 0x19e5, 0x19e5, 0x19e5, 0x19e5, 0x19e5, 0x19e5, 0x19e5, 0x19e5, 0x19e5, 0x19e5, 0x19e5, 0x19e5,
    0x19e5, 0x19e5, 0x19e5, 0x19e5, 0x19e5, 0x19e5, 0x19e5, 0x19e5, 0x19e5, 0x19e5, 0x19e5, 0x19e5, 0x19e5, 0x19e5, 0x19e5, 0x19e5,
    0x19e5, 0x19e5, 0x19e5, 0x19e5, 0x19e5, 0x19e5, 0x19e5, 0x19e5, 0x19e5, 0x19e5, 0x19e5, 0x19e5, 0x19e5, 0x19e5, 0x19e5, 0x19e5,
    0x19e5, 0x19e5, 0x19e5, 0x19e5, 0x19e5, 0x19e5, 0x19e5, 0x19e5, 0x19e5, 0x19e5, 0x19e5, 0x19e5, 0x19e5, 0x19e5, 0x19e5, 0x19e5,
    0x19e5, 0x19e5, 0x19e5, 0x19e5, 0x19e5, 0x19e5, 0x19e5, 0x19e5, 0x19e5, 0x19e5, 0x19e5, 0x19e5, 0x19e5, 0x19e5, 0x19e5, 0x19e5,
    0x19e5, 0x19e5, 0x19e5, 0x19e5, 0x19e5, 0x19e5, 0x19e5, 0x19e5, 0x19e5, 0x19e5, 0x19e5, 0x19e5, 0x19e5, 0x19e5, 0x19e5, 0x19e5,
    0x19e5, 0x19e5, 0x19e5, 0x19e5, 0x19e5, 0x19e5, 0x19e5, 0x19e5, 0x19e5, 0x19e5, 0x19e5, 0x19e5, 0x19e5, 0x19e5, 0x19e5, 0x19e5,
    0x19e5, 0x19e5, 0x19e5, 0x19e5, 0x19e5, 0x19e5, 0x19e5, 0x19e5, 0x19e5, 0x19e5, 0x19e5, 0x19e5, 0x19e5, 0x19e5, 0x19e5, 0x19e5,
    0x19e5, 0x19e5, 0x19e5, 0x19e5, 0x19e5, 0x19e5, 0x19e5, 0x19e5, 0x19e5, 0x19e5, 0x19e5, 0x19e5, 0x19e5, 0x19e5, 0x19e5, 0x19e5,
    0x19e5, 0x19e5, 0x19e5, 0x19e5, 0x19e5, 0x19e5, 0x19e5, 0x19e5, 0x19e5, 0x19e5, 0x19e5, 0x19e5, 0x19e5, 0x19e5, 0x19e5, 0x19e5,
    0x19e5, 0x19e5, 0x19e5, 0x19e5, 0x19e5, 0x19e5, 0x19e5, 0x19e5, 0x19e5, 0x19e5, 0x19e5, 0x19e5, 0x19e5, 0x19c5, 0x19e5, 0x2a67,
    0x3b08, 0x4349, 0x3b29, 0x3b29, 0x3b29, 0x3b29, 0x3b29, 0x3b29, 0x3b29, 0x3b29, 0x3b29, 0x3b49, 0x4349, 0x3b29, 0x3b08, 0x32a7,
    0x2a46, 0x2206, 0x19e5, 0x19c5, 0x19c5, 0x19c5, 0x19c5, 0x19e5, 0x19e5, 0x19e5, 0x19e5, 0x19e5, 0x19e5, 0x21e5, 0x21e5, 0x21e5,
    0x21e5, 0x21e5, 0x21e5, 0x19e5, 0x19e5, 0x19e5, 0x19e5, 0x19e5, 0x19e5, 0x19c5, 0x19c5, 0x19c5, 0x19e5, 0x2206, 0x2226, 0x2a87,
    0x32e8, 0x3b28, 0x4349, 0x4349, 0x3b29, 0x3b29, 0x3b29, 0x3b29, 0x3b29, 0x3b29, 0x3b29, 0x3b29, 0x3b29, 0x4349, 0x3b29, 0x32a7,
    0x2206, 0x19c5, 0x19e5, 0x19e5, 0x19e5, 0x19e5, 0x19e5, 0x19e5, 0x19e5, 0x19e5, 0x19e5, 0x19e5, 0x19e5, 0x19e5, 0x19e5, 0x19e5,
    0x19e5, 0x19e5, 0x19e5, 0x19e5, 0x19e5, 0x19e5, 0x19e5, 0x19e5, 0x19e5, 0x19e5, 0x19e5, 0x19e5, 0x19e5, 0x19e5, 0x19e5, 0x19e5,
    0x19e5, 0x19e5, 0x19e5, 0x19e5, 0x19e5, 0x19e5, 0x19e5, 0x19e5, 0x19e5, 0x19e5, 0x19e5, 0x19e5, 0x19e5, 0x19e5, 0x19e5, 0x19e5,
    0x19e5, 0x19e5, 0x19e5, 0x19e5, 0x19e5, 0x19e5, 0x19e5, 0x19e5, 0x19e5, 0x19e5, 0x19e5, 0x19e5, 0x19e5, 0x19e5, 0x19e5, 0x19e5,
    0x19e5, 0x19e5, 0x19e5, 0x19e5, 0x19e5, 0x19e5, 0x19e5, 0x19e5, 0x19e5, 0x19e5, 0x19e5, 0x19e5, 0x19e5, 0x19e5, 0x19e5, 0x19e5,
    0x19e5, 0x19e5, 0x19e5, 0x19e5, 0x19e5, 0x19e5, 0x19e5, 0x19e5, 0x19e5, 0x19e5, 0x19e5, 0x19e5, 0x19e5, 0x19e5, 0x19e5, 0x19e5,
    0x19e5, 0x19e5, 0x19e5, 0x19e5, 0x19e5, 0x19e5, 0x19e5, 0x19e5, 0x19e5, 0x19e5, 0x19e5, 0x19e5, 0x19e5, 0x19e5, 0x19e5, 0x19e5,
    0x19e5, 0x19e5, 0x19e5, 0x19e5, 0x19e5, 0x19e5, 0x19e5, 0x19e5, 0x19e5, 0x19e5, 0x19e5, 0x19e5, 0x19e5, 0x19e5, 0x19e5, 0x19e5,
    0x19e5, 0x19e5, 0x19e5, 0x19e5, 0x19e5, 0x19e5, 0x19e5, 0x19e5, 0x19e5, 0x19e5, 0x19e5, 0x19e5, 0x19e5, 0x19e5, 0x19e5, 0x19e5,
    0x19e5, 0x19e5, 0x19e5, 0x19e5, 0x19e5, 0x19e5, 0x19e5, 0x19e5, 0x19e5, 0x19e5, 0x19e5, 0x19e5, 0x19e5, 0x19e5, 0x19e5, 0x19e5,
    0x19e5, 0x19e5, 0x19e5, 0x19e5, 0x19e5, 0x19e5, 0x19e5, 0x19e5, 0x19e5, 0x19e5, 0x21e5, 0x19e5, 0x19c5, 0x2a46, 0x3ae8, 0x4349,
    0x3b29, 0x3b29, 0x3b29, 0x3b29, 0x3b29, 0x3b29, 0x3b29, 0x3b29, 0x3b29, 0x4349, 0x3b29, 0x3ae8, 0x2a87, 0x2226, 0x19e5, 0x19c5,
    0x19c5, 0x19e5, 0x19e5, 0x19e5, 0x19e5, 0x19e5, 0x19e5, 0x19e5, 0x21e5, 0x21e5, 0x21e5, 0x21e5, 0x21e5, 0x21e5, 0x21e5, 0x21e5,
    0x21e5, 0x21e5, 0x21e5, 0x21e5, 0x21e5, 0x21e5, 0x21e5, 0x19e5, 0x19e5, 0x19e5, 0x19e5, 0x19e5, 0x19e5, 0x19e5, 0x19c5, 0x19c5,
    0x19c5, 0x2206, 0x2a66, 0x32c8, 0x3b08, 0x4349, 0x4349, 0x3b29, 0x3b29, 0x3b29, 0x3b29, 0x3b29, 0x3b29, 0x3b29, 0x3b29, 0x4349,
    0x3b29, 0x3287, 0x21e5, 0x19c5, 0x19e5, 0x19e5, 0x19e5, 0x19e5, 0x19e5, 0x19e5, 0x19e5, 0x19e5, 0x19e5, 0x19e5, 0x19e5, 0x19e5,
    0x19e5, 0x19e5, 0x19e5, 0x19e5, 0x19e5, 0x19e5, 0x19e5, 0x19e5, 0x19e5, 0x19e5, 0x19e5, 0x19e5, 0x19e5, 0x19e5, 0x19e5, 0x19e5,
    0x19e5, 0x19e5, 0x19e5, 0x19e5, 0x19e5, 0x19e5, 0x19e5, 0x19e5, 0x19e5, 0x19e5, 0x19e5, 0x19e5, 0x19e5, 0x19e5, 0x19e5, 0x19e5,
    0x19e5, 0x19e5, 0x19e5, 0x19e5, 0x19e5, 0x19e5, 0x19e5, 0x19e5, 0x19e5, 0x19e5, 0x19e5, 0x19e5, 0x19e5, 0x19e5, 0x19e5, 0x19e5,
    0x19e5, 0x19e5, 0x19e5, 0x19e5, 0x19e5, 0x19e5, 0x19e5, 0x19e5, 0x19e5, 0x19e5, 0x19e5, 0x19e5, 0x19e5, 0x19e5, 0x19e5, 0x19e5,
    0x19e5, 0x19e5, 0x19e5, 0x19e5, 0x19e5, 0x19e5, 0x19e5, 0x19e5, 0x19e5, 0x19e5, 0x19e5, 0x19e5, 0x19e5, 0x19e5, 0x19e5, 0x19e5,
    0x19e5, 0x19e5, 0x19e5, 0x19e5, 0x19e5, 0x19e5, 0x19e5, 0x19e5, 0x19e5, 0x19e5, 0x19e5, 0x19e5, 0x19e5, 0x19e5, 0x19e5, 0x19e5,
    0x19e5, 0x19e5, 0x19e5, 0x19e5, 0x19e5, 0x19e5, 0x19e5, 0x19e5, 0x19e5, 0x19e5, 0x19e5, 0x19e5, 0x19e5, 0x19e5, 0x19e5, 0x19e5,
    0x19e5, 0x19e5, 0x19e5, 0x19e5, 0x19e5, 0x19e5, 0x19e5, 0x19e5, 0x19e5, 0x19e5, 0x19e5, 0x19e5, 0x19e5, 0x19e5, 0x19e5, 0x19e5,
    0x19e5, 0x19e5, 0x19e5, 0x19e5, 0x19e5, 0x19e5, 0x19e5, 0x19e5, 0x19e5, 0x19e5, 0x19e5, 0x19e5, 0x19e5, 0x19e5, 0x19e5, 0x19e5,
    0x19e5, 0x19e5, 0x19e5, 0x19e5, 0x19e5, 0x19e5, 0x19e5, 0x19e5, 0x19e5, 0x19e5, 0x19c5, 0x2206, 0x32c8, 0x4349, 0x3b49, 0x3b29,
    0x3b29, 0x3b29, 0x3b29, 0x3b29, 0x3b29, 0x3b29, 0x4349, 0x4349, 0x3b08, 0x32a7, 0x2226, 0x19e5, 0x19c5, 0x19c5, 0x19e5, 0x19e5,
    0x19e5, 0x19e5, 0x19e5, 0x21e5, 0x21e5, 0x21e5, 0x19e5, 0x19e5, 0x19c5, 0x19c5, 0x19c5, 0x19a5, 0x19a5, 0x19a5, 0x19a5, 0x19a5,
    0x19a5, 0x19a5, 0x19a5, 0x19a5, 0x19a5, 0x19c5, 0x19c5, 0x19c5, 0x19e5, 0x21e5, 0x21e5, 0x21e5, 0x21e5, 0x19e5, 0x19e5, 0x21e5,
    0x19e5, 0x19e5, 0x19c5, 0x19c5, 0x2206, 0x2a67, 0x32e8, 0x3b29, 0x4349, 0x3b29, 0x3b29, 0x3b29, 0x3b29, 0x3b29, 0x3b29, 0x3b29,
    0x3b29, 0x4349, 0x3b08, 0x2a66, 0x19c5, 0x19e5, 0x21e5, 0x19e5, 0x19e5, 0x19e5, 0x19e5, 0x19e5, 0x19e5, 0x19e5, 0x19e5, 0x19e5,
    0x19e5, 0x19e5, 0x19e5, 0x19e5, 0x19e5, 0x19e5, 0x19e5, 0x19e5, 0x19e5, 0x19e5, 0x19e5, 0x19e5, 0x19e5, 0x19e5, 0x19e5, 0x19e5,
    0x19e5, 0x19e5, 0x19e5, 0x19e5, 0x19e5, 0x19e5, 0x19e5, 0x19e5, 0x19e5, 0x19e5, 0x19e5, 0x19e5, 0x19e5, 0x19e5, 0x19e5, 0x19e5,
    0x19e5, 0x19e5, 0x19e5, 0x19e5, 0x19e5, 0x19e5, 0x19e5, 0x19e5, 0x19e5, 0x19e5, 0x19e5, 0x19e5, 0x19e5, 0x19e5, 0x19e5, 0x19e5,
    0x19e5, 0x19e5, 0x19e5, 0x19e5, 0x19e5, 0x19e5, 0x19e5, 0x19e5, 0x19e5, 0x19e5, 0x19e5, 0x19e5, 0x19e5, 0x19e5, 0x19e5, 0x19e5,
    0x19e5, 0x19e5, 0x19e5, 0x19e5, 0x19e5, 0x19e5, 0x19e5, 0x19e5, 0x19e5, 0x19e5, 0x19e5, 0x19e5, 0x19e5, 0x19e5, 0x19e5, 0x19e5,
    0x19e5, 0x19e5, 0x19e5, 0x19e5, 0x19e5, 0x19e5, 0x19e5, 0x19e5, 0x19e5, 0x19e5, 0x19e5, 0x19e5, 0x19e5, 0x19e5, 0x19e5, 0x19e5,
    0x19e5, 0x19e5, 0x19e5, 0x19e5, 0x19e5, 0x19e5, 0x19e5, 0x19e5, 0x19e5, 0x19e5, 0x19e5, 0x19e5, 0x19e5, 0x19e5, 0x19e5, 0x19e5,
    0x19e5, 0x19e5, 0x19e5, 0x19e5, 0x19e5, 0x19e5, 0x19e5, 0x19e5, 0x19e5, 0x19e5, 0x19e5, 0x19e5, 0x19e5, 0x19e5, 0x19e5, 0x19e5,
    0x19e5, 0x19e5, 0x19e5, 0x19e5, 0x19e5, 0x19e5, 0x19e5, 0x19e5, 0x19e5, 0x19e5, 0x19e5, 0x19e5, 0x19e5, 0x19e5, 0x19e5, 0x19e5,
    0x19e5, 0x19e5, 0x19e5, 0x19e5, 0x19e5, 0x19e5, 0x19e5, 0x19e5, 0x19e5, 0x19e5, 0x2a67, 0x3b28, 0x4349, 0x3b29, 0x3b29, 0x3b29,
    0x3b29, 0x3b29, 0x3b29, 0x3b29, 0x4349, 0x3b29, 0x32e8, 0x2a46, 0x21e5, 0x19c5, 0x19c5, 0x19e5, 0x21e5, 0x19e5, 0x19e5, 0x21e5,
    0x21e5, 0x19e5, 0x19c5, 0x19c5, 0x19a5, 0x19a5, 0x19c5, 0x2206, 0x2a46, 0x2a87, 0x32c7, 0x3b08, 0x3b28, 0x4349, 0x4369, 0x4369,
    0x4369, 0x4349, 0x3b29, 0x3b08, 0x32e8, 0x32a7, 0x2a67, 0x2226, 0x19e5, 0x19c5, 0x19a5, 0x19c5, 0x19c5, 0x19e5, 0x21e5, 0x21e5,
    0x19e5, 0x19e5, 0x19e5, 0x19e5, 0x19e5, 0x19c5, 0x19e5, 0x2226, 0x32a7, 0x3b28, 0x4349, 0x3b29, 0x3b29, 0x3b29, 0x3b29, 0x3b29,
    0x3b29, 0x3b29, 0x3b29, 0x4349, 0x32c8, 0x2206, 0x19c5, 0x19e5, 0x19e5, 0x19e5, 0x19e5, 0x19e5, 0x19e5, 0x19e5, 0x19e5, 0x19e5,
    0x19e5, 0x19e5, 0x19e5, 0x19e5, 0x19e5, 0x19e5, 0x19e5, 0x19e5, 0x19e5, 0x19e5, 0x19e5, 0x19e5, 0x19e5, 0x19e5, 0x19e5, 0x19e5,
    0x19e5, 0x19e5, 0x19e5, 0x19e5, 0x19e5, 0x19e5, 0x19e5, 0x19e5, 0x19e5, 0x19e5, 0x19e5, 0x19e5, 0x19e5, 0x19e5, 0x19e5, 0x19e5,
    0x19e5, 0x19e5, 0x19e5, 0x19e5, 0x19e5, 0x19e5, 0x19e5, 0x19e5, 0x19e5, 0x19e5, 0x19e5, 0x19e5, 0x19e5, 0x19e5, 0x19e5, 0x19e5,
    0x19e5, 0x19e5, 0x19e5, 0x19e5, 0x19e5, 0x19e5, 0x19e5, 0x19e5, 0x19e5, 0x19e5, 0x19e5, 0x19e5, 0x19e5, 0x19e5, 0x19e5, 0x19e5,
    0x19e5, 0x19e5, 0x19e5, 0x19e5, 0x19e5, 0x19e5, 0x19e5, 0x19e5, 0x19e5, 0x19e5, 0x19e5, 0x19e5, 0x19e5, 0x19e5, 0x19e5, 0x19e5,
    0x19e5, 0x19e5, 0x19e5, 0x19e5, 0x19e5, 0x19e5, 0x19e5, 0x19e5, 0x19e5, 0x19e5, 0x19e5, 0x19e5, 0x19e5, 0x19e5, 0x19e5, 0x19e5,
    0x19e5, 0x19e5, 0x19e5, 0x19e5, 0x19e5, 0x19e5, 0x19e5, 0x19e5, 0x19e5, 0x19e5, 0x19e5, 0x19e5, 0x19e5, 0x19e5, 0x19e5, 0x19e5,
    0x19e5, 0x19e5, 0x19e5, 0x19e5, 0x19e5, 0x19e5, 0x19e5, 0x19e5, 0x19e5, 0x19e5, 0x19e5, 0x19e5, 0x19e5, 0x19e5, 0x19e5, 0x19e5,
    0x19e5, 0x19e5, 0x19e5, 0x19e5, 0x19e5, 0x19e5, 0x19e5, 0x19e5, 0x19e5, 0x19e5, 0x19e5, 0x19e5, 0x19e5, 0x19e5, 0x19e5, 0x19e5,
    0x19e5, 0x19e5, 0x19e5, 0x19e5, 0x19e5, 0x19e5, 0x19e5, 0x19c5, 0x2206, 0x32e8, 0x4349, 0x3b29, 0x3b29, 0x3b29, 0x3b29, 0x3b29,
    0x3b29, 0x3b29, 0x4349, 0x3b29, 0x32c8, 0x2226, 0x19e5, 0x19c5, 0x19e5, 0x21e5, 0x19e5, 0x19e5, 0x21e5, 0x21e5, 0x19e5, 0x19c5,
    0x19a5, 0x19c5, 0x2226, 0x2a87, 0x3b28, 0x4baa, 0x540b, 0x5c6b, 0x648c, 0x64ac, 0x64cd, 0x64cd, 0x64cd, 0x64cd, 0x64cd, 0x64cd,
    0x64cd, 0x64cd, 0x64cd, 0x64cd, 0x64cd, 0x64cc, 0x64ac, 0x5c8c, 0x542b, 0x4bca, 0x4369, 0x32c8, 0x2a46, 0x19e5, 0x19a5, 0x19a5,
    0x19c5, 0x21e5, 0x21e5, 0x19e5, 0x19e5, 0x19e5, 0x19e5, 0x19c5, 0x19c5, 0x2206, 0x2a87, 0x3b08, 0x4349, 0x3b29, 0x3b29, 0x3b29,
    0x3b29, 0x3b29, 0x3b29, 0x3b29, 0x4349, 0x3b28, 0x2a67, 0x19c5, 0x19e5, 0x19e5, 0x19e5, 0x19e5, 0x19e5, 0x19e5, 0x19e5, 0x19e5,
    0x19e5, 0x19e5, 0x19e5, 0x19e5, 0x19e5, 0x19e5, 0x19e5, 0x19e5, 0x19e5, 0x19e5, 0x19e5, 0x19e5, 0x19e5, 0x19e5, 0x19e5, 0x19e5,
    0x19e5, 0x19e5, 0x19e5, 0x19e5, 0x19e5, 0x19e5, 0x19e5, 0x19e5, 0x19e5, 0x19e5, 0x19e5, 0x19e5, 0x19e5, 0x19e5, 0x19e5, 0x19e5,
    0x19e5, 0x19e5, 0x19e5, 0x19e5, 0x19e5, 0x19e5, 0x19e5, 0x19e5, 0x19e5, 0x19e5, 0x19e5, 0x19e5, 0x19e5, 0x19e5, 0x19e5, 0x19e5,
    0x19e5, 0x19e5, 0x19e5, 0x19e5, 0x19e5, 0x19e5, 0x19e5, 0x19e5, 0x19e5, 0x19e5, 0x19e5, 0x19e5, 0x19e5, 0x19e5, 0x19e5, 0x19e5,
    0x19e5, 0x19e5, 0x19e5, 0x19e5, 0x19e5, 0x19e5, 0x19e5, 0x19e5, 0x19e5, 0x19e5, 0x19e5, 0x19e5, 0x19e5, 0x19e5, 0x19e5, 0x19e5,
    0x19e5, 0x19e5, 0x19e5, 0x19e5, 0x19e5, 0x19e5, 0x19e5, 0x19e5, 0x19e5, 0x19e5, 0x19e5, 0x19e5, 0x19e5, 0x19e5, 0x19e5, 0x19e5,
    0x19e5, 0x19e5, 0x19e5, 0x19e5, 0x19e5, 0x19e5, 0x19e5, 0x19e5, 0x19e5, 0x19e5, 0x19e5, 0x19e5, 0x19e5, 0x19e5, 0x19e5, 0x19e5,
    0x19e5, 0x19e5, 0x19e5, 0x19e5, 0x19e5, 0x19e5, 0x19e5, 0x19e5, 0x19e5, 0x19e5, 0x19e5, 0x19e5, 0x19e5, 0x19e5, 0x19e5, 0x19e5,
    0x19e5, 0x19e5, 0x19e5, 0x19e5, 0x19e5, 0x19e5, 0x19e5, 0x19e5, 0x19e5, 0x19e5, 0x19e5, 0x19e5, 0x19e5, 0x19e5, 0x19e5, 0x19e5,
    0x19e5, 0x19e5, 0x19e5, 0x19e5, 0x19e5, 0x19e5, 0x19c5, 0x2a67, 0x3b28, 0x4349, 0x3b29, 0x3b29, 0x3b29, 0x3b29, 0x3b29, 0x3b29,
    0x4349, 0x3b49, 0x32c8, 0x2226, 0x19c5, 0x19c5, 0x19e5, 0x19e5, 0x19e5, 0x19e5, 0x21e5, 0x19e5, 0x19c5, 0x19a5, 0x21e5, 0x2a87,
    0x4349, 0x53eb, 0x5c6c, 0x64cc, 0x64cd, 0x64cd, 0x64cd, 0x64ac, 0x64ac, 0x64ac, 0x64ac, 0x64ac, 0x64ac, 0x64ac, 0x64ac, 0x64ac,
    0x64ac, 0x64ac, 0x64ac, 0x64ac, 0x64ac, 0x64ac, 0x64ac, 0x64ac, 0x64cc, 0x64cd, 0x64cd, 0x64cd, 0x64ac, 0x5c2b, 0x4b8a, 0x32c8,
    0x2226, 0x19c5, 0x19a5, 0x19c5, 0x21e5, 0x21e5, 0x19e5, 0x19e5, 0x21e5, 0x19e5, 0x19c5, 0x21e5, 0x2a87, 0x3b28, 0x4349, 0x3b29,
    0x3b29, 0x3b29, 0x3b29, 0x3b29, 0x3b29, 0x3b29, 0x4349, 0x32c8, 0x21e6, 0x19c5, 0x19e5, 0x19e5, 0x19e5, 0x19e5, 0x19e5, 0x19e5,
    0x19e5, 0x19e5, 0x19e5, 0x19e5, 0x19e5, 0x19e5, 0x19e5, 0x19e5, 0x19e5, 0x19e5, 0x19e5, 0x19e5, 0x19e5, 0x19e5, 0x19e5, 0x19e5,
    0x19e5, 0x19e5, 0x19e5, 0x19e5, 0x19e5, 0x19e5, 0x19e5, 0x19e5, 0x19e5, 0x19e5, 0x19e5, 0x19e5, 0x19e5, 0x19e5, 0x19e5, 0x19e5,
    0x19e5, 0x19e5, 0x19e5, 0x19e5, 0x19e5, 0x19e5, 0x19e5, 0x19e5, 0x19e5, 0x19e5, 0x19e5, 0x19e5, 0x19e5, 0x19e5, 0x19e5, 0x19e5,
    0x19e5, 0x19e5, 0x19e5, 0x19e5, 0x19e5, 0x19e5, 0x19e5, 0x19e5, 0x19e5, 0x19e5, 0x19e5, 0x19e5, 0x19e5, 0x19e5, 0x19e5, 0x19e5,
    0x19e5, 0x19e5, 0x19e5, 0x19e5, 0x19e5, 0x19e5, 0x19e5, 0x19e5, 0x19e5, 0x19e5, 0x19e5, 0x19e5, 0x19e5, 0x19e5, 0x19e5, 0x19e5,
    0x19e5, 0x19e5, 0x19e5, 0x19e5, 0x19e5, 0x19e5, 0x19e5, 0x19e5, 0x19e5, 0x19e5, 0x19e5, 0x19e5, 0x19e5, 0x19e5, 0x19e5, 0x19e5,
    0x19e5, 0x19e5, 0x19e5, 0x19e5, 0x19e5, 0x19e5, 0x19e5, 0x19e5, 0x19e5, 0x19e5, 0x19e5, 0x19e5, 0x19e5, 0x19e5, 0x19e5, 0x19e5,
    0x19e5, 0x19e5, 0x19e5, 0x19e5, 0x19e5, 0x19e5, 0x19e5, 0x19e5, 0x19e5, 0x19e5, 0x19e5, 0x19e5, 0x19e5, 0x19e5, 0x19e5, 0x19e5,
    0x19e5, 0x19e5, 0x19e5, 0x19e5, 0x19e5, 0x19e5, 0x19e5, 0x19e5, 0x19e5, 0x19e5, 0x19e5, 0x19e5, 0x19e5, 0x19e5, 0x19e5, 0x19e5,
    0x19e5, 0x19e5, 0x19e5, 0x19e5, 0x19c5, 0x19e5, 0x32a7, 0x4349, 0x3b29, 0x3b29, 0x3b29, 0x3b29, 0x3b29, 0x3b29, 0x3b29, 0x4349,
    0x3ae8, 0x2246, 0x19c5, 0x19c5, 0x19e5, 0x19e5, 0x19e5, 0x21e5, 0x21e5, 0x19c5, 0x19a5, 0x19e5, 0x3287, 0x4389, 0x5c4b, 0x64ac,
    0x64cd, 0x64cd, 0x64ac, 0x64ac, 0x64ac, 0x64ac, 0x64ac, 0x64ac, 0x64ac, 0x64ac, 0x64ac, 0x64ac, 0x64ac, 0x64ac, 0x64ac, 0x64ac,
    0x64ac, 0x64ac, 0x64ac, 0x64ac, 0x64ac, 0x64ac, 0x64ac, 0x64ac, 0x64ac, 0x64ac, 0x64ac, 0x64ac, 0x64ac, 0x64cc, 0x64cd, 0x64cd,
    0x5c8c, 0x4bea, 0x3b08, 0x2226, 0x19c5, 0x19c5, 0x19e5, 0x21e5, 0x19e5, 0x19e5, 0x21e5, 0x19e5, 0x19c5, 0x2206, 0x32a7, 0x3b29,
    0x4349, 0x3b29, 0x3b29, 0x3b29, 0x3b29, 0x3b29, 0x3b29, 0x4349, 0x3b08, 0x2226, 0x19c5, 0x19e5, 0x19e5, 0x19e5, 0x19e5, 0x19e5,
    0x19e5, 0x19e5, 0x19e5, 0x19e5, 0x19e5, 0x19e5, 0x19e5, 0x19e5, 0x19e5, 0x19e5, 0x19e5, 0x19e5, 0x19e5, 0x19e5, 0x19e5, 0x19e5,
    0x19e5, 0x19e5, 0x19e5, 0x19e5, 0x19e5, 0x19e5, 0x19e5, 0x19e5, 0x19e5, 0x19e5, 0x19e5, 0x19e5, 0x19e5, 0x19e5, 0x19e5, 0x19e5,
    0x19e5, 0x19e5, 0x19e5, 0x19e5, 0x19e5, 0x19e5, 0x19e5, 0x19e5, 0x19e5, 0x19e5, 0x19e5, 0x19e5, 0x19e5, 0x19e5, 0x19e5, 0x19e5,
    0x19e5, 0x19e5, 0x19e5, 0x19e5, 0x19e5, 0x19e5, 0x19e5, 0x19e5, 0x19e5, 0x19e5, 0x19e5, 0x19e5, 0x19e5, 0x19e5, 0x19e5, 0x19e5,
    0x19e5, 0x19e5, 0x19e5, 0x19e5, 0x19e5, 0x19e5, 0x19e5, 0x19e5, 0x19e5, 0x19e5, 0x19e5, 0x19e5, 0x19e5, 0x19e5, 0x19e5, 0x19e5,
    0x19e5, 0x19e5, 0x19e5, 0x19e5, 0x19e5, 0x19e5, 0x19e5, 0x19e5, 0x19e5, 0x19e5, 0x19e5, 0x19e5, 0x19e5, 0x19e5, 0x19e5, 0x19e5,
    0x19e5, 0x19e5, 0x19e5, 0x19e5, 0x19e5, 0x19e5, 0x19e5, 0x19e5, 0x19e5, 0x19e5, 0x19e5, 0x19e5, 0x19e5, 0x19e5, 0x19e5, 0x19e5,
    0x19e5, 0x19e5, 0x19e5, 0x19e5, 0x19e5, 0x19e5, 0x19e5, 0x19e5, 0x19e5, 0x19e5, 0x19e5, 0x19e5, 0x19e5, 0x19e5, 0x19e5, 0x19e5,
    0x19e5, 0x19e5, 0x19e5, 0x19e5, 0x19e5, 0x19e5, 0x19e5, 0x19e5, 0x19e5, 0x19e5, 0x19e5, 0x19e5, 0x19e5, 0x19e5, 0x19e5, 0x19e5,
    0x19e5, 0x19e5, 0x19e5, 0x19c5, 0x2206, 0x3ae8, 0x4349, 0x3b29, 0x3b29, 0x3b29, 0x3b29, 0x3b29, 0x3b29, 0x4349, 0x3b28, 0x2a67,
    0x19e5, 0x19c5, 0x19e5, 0x19e5, 0x19e5, 0x21e5, 0x21e5, 0x19c5, 0x19c5, 0x2246, 0x4349, 0x542b, 0x64cc, 0x64cd, 0x64cc, 0x64ac,
    0x64ac, 0x64ac, 0x64ac, 0x64ac, 0x64ac, 0x64ac, 0x64ac, 0x64ac, 0x64ac, 0x64ac, 0x64ac, 0x64ac, 0x64ac, 0x64ac, 0x64ac, 0x64ac,
    0x64ac, 0x64ac, 0x64ac, 0x64ac, 0x64ac, 0x64ac, 0x64ac, 0x64ac, 0x64ac, 0x64ac, 0x64ac, 0x64ac, 0x64ac, 0x64ac, 0x64ac, 0x64ac,
    0x64ac, 0x64cd, 0x64cd, 0x5c8c, 0x4baa, 0x32a7, 0x19e5, 0x19a5, 0x19e5, 0x21e5, 0x19e5, 0x19e5, 0x21e5, 0x19e5, 0x19c5, 0x2226,
    0x32c8, 0x4349, 0x3b29, 0x3b29, 0x3b29, 0x3b29, 0x3b29, 0x3b29, 0x3b29, 0x3b29, 0x2a67, 0x19c5, 0x19e5, 0x19e5, 0x19e5, 0x19e5,
    0x19e5, 0x19e5, 0x19e5, 0x19e5, 0x19e5, 0x19e5, 0x19e5, 0x19e5, 0x19e5, 0x19e5, 0x19e5, 0x19e5, 0x19e5, 0x19e5, 0x19e5, 0x19e5,
    0x19e5, 0x19e5, 0x19e5, 0x19e5, 0x19e5, 0x19e5, 0x19e5, 0x19e5, 0x19e5, 0x19e5, 0x19e5, 0x19e5, 0x19e5, 0x19e5, 0x19e5, 0x19e5,
    0x19e5, 0x19e5, 0x19e5, 0x19e5, 0x19e5, 0x19e5, 0x19e5, 0x19e5, 0x19e5, 0x19e5, 0x19e5, 0x19e5, 0x19e5, 0x19e5, 0x19e5, 0x19e5,
    0x19e5, 0x19e5, 0x19e5, 0x19e5, 0x19e5, 0x19e5, 0x19e5, 0x19e5, 0x19e5, 0x19e5, 0x19e5, 0x19e5, 0x19e5, 0x19e5, 0x19e5, 0x19e5,
    0x19e5, 0x19e5, 0x19e5, 0x19e5, 0x19e5, 0x19e5, 0x19e5, 0x19e5, 0x19e5, 0x19e5, 0x19e5, 0x19e5, 0x19e5, 0x19e5, 0x19e5, 0x19e5,
    0x19e5, 0x19e5, 0x19e5, 0x19e5, 0x19e5, 0x19e5, 0x19e5, 0x19e5, 0x19e5, 0x19e5, 0x19e5, 0x19e5, 0x19e5, 0x19e5, 0x19e5, 0x19e5,
    0x19e5, 0x19e5, 0x19e5, 0x19e5, 0x19e5, 0x19e5, 0x19e5, 0x19e5, 0x19e5, 0x19e5, 0x19e5, 0x19e5, 0x19e5, 0x19e5, 0x19e5, 0x19e5,
    0x19e5, 0x19e5, 0x19e5, 0x19e5, 0x19e5, 0x19e5, 0x19e5, 0x19e5, 0x19e5, 0x19e5, 0x19e5, 0x19e5, 0x19e5, 0x19e5, 0x19e5, 0x19e5,
    0x19e5, 0x19e5, 0x19e5, 0x19e5, 0x19e5, 0x19e5, 0x19e5, 0x19e5, 0x19e5, 0x19e5, 0x19e5, 0x19e5, 0x19e5, 0x19e5, 0x19e5, 0x19e5,
    0x19e5, 0x19e5, 0x19c5, 0x2246, 0x3b28, 0x4349, 0x3b29, 0x3b29, 0x3b29, 0x3b29, 0x3b29, 0x3b29, 0x4349, 0x32c7, 0x2206, 0x19c5,
    0x19e5, 0x19e5, 0x19e5, 0x21e5, 0x21e5, 0x19c5, 0x19c5, 0x2a87, 0x4baa, 0x648c, 0x64cd, 0x64cc, 0x64ac, 0x64ac, 0x64ac, 0x64ac,
    0x64ac, 0x64ac, 0x64ac, 0x64ac, 0x64ac, 0x64ac, 0x64ac, 0x64ac, 0x64cc, 0x64cd, 0x64cd, 0x64cd, 0x64cd, 0x64cd, 0x64cd, 0x64cd,
    0x64cd, 0x64cd, 0x64cd, 0x64cd, 0x64cd, 0x64cd, 0x64cc, 0x64ac, 0x64ac, 0x64ac, 0x64ac, 0x64ac, 0x64ac, 0x64ac, 0x64ac, 0x64ac,
    0x64ac, 0x64ac, 0x64ac, 0x64ac, 0x64cd, 0x64cc, 0x542b, 0x3b08, 0x2206, 0x19a5, 0x19e5, 0x21e5, 0x19e5, 0x19e5, 0x19e5, 0x19c5,
    0x19c5, 0x2a67, 0x3b08, 0x4349, 0x3b29, 0x3b29, 0x3b29, 0x3b29, 0x3b29, 0x3b29, 0x4349, 0x32a7, 0x19e5, 0x19e5, 0x19e5, 0x19e5,
    0x19e5, 0x19e5, 0x19e5, 0x19e5, 0x19e5, 0x19e5, 0x19e5, 0x19e5, 0x19e5, 0x19e5, 0x19e5, 0x19e5, 0x19e5, 0x19e5, 0x19e5, 0x19e5,
    0x19e5, 0x19e5, 0x19e5, 0x19e5, 0x19e5, 0x19e5, 0x19e5, 0x19e5, 0x19e5, 0x19e5, 0x19e5, 0x19e5, 0x19e5, 0x19e5, 0x19e5, 0x19e5,
    0x19e5, 0x19e5, 0x19e5, 0x19e5, 0x19e5, 0x19e5, 0x19e5, 0x19e5, 0x19e5, 0x19e5, 0x19e5, 0x19e5, 0x19e5, 0x19e5, 0x19e5, 0x19e5,
    0x19e5, 0x19e5, 0x19e5, 0x19e5, 0x19e5, 0x19e5, 0x19e5, 0x19e5, 0x19e5, 0x19e5, 0x19e5, 0x19e5, 0x19e5, 0x19e5, 0x19e5, 0x19e5,
    0x19e5, 0x19e5, 0x19e5, 0x19e5, 0x19e5, 0x19e5, 0x19e5, 0x19e5, 0x19e5, 0x19e5, 0x19e5, 0x19e5, 0x19e5, 0x19e5, 0x19e5, 0x19e5,
    0x19e5, 0x19e5, 0x19e5, 0x19e5, 0x19e5, 0x19e5, 0x19e5, 0x19e5, 0x19e5, 0x19e5, 0x19e5, 0x19e5, 0x19e5, 0x19e5, 0x19e5, 0x19e5,
    0x19e5, 0x19e5, 0x19e5, 0x19e5, 0x19e5, 0x19e5, 0x19e5, 0x19e5, 0x19e5, 0x19e5, 0x19e5, 0x19e5, 0x19e5, 0x19e5, 0x19e5, 0x19e5,
    0x19e5, 0x19e5, 0x19e5, 0x19e5, 0x19e5, 0x19e5, 0x19e5, 0x19e5, 0x19e5, 0x19e5, 0x19e5, 0x19e5, 0x19e5, 0x19e5, 0x19e5, 0x19e5,
    0x19e5, 0x19e5, 0x19e5, 0x19e5, 0x19e5, 0x19e5, 0x19e5, 0x19e5, 0x19e5, 0x19e5, 0x19e5, 0x19e5, 0x19e5, 0x19e5, 0x19e5, 0x19e5,
    0x19e5, 0x19c5, 0x2a67, 0x3b29, 0x3b29, 0x3b29, 0x3b29, 0x3b29, 0x3b29, 0x3b29, 0x4349, 0x3b28, 0x2a46, 0x19c5, 0x19e5, 0x21e5,
    0x19e5, 0x19e5, 0x21e5, 0x19c5, 0x19c5, 0x2a87, 0x4bea, 0x64ac, 0x64cd, 0x64ac, 0x64ac, 0x64ac, 0x64ac, 0x64ac, 0x64ac, 0x64ac,
    0x64ac, 0x64ac, 0x64ac, 0x64cc, 0x64cd, 0x64cd, 0x64ac, 0x5c8c, 0x542b, 0x53ea, 0x4baa, 0x4369, 0x3b29, 0x3b08, 0x3ae8, 0x32e8,
    0x3ae8, 0x3b08, 0x3b28, 0x4349, 0x4389, 0x4bca, 0x540b, 0x5c6b, 0x64ac, 0x64cd, 0x64cd, 0x64cd, 0x64ac, 0x64ac, 0x64ac, 0x64ac,
    0x64ac, 0x64ac, 0x64ac, 0x64ac, 0x64ac, 0x64ac, 0x64cc, 0x64cd, 0x5c4b, 0x3b28, 0x2206, 0x19a5, 0x19e5, 0x21e5, 0x19e5, 0x19e5,
    0x19e5, 0x19c5, 0x2206, 0x32c8, 0x4349, 0x3b29, 0x3b29, 0x3b29, 0x3b29, 0x3b29, 0x3b29, 0x4349, 0x32c8, 0x21e5, 0x19c5, 0x19e5,
    0x19e5, 0x19e5, 0x19e5, 0x19e5, 0x19e5, 0x19e5, 0x19e5, 0x19e5, 0x19e5, 0x19e5, 0x19e5, 0x19e5, 0x19e5, 0x19e5, 0x19e5, 0x19e5,
    0x19e5, 0x19e5, 0x19e5, 0x19e5, 0x19e5, 0x19e5, 0x19e5, 0x19e5, 0x19e5, 0x19e5, 0x19e5, 0x19e5, 0x19e5, 0x19e5, 0x19e5, 0x19e5,
    0x19e5, 0x19e5, 0x19e5, 0x19e5, 0x19e5, 0x19e5, 0x19e5, 0x19e5, 0x19e5, 0x19e5, 0x19e5, 0x19e5, 0x19e5, 0x19e5, 0x19e5, 0x19e5,
    0x19e5, 0x19e5, 0x19e5, 0x19e5, 0x19e5, 0x19e5, 0x19e5, 0x19e5, 0x19e5, 0x19e5, 0x19e5, 0x19e5, 0x19e5, 0x19e5, 0x19e5, 0x19e5,
    0x19e5, 0x19e5, 0x19e5, 0x19e5, 0x19e5, 0x19e5, 0x19e5, 0x19e5, 0x19e5, 0x19e5, 0x19e5, 0x19e5, 0x19e5, 0x19e5, 0x19e5, 0x19e5,
    0x19e5, 0x19e5, 0x19e5, 0x19e5, 0x19e5, 0x19e5, 0x19e5, 0x19e5, 0x19e5, 0x19e5, 0x19e5, 0x19e5, 0x19e5, 0x19e5, 0x19e5, 0x19e5,
    0x19e5, 0x19e5, 0x19e5, 0x19e5, 0x19e5, 0x19e5, 0x19e5, 0x19e5, 0x19e5, 0x19e5, 0x19e5, 0x19e5, 0x19e5, 0x19e5, 0x19e5, 0x19e5,
    0x19e5, 0x19e5, 0x19e5, 0x19e5, 0x19e5, 0x19e5, 0x19e5, 0x19e5, 0x19e5, 0x19e5, 0x19e5, 0x19e5, 0x19e5, 0x19e5, 0x19e5, 0x19e5,
    0x19e5, 0x19e5, 0x19e5, 0x19e5, 0x19e5, 0x19e5, 0x19e5, 0x19e5, 0x19e5, 0x19e5, 0x19e5, 0x19e5, 0x19e5, 0x19e5, 0x19e5, 0x19e5,
    0x19c5, 0x2a87, 0x4349, 0x3b29, 0x3b29, 0x3b29, 0x3b29, 0x3b29, 0x3b29, 0x4349, 0x32c8, 0x2206, 0x19c5, 0x19e5, 0x19e5, 0x19e5,
    0x21e5, 0x19e5, 0x19a5, 0x2a66, 0x4bca, 0x64cc, 0x64cd, 0x64ac, 0x64ac, 0x64ac, 0x64ac, 0x64ac, 0x64ac, 0x64ac, 0x64ac, 0x64ac,
    0x64cd, 0x64cd, 0x648c, 0x542b, 0x4389, 0x3ae8, 0x2a87, 0x2226, 0x19e5, 0x19c5, 0x19c5, 0x19a5, 0x19a5, 0x19a5, 0x19a5, 0x19a5,
    0x19a5, 0x19a5, 0x19a5, 0x19a5, 0x19a5, 0x19c5, 0x19c5, 0x2206, 0x2a46, 0x32c7, 0x4349, 0x4bea, 0x5c6c, 0x64cc, 0x64cd, 0x64cc,
    0x64ac, 0x64ac, 0x64ac, 0x64ac, 0x64ac, 0x64ac, 0x64ac, 0x64ac, 0x64ac, 0x64cd, 0x5c4b, 0x3b08, 0x19e5, 0x19c5, 0x21e5, 0x19e5,
    0x19e5, 0x21e5, 0x19e5, 0x19c5, 0x2a67, 0x3b29, 0x3b49, 0x3b29, 0x3b29, 0x3b29, 0x3b29, 0x3b29, 0x4349, 0x3ae8, 0x2206, 0x19c5,
    0x19e5, 0x19e5, 0x19e5, 0x19e5, 0x19e5, 0x19e5, 0x19e5, 0x19e5, 0x19e5, 0x19e5, 0x19e5, 0x19e5, 0x19e5, 0x19e5, 0x19e5, 0x19e5,
    0x19e5, 0x19e5, 0x19e5, 0x19e5, 0x19e5, 0x19e5, 0x19e5, 0x19e5, 0x19e5, 0x19e5, 0x19e5, 0x19e5, 0x19e5, 0x19e5, 0x19e5, 0x19e5,
    0x19e5, 0x19e5, 0x19e5, 0x19e5, 0x19e5, 0x19e5, 0x19e5, 0x19e5, 0x19e5, 0x19e5, 0x19e5, 0x19e5, 0x19e5, 0x19e5, 0x19e5, 0x19e5,
    0x19e5, 0x19e5, 0x19e5, 0x19e5, 0x19e5, 0x19e5, 0x19e5, 0x19e5, 0x19e5, 0x19e5, 0x19e5, 0x19e5, 0x19e5, 0x19e5, 0x19e5, 0x19e5,
    0x19e5, 0x19e5, 0x19e5, 0x19e5, 0x19e5, 0x19e5, 0x19e5, 0x19e5, 0x19e5, 0x19e5, 0x19e5, 0x19e5, 0x19e5, 0x19e5, 0x19e5, 0x19e5,
    0x19e5, 0x19e5, 0x19e5, 0x19e5, 0x19e5, 0x19e5, 0x19e5, 0x19e5, 0x19e5, 0x19e5, 0x19e5, 0x19e5, 0x19e5, 0x19e5, 0x19e5, 0x19e5,
    0x19e5, 0x19e5, 0x19e5, 0x19e5, 0x19e5, 0x19e5, 0x19e5, 0x19e5, 0x19e5, 0x19e5, 0x19e5, 0x19e5, 0x19e5, 0x19e5, 0x19e5, 0x19e5,
    0x19e5, 0x19e5, 0x19e5, 0x19e5, 0x19e5, 0x19e5, 0x19e5, 0x19e5, 0x19e5, 0x19e5, 0x19e5, 0x19e5, 0x19e5, 0x19e5, 0x19e5, 0x19e5,
    0x19e5, 0x19e5, 0x19e5, 0x19e5, 0x19e5, 0x19e5, 0x19e5, 0x19e5, 0x19e5, 0x19e5, 0x19e5, 0x19e5, 0x19e5, 0x19e5, 0x19e5, 0x19c5,
    0x2a87, 0x4349, 0x3b29, 0x3b29, 0x3b29, 0x3b29, 0x3b29, 0x3b29, 0x4349, 0x2a87, 0x19e5, 0x19e5, 0x19e5, 0x19e5, 0x19e5, 0x21e5,
    0x19a5, 0x2206, 0x4369, 0x64ac, 0x64cd, 0x64ac, 0x64ac, 0x64ac, 0x64ac, 0x64ac, 0x64ac, 0x64ac, 0x64ac, 0x64cd, 0x64cd, 0x5c6c,
    0x4baa, 0x32e8, 0x2a46, 0x19e5, 0x19a5, 0x19a5, 0x19c5, 0x19c5, 0x19e5, 0x21e5, 0x21e5, 0x21e5, 0x21e5, 0x21e5, 0x21e5, 0x21e5,
    0x21e5, 0x21e5, 0x21e5, 0x21e5, 0x21e5, 0x21e5, 0x19e5, 0x19e5, 0x19c5, 0x19c5, 0x19a5, 0x19c5, 0x2206, 0x3287, 0x4349, 0x542b,
    0x64ac, 0x64cd, 0x64cc, 0x64ac, 0x64ac, 0x64ac, 0x64ac, 0x64ac, 0x64ac, 0x648c, 0x64ac, 0x64cd, 0x542b, 0x3287, 0x19a5, 0x19c5,
    0x21e5, 0x19e5, 0x19e5, 0x19e5, 0x19c5, 0x2226, 0x3b08, 0x4349, 0x3b29, 0x3b29, 0x3b29, 0x3b29, 0x3b29, 0x4349, 0x3b08, 0x2206,
    0x19e5, 0x19e5, 0x19e5, 0x19e5, 0x19e5, 0x19e5, 0x19e5, 0x19e5, 0x19e5, 0x19e5, 0x19e5, 0x19e5, 0x19e5, 0x19e5, 0x19e5, 0x19e5,
    0x19e5, 0x19e5, 0x19e5, 0x19e5, 0x19e5, 0x19e5, 0x19e5, 0x19e5, 0x19e5, 0x19e5, 0x19e5, 0x19e5, 0x19e5, 0x19e5, 0x19e5, 0x19e5,
    0x19e5, 0x19e5, 0x19e5, 0x19e5, 0x19e5, 0x19e5, 0x19e5, 0x19e5, 0x19e5, 0x19e5, 0x19e5, 0x19e5, 0x19e5, 0x19e5, 0x19e5, 0x19e5,
    0x19e5, 0x19e5, 0x19e5, 0x19e5, 0x19e5, 0x19e5, 0x19e5, 0x19e5, 0x19e5, 0x19e5, 0x19e5, 0x19e5, 0x19e5, 0x19e5, 0x19e5, 0x19e5,
    0x19e5, 0x19e5, 0x19e5, 0x19e5, 0x19e5, 0x19e5, 0x19e5, 0x19e5, 0x19e5, 0x19e5, 0x19e5, 0x19e5, 0x19e5, 0x19e5, 0x19e5, 0x19e5,
    0x19e5, 0x19e5, 0x19e5, 0x19e5, 0x19e5, 0x19e5, 0x19e5, 0x19e5, 0x19e5, 0x19e5, 0x19e5, 0x19e5, 0x19e5, 0x19e5, 0x19e5, 0x19e5,
    0x19e5, 0x19e5, 0x19e5, 0x19e5, 0x19e5, 0x19e5, 0x19e5, 0x19e5, 0x19e5, 0x19e5, 0x19e5, 0x19e5, 0x19e5, 0x19e5, 0x19e5, 0x19e5,
    0x19e5, 0x19e5, 0x19e5, 0x19e5, 0x19e5, 0x19e5, 0x19e5, 0x19e5, 0x19e5, 0x19e5, 0x19e5, 0x19e5, 0x19e5, 0x19e5, 0x19e5, 0x19e5,
    0x19e5, 0x19e5, 0x19e5, 0x19e5, 0x19e5, 0x19e5, 0x19e5, 0x19e5, 0x19e5, 0x19e5, 0x19e5, 0x19e5, 0x19e5, 0x19e5, 0x19c5, 0x2a46,
    0x4349, 0x3b29, 0x3b29, 0x3b29, 0x3b29, 0x3b29, 0x3b49, 0x3b28, 0x2a46, 0x19c5, 0x19e5, 0x19e5, 0x19e5, 0x21e5, 0x19c5, 0x19c5,
    0x32c8, 0x5c6c, 0x64ed, 0x64ac, 0x64ac, 0x64ac, 0x64ac, 0x64ac, 0x64ac, 0x64ac, 0x64ac, 0x64cd, 0x648c, 0x4bca, 0x32c8, 0x2206,
    0x19c5, 0x19a5, 0x19c5, 0x19e5, 0x21e5, 0x21e5, 0x21e5, 0x21e5, 0x21e5, 0x21e5, 0x21e5, 0x21e5, 0x21e6, 0x21e5, 0x21e5, 0x21e5,
    0x21e5, 0x21e5, 0x21e5, 0x21e6, 0x21e5, 0x21e5, 0x21e5, 0x21e5, 0x21e5, 0x21e5, 0x21e5, 0x21e5, 0x19e5, 0x19c5, 0x19a5, 0x19e5,
    0x2a67, 0x4349, 0x5c4b, 0x64cd, 0x64cd, 0x64ac, 0x64ac, 0x64ac, 0x64ac, 0x64ac, 0x64ac, 0x64ac, 0x64cc, 0x64cc, 0x4baa, 0x2206,
    0x19a5, 0x21e5, 0x19e5, 0x19e5, 0x19e5, 0x19c5, 0x21e5, 0x32c8, 0x4349, 0x3b29, 0x3b29, 0x3b29, 0x3b29, 0x3b29, 0x4349, 0x32e8,
    0x19e5, 0x19e5, 0x19e5, 0x19e5, 0x19e5, 0x19e5, 0x19e5, 0x19e5, 0x19e5, 0x19e5, 0x19e5, 0x19e5, 0x19e5, 0x19e5, 0x19e5, 0x19e5,
    0x19e5, 0x19e5, 0x19e5, 0x19e5, 0x19e5, 0x19e5, 0x19e5, 0x19e5, 0x19e5, 0x19e5, 0x19e5, 0x19e5, 0x19e5, 0x19e5, 0x19e5, 0x19e5,
    0x19e5, 0x19e5, 0x19e5, 0x19e5, 0x19e5, 0x19e5, 0x19e5, 0x19e5, 0x19e5, 0x19e5, 0x19e5, 0x19e5, 0x19e5, 0x19e5, 0x19e5, 0x19e5,
    0x19e5, 0x19e5, 0x19e5, 0x19e5, 0x19e5, 0x19e5, 0x19e5, 0x19e5, 0x19e5, 0x19e5, 0x19e5, 0x19e5, 0x19e5, 0x19e5, 0x19e5, 0x19e5,
    0x19e5, 0x19e5, 0x19e5, 0x19e5, 0x19e5, 0x19e5, 0x19e5, 0x19e5, 0x19e5, 0x19e5, 0x19e5, 0x19e5, 0x19e5, 0x19e5, 0x19e5, 0x19e5,
    0x19e5, 0x19e5, 0x19e5, 0x19e5, 0x19e5, 0x19e5, 0x19e5, 0x19e5, 0x19e5, 0x19e5, 0x19e5, 0x19e5, 0x19e5, 0x19e5, 0x19e5, 0x19e5,
    0x19e5, 0x19e5, 0x19e5, 0x19e5, 0x19e5, 0x19e5, 0x19e5, 0x19e5, 0x19e5, 0x19e5, 0x19e5, 0x19e5, 0x19e5, 0x19e5, 0x19e5, 0x19e5,
    0x19e5, 0x19e5, 0x19e5, 0x19e5, 0x19e5, 0x19e5, 0x19e5, 0x19e5, 0x19e5, 0x19e5, 0x19e5, 0x19e5, 0x19e5, 0x19e5, 0x19e5, 0x19e5,
    0x19e5, 0x19e5, 0x19e5, 0x19e5, 0x19e5, 0x19e5, 0x19e5, 0x19e5, 0x19e5, 0x19e5, 0x19e5, 0x19e5, 0x19e5, 0x19e5, 0x19c5, 0x32c8,
    0x4349, 0x3b29, 0x3b29, 0x3b29, 0x3b29, 0x4349, 0x3b08, 0x2226, 0x19c5, 0x19e5, 0x19e5, 0x19e5, 0x21e5, 0x19c5, 0x2206, 0x4bca,
    0x64cd, 0x64ac, 0x648c, 0x64ac, 0x64ac, 0x64ac, 0x64ac, 0x64ac, 0x64cc, 0x64cd, 0x5c4b, 0x4349, 0x2246, 0x19c5, 0x19c5, 0x19e5,
    0x21e5, 0x21e5, 0x21e5, 0x21e5, 0x21e5, 0x21e5, 0x21e5, 0x19e5, 0x19c5, 0x19a5, 0x1985, 0x1185, 0x1184, 0x1985, 0x19a5, 0x19a5,
    0x19a5, 0x19a5, 0x1184, 0x1184, 0x1185, 0x19a5, 0x19a5, 0x19c5, 0x19e5, 0x21e5, 0x21e5, 0x21e5, 0x19e5, 0x21e5, 0x21e5, 0x19e5,
    0x19c5, 0x19a5, 0x21e5, 0x32c7, 0x4bea, 0x64ac, 0x64cd, 0x64ac, 0x64ac, 0x64ac, 0x64ac, 0x64ac, 0x64ac, 0x64ac, 0x64cd, 0x5c6c,
    0x32c7, 0x19a5, 0x19e5, 0x21e5, 0x19e5, 0x19e5, 0x19e5, 0x19e5, 0x32a7, 0x4349, 0x3b29, 0x3b29, 0x3b29, 0x3b29, 0x3b29, 0x3b29,
    0x2226, 0x19c5, 0x19e5, 0x19e5, 0x19e5, 0x19e5, 0x19e5, 0x19e5, 0x19e5, 0x19e5, 0x19e5, 0x19e5, 0x19e5, 0x19e5, 0x19e5, 0x19e5,
    0x19e5, 0x19e5, 0x19e5, 0x19e5, 0x19e5, 0x19e5, 0x19e5, 0x19e5, 0x19e5, 0x19e5, 0x19e5, 0x19e5, 0x19e5, 0x19e5, 0x19e5, 0x19e5,
    0x19e5, 0x19e5, 0x19e5, 0x19e5, 0x19e5, 0x19e5, 0x19e5, 0x19e5, 0x19e5, 0x19e5, 0x19e5, 0x19e5, 0x19e5, 0x19e5, 0x19e5, 0x19e5,
    0x19e5, 0x19e5, 0x19e5, 0x19e5, 0x19e5, 0x19e5, 0x19e5, 0x19e5, 0x19e5, 0x19e5, 0x19e5, 0x19e5, 0x19e5, 0x19e5, 0x19e5, 0x19e5,
    0x19e5, 0x19e5, 0x19e5, 0x19e5, 0x19e5, 0x19e5, 0x19e5, 0x19e5, 0x19e5, 0x19e5, 0x19e5, 0x19e5, 0x19e5, 0x19e5, 0x19e5, 0x19e5,
    0x19e5, 0x19e5, 0x19e5, 0x19e5, 0x19e5, 0x19e5, 0x19e5, 0x19e5, 0x19e5, 0x19e5, 0x19e5, 0x19e5, 0x19e5, 0x19e5, 0x19e5, 0x19e5,
    0x19e5, 0x19e5, 0x19e5, 0x19e5, 0x19e5, 0x19e5, 0x19e5, 0x19e5, 0x19e5, 0x19e5, 0x19e5, 0x19e5, 0x19e5, 0x19e5, 0x19e5, 0x19e5,
    0x19e5, 0x19e5, 0x19e5, 0x19e5, 0x19e5, 0x19e5, 0x19e5, 0x19e5, 0x19e5, 0x19e5, 0x19e5, 0x19e5, 0x19e5, 0x19e5, 0x19e5, 0x19e5,
    0x19e5, 0x19e5, 0x19e5, 0x19e5, 0x19e5, 0x19e5, 0x19e5, 0x19e5, 0x19e5, 0x19e5, 0x19e5, 0x19e5, 0x19e5, 0x19e5, 0x19c5, 0x32a7,
    0x4349, 0x3b29, 0x3b29, 0x3b29, 0x4349, 0x3ae8, 0x2206, 0x19c5, 0x19e5, 0x19e5, 0x19e5, 0x19e5, 0x19a5, 0x32a7, 0x5c6c, 0x64cd,
    0x64ac, 0x64ac, 0x64ac, 0x64ac, 0x64ac, 0x64ac, 0x64ac, 0x64cd, 0x5c4b, 0x3b08, 0x2206, 0x19a5, 0x19c5, 0x21e5, 0x21e5, 0x19e5,
    0x21e5, 0x21e5, 0x21e5, 0x19c5, 0x19a5, 0x1184, 0x19a5, 0x2206, 0x2a87, 0x3b08, 0x4389, 0x540b, 0x5c6c, 0x64ac, 0x64cd, 0x64ed,
    0x64ed, 0x64cc, 0x5c8c, 0x542b, 0x4bca, 0x4349, 0x32c7, 0x2226, 0x19c5, 0x1985, 0x1185, 0x19a5, 0x19e5, 0x21e5, 0x21e5, 0x19e5,
    0x21e5, 0x21e5, 0x19e5, 0x19c5, 0x19c5, 0x2a67, 0x4baa, 0x64ac, 0x64cd, 0x64ac, 0x64ac, 0x64ac, 0x64ac, 0x64ac, 0x648c, 0x64ac,
    0x64cd, 0x4389, 0x19e5, 0x19c5, 0x21e5, 0x19e5, 0x19e5, 0x19e5, 0x19c5, 0x2a87, 0x4349, 0x3b29, 0x3b29, 0x3b29, 0x3b29, 0x3b29,
    0x2206, 0x19e5, 0x19e5, 0x19e5, 0x19e5, 0x19e5, 0x19e5, 0x19e5, 0x19e5, 0x19e5, 0x19e5, 0x19e5, 0x19e5, 0x19e5, 0x19e5, 0x19e5,
    0x19e5, 0x19e5, 0x19e5, 0x19e5, 0x19e5, 0x19e5, 0x19e5, 0x19e5, 0x19e5, 0x19e5, 0x19e5, 0x19e5, 0x19e5, 0x19e5, 0x19e5, 0x19e5,
    0x19e5, 0x19e5, 0x19e5, 0x19e5, 0x19e5, 0x19e5, 0x19e5, 0x19e5, 0x19e5, 0x19e5, 0x19e5, 0x19e5, 0x19e5, 0x19e5, 0x19e5, 0x19e5,
    0x19e5, 0x19e5, 0x19e5, 0x19e5, 0x19e5, 0x19e5, 0x19e5, 0x19e5, 0x19e5, 0x19e5, 0x19e5, 0x19e5, 0x19e5, 0x19e5, 0x19e5, 0x19e5,
    0x19e5, 0x19e5, 0x19e5, 0x19e5, 0x19e5, 0x19e5, 0x19e5, 0x19e5, 0x19e5, 0x19e5, 0x19e5, 0x19e5, 0x19e5, 0x19e5, 0x19e5, 0x19e5,
    0x19e5, 0x19e5, 0x19e5, 0x19e5, 0x19e5, 0x19e5, 0x19e5, 0x19e5, 0x19e5, 0x19e5, 0x19e5, 0x19e5, 0x19e5, 0x19e5, 0x19e5, 0x19e5,
    0x19e5, 0x19e5, 0x19e5, 0x19e5, 0x19e5, 0x19e5, 0x19e5, 0x19e5, 0x19e5, 0x19e5, 0x19e5, 0x19e5, 0x19e5, 0x19e5, 0x19e5, 0x19e5,
    0x19e5, 0x19e5, 0x19e5, 0x19e5, 0x19e5, 0x19e5, 0x19e5, 0x19e5, 0x19e5, 0x19e5, 0x19e5, 0x19e5, 0x19e5, 0x19e5, 0x19e5, 0x19e5,
    0x19e5, 0x19e5, 0x19e5, 0x19e5, 0x19e5, 0x19e5, 0x19e5, 0x19e5, 0x19e5, 0x19e5, 0x19e5, 0x19e5, 0x19e5, 0x19e5, 0x19c5, 0x2226,
    0x3b29, 0x4349, 0x3b29, 0x4349, 0x32e8, 0x21e5, 0x19e5, 0x19e5, 0x19e5, 0x21e5, 0x19e5, 0x19c5, 0x4349, 0x64cc, 0x64cc, 0x648c,
    0x64ac, 0x64ac, 0x64ac, 0x64ac, 0x64ac, 0x64cd, 0x5c6b, 0x3b08, 0x21e5, 0x19a5, 0x19e5, 0x21e5, 0x19e5, 0x19e5, 0x21e5, 0x21e5,
    0x19c5, 0x1184, 0x19a5, 0x2a46, 0x3b49, 0x5c4b, 0x754e, 0x85ef, 0x8e71, 0x96b1, 0x96d2, 0x96d2, 0x96f2, 0x96d2, 0x96d2, 0x96d2,
    0x96d2, 0x96d2, 0x96f2, 0x96d2, 0x96d2, 0x96d2, 0x9691, 0x8630, 0x7d8f, 0x64ac, 0x4baa, 0x32a7, 0x19e5, 0x1185, 0x19a5, 0x19e5,
    0x21e6, 0x21e5, 0x19e5, 0x21e5, 0x21e5, 0x19c5, 0x19c5, 0x2a67, 0x4bca, 0x64cc, 0x64cc, 0x64ac, 0x64ac, 0x64ac, 0x64ac, 0x64ac,
    0x64ac, 0x64cd, 0x542b, 0x2a46, 0x19a5, 0x21e5, 0x19e5, 0x19e5, 0x19e5, 0x19c5, 0x2a67, 0x3b49, 0x4349, 0x3b29, 0x4349, 0x32a7,
    0x19c5, 0x19e5, 0x19e5, 0x19e5, 0x19e5, 0x19e5, 0x19e5, 0x19e5, 0x19e5, 0x19e5, 0x19e5, 0x19e5, 0x19e5, 0x19e5, 0x19e5, 0x19e5,
    0x19e5, 0x19e5, 0x19e5, 0x19e5, 0x19e5, 0x19e5, 0x19e5, 0x19e5, 0x19e5, 0x19e5, 0x19e5, 0x19e5, 0x19e5, 0x19e5, 0x19e5, 0x19e5,
    0x19e5, 0x19e5, 0x19e5, 0x19e5, 0x19e5, 0x19e5, 0x19e5, 0x19e5, 0x19e5, 0x19e5, 0x19e5, 0x19e5, 0x19e5, 0x19e5, 0x19e5, 0x19e5,
    0x19e5, 0x19e5, 0x19e5, 0x19e5, 0x19e5, 0x19e5, 0x19e5, 0x19e5, 0x19e5, 0x19e5, 0x19e5, 0x19e5, 0x19e5, 0x19e5, 0x19e5, 0x19e5,
    0x19e5, 0x19e5, 0x19e5, 0x19e5, 0x19e5, 0x19e5, 0x19e5, 0x19e5, 0x19e5, 0x19e5, 0x19e5, 0x19e5, 0x19e5, 0x19e5, 0x19e5, 0x19e5,
    0x19e5, 0x19e5, 0x19e5, 0x19e5, 0x19e5, 0x19e5, 0x19e5, 0x19e5, 0x19e5, 0x19e5, 0x19e5, 0x19e5, 0x19e5, 0x19e5, 0x19e5, 0x19e5,
    0x19e5, 0x19e5, 0x19e5, 0x19e5, 0x19e5, 0x19e5, 0x19e5, 0x19e5, 0x19e5, 0x19e5, 0x19e5, 0x19e5, 0x19e5, 0x19e5, 0x19e5, 0x19e5,
    0x19e5, 0x19e5, 0x19e5, 0x19e5, 0x19e5, 0x19e5, 0x19e5, 0x19e5, 0x19e5, 0x19e5, 0x19e5, 0x19e5, 0x19e5, 0x19e5, 0x19e5, 0x19e5,
    0x19e5, 0x19e5, 0x19e5, 0x19e5, 0x19e5, 0x19e5, 0x19e5, 0x19e5, 0x19e5, 0x19e5, 0x19e5, 0x19e5, 0x19e5, 0x19e5, 0x19e5, 0x19c5,
    0x2226, 0x32c8, 0x3ae8, 0x3287, 0x21e5, 0x19e5, 0x19e5, 0x19e5, 0x21e5, 0x19c5, 0x21e5, 0x4bca, 0x64cd, 0x64ac, 0x64ac, 0x64ac,
    0x64ac, 0x64ac, 0x64ac, 0x64cd, 0x64ac, 0x4349, 0x2206, 0x19a5, 0x19e5, 0x21e5, 0x19e5, 0x21e5, 0x21e6, 0x19e5, 0x19a5, 0x19a5,
    0x2a87, 0x4bea, 0x754e, 0x8e50, 0x96d1, 0x96f2, 0x96d2, 0x96b1, 0x9691, 0x8e91, 0x8e71, 0x8e71, 0x8e71, 0x8e71, 0x8e71, 0x8e71,
    0x8e71, 0x8e71, 0x8e71, 0x8e71, 0x8e71, 0x8e71, 0x8e91, 0x96b1, 0x96b1, 0x96d2, 0x96d2, 0x8e91, 0x7dcf, 0x5c8c, 0x3b08, 0x2205,
    0x1184, 0x19c5, 0x21e5, 0x21e5, 0x19e5, 0x21e5, 0x21e5, 0x19c5, 0x19c5, 0x32a7, 0x542b, 0x64cd, 0x64ac, 0x64ac, 0x64ac, 0x64ac,
    0x64ac, 0x648c, 0x64cd, 0x5c8c, 0x32a7, 0x19a5, 0x21e5, 0x19e5, 0x19e5, 0x19e5, 0x19c5, 0x2a46, 0x32c8, 0x3ae8, 0x2a87, 0x19e5,
    0x19e5, 0x19e5, 0x19e5, 0x19e5, 0x19e5, 0x19e5, 0x19e5, 0x19e5, 0x19e5, 0x19e5, 0x19e5, 0x19e5, 0x19e5, 0x19e5, 0x19e5, 0x19e5,
    0x19e5, 0x19e5, 0x19e5, 0x19e5, 0x19e5, 0x19e5, 0x19e5, 0x19e5, 0x19e5, 0x19e5, 0x19e5, 0x19e5, 0x19e5, 0x19e5, 0x19e5, 0x19e5,
    0x19e5, 0x19e5, 0x19e5, 0x19e5, 0x19e5, 0x19e5, 0x19e5, 0x19e5, 0x19e5, 0x19e5, 0x19e5, 0x19e5, 0x19e5, 0x19e5, 0x19e5, 0x19e5,
    0x19e5, 0x19e5, 0x19e5, 0x19e5, 0x19e5, 0x19e5, 0x19e5, 0x19e5, 0x19e5, 0x19e5, 0x19e5, 0x19e5, 0x19e5, 0x19e5, 0x19e5, 0x19e5,
    0x19e5, 0x19e5, 0x19e5, 0x19e5, 0x19e5, 0x19e5, 0x19e5, 0x19e5, 0x19e5, 0x19e5, 0x19e5, 0x19e5, 0x19e5, 0x19e5, 0x19e5, 0x19e5,
    0x19e5, 0x19e5, 0x19e5, 0x19e5, 0x19e5, 0x19e5, 0x19e5, 0x19e5, 0x19e5, 0x19e5, 0x19e5, 0x19e5, 0x19e5, 0x19e5, 0x19e5, 0x19e5,
    0x19e5, 0x19e5, 0x19e5, 0x19e5, 0x19e5, 0x19e5, 0x19e5, 0x19e5, 0x19e5, 0x19e5, 0x19e5, 0x19e5, 0x19e5, 0x19e5, 0x19e5, 0x19e5,
    0x19e5, 0x19e5, 0x19e5, 0x19e5, 0x19e5, 0x19e5, 0x19e5, 0x19e5, 0x19e5, 0x19e5, 0x19e5, 0x19e5, 0x19e5, 0x19e5, 0x19e5, 0x19e5,
    0x19e5, 0x19e5, 0x19e5, 0x19e5, 0x19e5, 0x19e5, 0x19e5, 0x19e5, 0x19e5, 0x19e5, 0x19e5, 0x19e5, 0x19e5, 0x19e5, 0x19e5, 0x19e5,
    0x19c5, 0x19c5, 0x19e5, 0x19c5, 0x19e5, 0x19e5, 0x19e5, 0x21e5, 0x19c5, 0x2226, 0x542b, 0x64cd, 0x648c, 0x64ac, 0x64ac, 0x64ac,
    0x64ac, 0x64ac, 0x64cd, 0x53eb, 0x2a46, 0x19a5, 0x19e5, 0x21e5, 0x19e5, 0x21e5, 0x21e6, 0x19c5, 0x1184, 0x2206, 0x4389, 0x754e,
    0x8e71, 0x96d2, 0x96d2, 0x9691, 0x8e91, 0x8e71, 0x8e71, 0x8e91, 0x8e91, 0x8e91, 0x8e91, 0x8e91, 0x8e91, 0x8e91, 0x8e91, 0x8e91,
    0x8e91, 0x8e91, 0x8e91, 0x8e91, 0x8e91, 0x8e91, 0x8e91, 0x8e91, 0x8e91, 0x8e71, 0x8e71, 0x8e91, 0x96b1, 0x96d2, 0x96b1, 0x85ef,
    0x5c4b, 0x32a7, 0x19a5, 0x19a5, 0x21e5, 0x21e5, 0x19e5, 0x21e5, 0x21e5, 0x19c5, 0x19e5, 0x3b29, 0x64ac, 0x64cd, 0x648c, 0x64ac,
    0x64ac, 0x64ac, 0x64ac, 0x64ac, 0x64cc, 0x3b08, 0x19a5, 0x19e5, 0x19e5, 0x19e5, 0x19e5, 0x19c5, 0x19c5, 0x19e5, 0x19c5, 0x19e5,
    0x19e5, 0x19e5, 0x19e5, 0x19e5, 0x19e5, 0x19e5, 0x19e5, 0x19e5, 0x19e5, 0x19e5, 0x19e5, 0x19e5, 0x19e5, 0x19e5, 0x19e5, 0x19e5,
    0x19e5, 0x19e5, 0x19e5, 0x19e5, 0x19e5, 0x19e5, 0x19e5, 0x19e5, 0x19e5, 0x19e5, 0x19e5, 0x19e5, 0x19e5, 0x19e5, 0x19e5, 0x19e5,
    0x19e5, 0x19e5, 0x19e5, 0x19e5, 0x19e5, 0x19e5, 0x19e5, 0x19e5, 0x19e5, 0x19e5, 0x19e5, 0x19e5, 0x19e5, 0x19e5, 0x19e5, 0x19e5,
    0x19e5, 0x19e5, 0x19e5, 0x19e5, 0x19e5, 0x19e5, 0x19e5, 0x19e5, 0x19e5, 0x19e5, 0x19e5, 0x19e5, 0x19e5, 0x19e5, 0x19e5, 0x19e5,
    0x19e5, 0x19e5, 0x19e5, 0x19e5, 0x19e5, 0x19e5, 0x19e5, 0x19e5, 0x19e5, 0x19e5, 0x19e5, 0x19e5, 0x19e5, 0x19e5, 0x19e5, 0x19e5,
    0x19e5, 0x19e5, 0x19e5, 0x19e5, 0x19e5, 0x19e5, 0x19e5, 0x19e5, 0x19e5, 0x19e5, 0x19e5, 0x19e5, 0x19e5, 0x19e5, 0x19e5, 0x19e5,
    0x19e5, 0x19e5, 0x19e5, 0x19e5, 0x19e5, 0x19e5, 0x19e5, 0x19e5, 0x19e5, 0x19e5, 0x19e5, 0x19e5, 0x19e5, 0x19e5, 0x19e5, 0x19e5,
    0x19e5, 0x19e5, 0x19e5, 0x19e5, 0x19e5, 0x19e5, 0x19e5, 0x19e5, 0x19e5, 0x19e5, 0x19e5, 0x19e5, 0x19e5, 0x19e5, 0x19e5, 0x19e5,
    0x19e5, 0x19e5, 0x19e5, 0x19e5, 0x19e5, 0x19e5, 0x19e5, 0x19e5, 0x19e5, 0x19e5, 0x19e5, 0x19e5, 0x19e5, 0x19e5, 0x19e5, 0x19e5,
    0x19e5, 0x19e5, 0x19e5, 0x19e5, 0x19e5, 0x19e5, 0x21e5, 0x19c5, 0x2a46, 0x5c6c, 0x64cd, 0x648c, 0x64ac, 0x64ac, 0x64ac, 0x64ac,
    0x64cc, 0x64ac, 0x3b28, 0x19c5, 0x19c5, 0x21e5, 0x19e5, 0x19e5, 0x2206, 0x19c5, 0x1184, 0x2a46, 0x542b, 0x8610, 0x96d2, 0x96d2,
    0x9691, 0x8e71, 0x8e71, 0x8e91, 0x8e91, 0x8e91, 0x8e91, 0x8e91, 0x8e91, 0x8e71, 0x8e71, 0x8e71, 0x8e71, 0x8e71, 0x8e91, 0x8e91,
    0x8e91, 0x8e71, 0x8e71, 0x8e71, 0x8e71, 0x8e71, 0x8e91, 0x8e91, 0x8e91, 0x8e91, 0x8e91, 0x8e91, 0x8e91, 0x8e71, 0x8e91, 0x96b1,
    0x96d2, 0x8e91, 0x6d2d, 0x3b08, 0x19c5, 0x19a5, 0x21e5, 0x21e5, 0x19e5, 0x21e5, 0x19e5, 0x19a5, 0x2a66, 0x540b, 0x64ed, 0x64ac,
    0x64ac, 0x64ac, 0x64ac, 0x64ac, 0x64ac, 0x64cd, 0x4349, 0x19c5, 0x19e5, 0x19e5, 0x19e5, 0x19e5, 0x19e5, 0x19e5, 0x19e5, 0x19e5,
    0x19e5, 0x19e5, 0x19e5, 0x19e5, 0x19e5, 0x19e5, 0x19e5, 0x19e5, 0x19e5, 0x19e5, 0x19e5, 0x19e5, 0x19e5, 0x19e5, 0x19e5, 0x19e5,
    0x19e5, 0x19e5, 0x19e5, 0x19e5, 0x19e5, 0x19e5, 0x19e5, 0x19e5, 0x19e5, 0x19e5, 0x19e5, 0x19e5, 0x19e5, 0x19e5, 0x19e5, 0x19e5,
    0x19e5, 0x19e5, 0x19e5, 0x19e5, 0x19e5, 0x19e5, 0x19e5, 0x19e5, 0x19e5, 0x19e5, 0x19e5, 0x19e5, 0x19e5, 0x19e5, 0x19e5, 0x19e5,
    0x19e5, 0x19e5, 0x19e5, 0x19e5, 0x19e5, 0x19e5, 0x19e5, 0x19e5, 0x19e5, 0x19e5, 0x19e5, 0x19e5, 0x19e5, 0x19e5, 0x19e5, 0x19e5,
    0x19e5, 0x19e5, 0x19e5, 0x19e5, 0x19e5, 0x19e5, 0x19e5, 0x19e5, 0x19e5, 0x19e5, 0x19e5, 0x19e5, 0x19e5, 0x19e5, 0x19e5, 0x19e5,
    0x19e5, 0x19e5, 0x19e5, 0x19e5, 0x19e5, 0x19e5, 0x19e5, 0x19e5, 0x19e5, 0x19e5, 0x19e5, 0x19e5, 0x19e5, 0x19e5, 0x19e5, 0x19e5,
    0x19e5, 0x19e5, 0x19e5, 0x19e5, 0x19e5, 0x19e5, 0x19e5, 0x19e5, 0x19e5, 0x19e5, 0x19e5, 0x19e5, 0x19e5, 0x19e5, 0x19e5, 0x19e5,
    0x19e5, 0x19e5, 0x19e5, 0x19e5, 0x19e5, 0x19e5, 0x19e5, 0x19e5, 0x19e5, 0x19e5, 0x19e5, 0x19e5, 0x19e5, 0x19e5, 0x19e5, 0x19e5,
    0x19e5, 0x19e5, 0x19e5, 0x19e5, 0x19e5, 0x19e5, 0x19e5, 0x19e5, 0x19e5, 0x19e5, 0x19e5, 0x19e5, 0x19e5, 0x19e5, 0x19e5, 0x19e5,
    0x19e5, 0x19e5, 0x19e5, 0x19e5, 0x19e5, 0x21e5, 0x19c5, 0x2a67, 0x5c8c, 0x64cc, 0x648c, 0x64ac, 0x64ac, 0x64ac, 0x64ac, 0x64cd,
    0x5c2b, 0x2a67, 0x19a5, 0x19e5, 0x21e5, 0x19e5, 0x21e5, 0x19e5, 0x1184, 0x2a46, 0x5c6c, 0x8e50, 0x96f2, 0x96b1, 0x8e71, 0x8e71,
    0x8e91, 0x8e91, 0x8e91, 0x8e91, 0x8e91, 0x8e71, 0x8e71, 0x9691, 0x96b1, 0x96d2, 0x96d2, 0x96d2, 0x96d2, 0x96d2, 0x96d1, 0x96b1,
    0x96b1, 0x96d2, 0x96d2, 0x96d2, 0x96f2, 0x96d2, 0x96b1, 0x9691, 0x8e91, 0x8e71, 0x8e71, 0x8e91, 0x8e91, 0x8e91, 0x8e91, 0x8e91,
    0x8e71, 0x8e91, 0x96d2, 0x96b1, 0x756e, 0x3b28, 0x19a5, 0x19a5, 0x21e6, 0x19e5, 0x19e5, 0x21e5, 0x19c5, 0x19c5, 0x4369, 0x64cd,
    0x64ac, 0x64ac, 0x64ac, 0x64ac, 0x64ac, 0x64ac, 0x64ed, 0x4369, 0x19c5, 0x19e5, 0x19e5, 0x19e5, 0x19e5, 0x19e5, 0x19e5, 0x19e5,
    0x19e5, 0x19e5, 0x19e5, 0x19e5, 0x19e5, 0x19e5, 0x19e5, 0x19e5, 0x19e5, 0x19e5, 0x19e5, 0x19e5, 0x19e5, 0x19e5, 0x19e5, 0x19e5,
    0x19e5, 0x19e5, 0x19e5, 0x19e5, 0x19e5, 0x19e5, 0x19e5, 0x19e5, 0x19e5, 0x19e5, 0x19e5, 0x19e5, 0x19e5, 0x19e5, 0x19e5, 0x19e5,
    0x19e5, 0x19e5, 0x19e5, 0x19e5, 0x19e5, 0x19e5, 0x19e5, 0x19e5, 0x19e5, 0x19e5, 0x19e5, 0x19e5, 0x19e5, 0x19e5, 0x19e5, 0x19e5,
    0x19e5, 0x19e5, 0x19e5, 0x19e5, 0x19e5, 0x19e5, 0x19e5, 0x19e5, 0x19e5, 0x19e5, 0x19e5, 0x19e5, 0x19e5, 0x19e5, 0x19e5, 0x19e5,
    0x19e5, 0x19e5, 0x19e5, 0x19e5, 0x19e5, 0x19e5, 0x19e5, 0x19e5, 0x19e5, 0x19e5, 0x19e5, 0x19e5, 0x19e5, 0x19e5, 0x19e5, 0x19e5,
    0x19e5, 0x19e5, 0x19e5, 0x19e5, 0x19e5, 0x19e5, 0x19e5, 0x19e5, 0x19e5, 0x19e5, 0x19e5, 0x19e5, 0x19e5, 0x19e5, 0x19e5, 0x19e5,
    0x19e5, 0x19e5, 0x19e5, 0x19e5, 0x19e5, 0x19e5, 0x19e5, 0x19e5, 0x19e5, 0x19e5, 0x19e5, 0x19e5, 0x19e5, 0x19e5, 0x19e5, 0x19e5,
    0x19e5, 0x19e5, 0x19e5, 0x19e5, 0x19e5, 0x19e5, 0x19e5, 0x19e5, 0x19e5, 0x19e5, 0x19e5, 0x19e5, 0x19e5, 0x19e5, 0x19e5, 0x19e5,
    0x19e5, 0x19e5, 0x19e5, 0x19e5, 0x19e5, 0x19e5, 0x19e5, 0x19e5, 0x19e5, 0x19e5, 0x19e5, 0x19e5, 0x19e5, 0x19e5, 0x19e5, 0x19e5,
    0x19e5, 0x19e5, 0x19e5, 0x19e5, 0x19e5, 0x19e5, 0x19e5, 0x542b, 0x64cd, 0x648c, 0x64ac, 0x64ac, 0x64ac, 0x64ac, 0x64cd, 0x4baa,
    0x21e5, 0x19c5, 0x21e5, 0x19e5, 0x19e5, 0x21e6, 0x19a5, 0x19e5, 0x540b, 0x8e50, 0x96f2, 0x9691, 0x8e71, 0x8e91, 0x8e91, 0x8e91,
    0x8e91, 0x8e91, 0x8e71, 0x8e91, 0x96b1, 0x96d2, 0x96d2, 0x8e71, 0x85ef, 0x754e, 0x64ac, 0x542b, 0x4baa, 0x4369, 0x3b29, 0x3b28,
    0x3b29, 0x4349, 0x4389, 0x53ea, 0x5c6c, 0x6d0d, 0x7daf, 0x8e30, 0x96b1, 0x96d2, 0x96d2, 0x96b1, 0x8e71, 0x8e71, 0x8e91, 0x8e91,
    0x8e91, 0x8e91, 0x8e71, 0x8e91, 0x96d2, 0x96b1, 0x6d2d, 0x32a7, 0x1184, 0x19e5, 0x21e5, 0x19e5, 0x21e5, 0x19e5, 0x19a5, 0x32c8,
    0x648c, 0x64cc, 0x64ac, 0x64ac, 0x64ac, 0x64ac, 0x64ac, 0x64ed, 0x32c7, 0x19c5, 0x21e5, 0x19e5, 0x19e5, 0x19e5, 0x19e5, 0x19e5,
    0x19e5, 0x19e5, 0x19e5, 0x19e5, 0x19e5, 0x19e5, 0x19e5, 0x19e5, 0x19e5, 0x19e5, 0x19e5, 0x19e5, 0x19e5, 0x19e5, 0x19e5, 0x19e5,
    0x19e5, 0x19e5, 0x19e5, 0x19e5, 0x19e5, 0x19e5, 0x19e5, 0x19e5, 0x19e5, 0x19e5, 0x19e5, 0x19e5, 0x19e5, 0x19e5, 0x19e5, 0x19e5,
    0x19e5, 0x19e5, 0x19e5, 0x19e5, 0x19e5, 0x19e5, 0x19e5, 0x19e5, 0x19e5, 0x19e5, 0x19e5, 0x19e5, 0x19e5, 0x19e5, 0x19e5, 0x19e5,
    0x19e5, 0x19e5, 0x19e5, 0x19e5, 0x19e5, 0x19e5, 0x19e5, 0x19e5, 0x19e5, 0x19e5, 0x19e5, 0x19e5, 0x19e5, 0x19e5, 0x19e5, 0x19e5,
    0x19e5, 0x19e5, 0x19e5, 0x19e5, 0x19e5, 0x19e5, 0x19e5, 0x19e5, 0x19e5, 0x19e5, 0x19e5, 0x19e5, 0x19e5, 0x19e5, 0x19e5, 0x19e5,
    0x19e5, 0x19e5, 0x19e5, 0x19e5, 0x19e5, 0x19e5, 0x19e5, 0x19e5, 0x19e5, 0x19e5, 0x19e5, 0x19e5, 0x19e5, 0x19e5, 0x19e5, 0x19e5,
    0x19e5, 0x19e5, 0x19e5, 0x19e5, 0x19e5, 0x19e5, 0x19e5, 0x19e5, 0x19e5, 0x19e5, 0x19e5, 0x19e5, 0x19e5, 0x19e5, 0x19e5, 0x19e5,
    0x19e5, 0x19e5, 0x19e5, 0x19e5, 0x19e5, 0x19e5, 0x19e5, 0x19e5, 0x19e5, 0x19e5, 0x19e5, 0x19e5, 0x19e5, 0x19e5, 0x19e5, 0x19e5,
    0x19e5, 0x19e5, 0x19e5, 0x19e5, 0x19e5, 0x19e5, 0x19e5, 0x19e5, 0x19e5, 0x19e5, 0x19e5, 0x19e5, 0x19e5, 0x19e5, 0x19e5, 0x19e5,
    0x19e5, 0x19e5, 0x19e5, 0x19e5, 0x21e5, 0x19c5, 0x2a67, 0x64ac, 0x64ac, 0x64ac, 0x64ac, 0x64ac, 0x64ac, 0x64cd, 0x4349, 0x19c5,
    0x19e5, 0x21e5, 0x19e5, 0x21e5, 0x19e5, 0x1184, 0x3b08, 0x7dcf, 0x96f2, 0x96b1, 0x8e71, 0x8e91, 0x8e91, 0x8e91, 0x8e91, 0x8e71,
    0x8e91, 0x96b1, 0x96d2, 0x8e91, 0x7daf, 0x5c8c, 0x4369, 0x2a87, 0x2206, 0x19a5, 0x1985, 0x1184, 0x1985, 0x19a5, 0x19a5, 0x19a5,
    0x19a5, 0x19a5, 0x1985, 0x1185, 0x1184, 0x19a5, 0x19c5, 0x2a46, 0x3ae8, 0x540b, 0x6d2e, 0x8630, 0x96d2, 0x96d2, 0x9691, 0x8e71,
    0x8e91, 0x8e91, 0x8e91, 0x8e91, 0x8e71, 0x8e91, 0x96d2, 0x8e91, 0x5c4b, 0x21e5, 0x19a5, 0x2206, 0x19e5, 0x19e5, 0x21e5, 0x19a5,
    0x2a46, 0x5c4b, 0x64cd, 0x648c, 0x64ac, 0x64ac, 0x64ac, 0x64cd, 0x4389, 0x19a5, 0x21e5, 0x19e5, 0x19e5, 0x19e5, 0x19e5, 0x19e5,
    0x19e5, 0x19e5, 0x19e5, 0x19e5, 0x19e5, 0x19e5, 0x19e5, 0x19e5, 0x19e5, 0x19e5, 0x19e5, 0x19e5, 0x19e5, 0x19e5, 0x19e5, 0x19e5,
    0x19e5, 0x19e5, 0x19e5, 0x19e5, 0x19e5, 0x19e5, 0x19e5, 0x19e5, 0x19e5, 0x19e5, 0x19e5, 0x19e5, 0x19e5, 0x19e5, 0x19e5, 0x19e5,
    0x19e5, 0x19e5, 0x19e5, 0x19e5, 0x19e5, 0x19e5, 0x19e5, 0x19e5, 0x19e5, 0x19e5, 0x19e5, 0x19e5, 0x19e5, 0x19e5, 0x19e5, 0x19e5,
    0x19e5, 0x19e5, 0x19e5, 0x19e5, 0x19e5, 0x19e5, 0x19e5, 0x19e5, 0x19e5, 0x19e5, 0x19e5, 0x19e5, 0x19e5, 0x19e5, 0x19e5, 0x19e5,
    0x19e5, 0x19e5, 0x19e5, 0x19e5, 0x19e5, 0x19e5, 0x19e5, 0x19e5, 0x19e5, 0x19e5, 0x19e5, 0x19e5, 0x19e5, 0x19e5, 0x19e5, 0x19e5,
    0x19e5, 0x19e5, 0x19e5, 0x19e5, 0x19e5, 0x19e5, 0x19e5, 0x19e5, 0x19e5, 0x19e5, 0x19e5, 0x19e5, 0x19e5, 0x19e5, 0x19e5, 0x19e5,
    0x19e5, 0x19e5, 0x19e5, 0x19e5, 0x19e5, 0x19e5, 0x19e5, 0x19e5, 0x19e5, 0x19e5, 0x19e5, 0x19e5, 0x19e5, 0x19e5, 0x19e5, 0x19e5,
    0x19e5, 0x19e5, 0x19e5, 0x19e5, 0x19e5, 0x19e5, 0x19e5, 0x19e5, 0x19e5, 0x19e5, 0x19e5, 0x19e5, 0x19e5, 0x19e5, 0x19e5, 0x19e5,
    0x19e5, 0x19e5, 0x19e5, 0x19e5, 0x19e5, 0x19e5, 0x19e5, 0x19e5, 0x19e5, 0x19e5, 0x19e5, 0x19e5, 0x19e5, 0x19e5, 0x19e5, 0x19e5,
    0x19e5, 0x19e5, 0x19e5, 0x19e5, 0x19e5, 0x19c5, 0x2226, 0x648c, 0x64ac, 0x648c, 0x648c, 0x64ac, 0x64ac, 0x32e8, 0x19a5, 0x21e5,
    0x19e5, 0x19e5, 0x2206, 0x19a5, 0x21e5, 0x5c8c, 0x96b1, 0x96b1, 0x8e71, 0x8e91, 0x8e91, 0x8e91, 0x8e91, 0x8e71, 0x9691, 0x96d2,
    0x96b1, 0x7daf, 0x540b, 0x32a7, 0x19e5, 0x1185, 0x19a5, 0x19c5, 0x19e5, 0x21e5, 0x21e5, 0x21e6, 0x21e5, 0x21e5, 0x21e5, 0x21e5,
    0x21e5, 0x21e5, 0x21e5, 0x21e5, 0x21e5, 0x21e5, 0x19e5, 0x19c5, 0x19a5, 0x1184, 0x19a5, 0x2226, 0x4369, 0x6ced, 0x8e50, 0x96d2,
    0x96b1, 0x8e71, 0x8e91, 0x8e91, 0x8e91, 0x8e91, 0x8e71, 0x8e91, 0x96f2, 0x7dcf, 0x32e8, 0x1184, 0x21e5, 0x21e5, 0x19e5, 0x21e5,
    0x19c5, 0x2206, 0x540b, 0x64cd, 0x648c, 0x64ac, 0x648c, 0x6ced, 0x4349, 0x19a5, 0x21e5, 0x19e5, 0x19e5, 0x19e5, 0x19e5, 0x19e5,
    0x19e5, 0x19e5, 0x19e5, 0x19e5, 0x19e5, 0x19e5, 0x19e5, 0x19e5, 0x19e5, 0x19e5, 0x19e5, 0x19e5, 0x19e5, 0x19e5, 0x19e5, 0x19e5,
    0x19e5, 0x19e5, 0x19e5, 0x19e5, 0x19e5, 0x19e5, 0x19e5, 0x19e5, 0x19e5, 0x19e5, 0x19e5, 0x19e5, 0x19e5, 0x19e5, 0x19e5, 0x19e5,
    0x19e5, 0x19e5, 0x19e5, 0x19e5, 0x19e5, 0x19e5, 0x19e5, 0x19e5, 0x19e5, 0x19e5, 0x19e5, 0x19e5, 0x19e5, 0x19e5, 0x19e5, 0x19e5,
    0x19e5, 0x19e5, 0x19e5, 0x19e5, 0x19e5, 0x19e5, 0x19e5, 0x19e5, 0x19e5, 0x19e5, 0x19e5, 0x19e5, 0x19e5, 0x19e5, 0x19e5, 0x19e5,
    0x19e5, 0x19e5, 0x19e5, 0x19e5, 0x19e5, 0x19e5, 0x19e5, 0x19e5, 0x19e5, 0x19e5, 0x19e5, 0x19e5, 0x19e5, 0x19e5, 0x19e5, 0x19e5,
    0x19e5, 0x19e5, 0x19e5, 0x19e5, 0x19e5, 0x19e5, 0x19e5, 0x19e5, 0x19e5, 0x19e5, 0x19e5, 0x19e5, 0x19e5, 0x19e5, 0x19e5, 0x19e5,
    0x19e5, 0x19e5, 0x19e5, 0x19e5, 0x19e5, 0x19e5, 0x19e5, 0x19e5, 0x19e5, 0x19e5, 0x19e5, 0x19e5, 0x19e5, 0x19e5, 0x19e5, 0x19e5,
    0x19e5, 0x19e5, 0x19e5, 0x19e5, 0x19e5, 0x19e5, 0x19e5, 0x19e5, 0x19e5, 0x19e5, 0x19e5, 0x19e5, 0x19e5, 0x19e5, 0x19e5, 0x19e5,
    0x19e5, 0x19e5, 0x19e5, 0x19e5, 0x19e5, 0x19e5, 0x19e5, 0x19e5, 0x19e5, 0x19e5, 0x19e5, 0x19e5, 0x19e5, 0x19e5, 0x19e5, 0x19e5,
    0x19e5, 0x19e5, 0x19e5, 0x19e5, 0x19e5, 0x21e5, 0x19c5, 0x4349, 0x6ced, 0x64cd, 0x64cd, 0x64ac, 0x32a7, 0x19a5, 0x21e5, 0x19e5,
    0x19e5, 0x21e5, 0x1184, 0x32a7, 0x7dcf, 0x96f2, 0x8e91, 0x8e71, 0x8e91, 0x8e91, 0x8e91, 0x8e71, 0x9691, 0x96f2, 0x8e71, 0x64cd,
    0x3ae8, 0x19c5, 0x1184, 0x19a5, 0x19e5, 0x21e5, 0x21e5, 0x21e5, 0x19e5, 0x19e5, 0x19e5, 0x19e5, 0x19e5, 0x19e5, 0x19e5, 0x19e5,
    0x19e5, 0x19e5, 0x19e5, 0x19e5, 0x19e5, 0x19e5, 0x19e5, 0x21e5, 0x21e5, 0x21e5, 0x21e5, 0x19c5, 0x19a5, 0x19a5, 0x2a46, 0x53ea,
    0x7dcf, 0x96d2, 0x96b1, 0x8e71, 0x8e91, 0x8e91, 0x8e91, 0x8e91, 0x8e71, 0x96b1, 0x96b1, 0x540b, 0x19a5, 0x19c5, 0x21e5, 0x19e5,
    0x21e5, 0x19c5, 0x21e5, 0x53ea, 0x6ced, 0x64cd, 0x6ced, 0x5c6c, 0x2226, 0x19c5, 0x19e5, 0x19e5, 0x19e5, 0x19e5, 0x19e5, 0x19e5,
    0x19e5, 0x19e5, 0x19e5, 0x19e5, 0x19e5, 0x19e5, 0x19e5, 0x19e5, 0x19e5, 0x19e5, 0x19e5, 0x19e5, 0x19e5, 0x19e5, 0x19e5, 0x19e5,
    0x19e5, 0x19e5, 0x19e5, 0x19e5, 0x19e5, 0x19e5, 0x19e5, 0x19e5, 0x19e5, 0x19e5, 0x19e5, 0x19e5, 0x19e5, 0x19e5, 0x19e5, 0x19e5,
    0x19e5, 0x19e5, 0x19e5, 0x19e5, 0x19e5, 0x19e5, 0x19e5, 0x19e5, 0x19e5, 0x19e5, 0x19e5, 0x19e5, 0x19e5, 0x19e5, 0x19e5, 0x19e5,
    0x19e5, 0x19e5, 0x19e5, 0x19e5, 0x19e5, 0x19e5, 0x19e5, 0x19e5, 0x19e5, 0x19e5, 0x19e5, 0x19e5, 0x19e5, 0x19e5, 0x19e5, 0x19e5,
    0x19e5, 0x19e5, 0x19e5, 0x19e5, 0x19e5, 0x19e5, 0x19e5, 0x19e5, 0x19e5, 0x19e5, 0x19e5, 0x19e5, 0x19e5, 0x19e5, 0x19e5, 0x19e5,
    0x19e5, 0x19e5, 0x19e5, 0x19e5, 0x19e5, 0x19e5, 0x19e5, 0x19e5, 0x19e5, 0x19e5, 0x19e5, 0x19e5, 0x19e5, 0x19e5, 0x19e5, 0x19e5,
    0x19e5, 0x19e5, 0x19e5, 0x19e5, 0x19e5, 0x19e5, 0x19e5, 0x19e5, 0x19e5, 0x19e5, 0x19e5, 0x19e5, 0x19e5, 0x19e5, 0x19e5, 0x19e5,
    0x19e5, 0x19e5, 0x19e5, 0x19e5, 0x19e5, 0x19e5, 0x19e5, 0x19e5, 0x19e5, 0x19e5, 0x19e5, 0x19e5, 0x19e5, 0x19e5, 0x19e5, 0x19e5,
    0x19e5, 0x19e5, 0x19e5, 0x19e5, 0x19e5, 0x19e5, 0x19e5, 0x19e5, 0x19e5, 0x19e5, 0x19e5, 0x19e5, 0x19e5, 0x19e5, 0x19e5, 0x19e5,
    0x19e5, 0x19e5, 0x19e5, 0x19e5, 0x19e5, 0x19e5, 0x19e5, 0x19c5, 0x3ae8, 0x4bca, 0x4b8a, 0x2a67, 0x19c5, 0x21e5, 0x19e5, 0x21e5,
    0x21e5, 0x1185, 0x4389, 0x8e91, 0x96d1, 0x8e71, 0x8e91, 0x8e91, 0x8e91, 0x8e71, 0x8e91, 0x96d2, 0x8e71, 0x5c8c, 0x2a87, 0x19a5,
    0x19a5, 0x19e5, 0x21e6, 0x21e5, 0x19e5, 0x19e5, 0x19e5, 0x19e5, 0x19e5, 0x19e5, 0x19e5, 0x19e5, 0x19e5, 0x19e5, 0x19e5, 0x19e5,
    0x19e5, 0x19e5, 0x19e5, 0x19e5, 0x19e5, 0x19e5, 0x19e5, 0x19e5, 0x19e5, 0x19e5, 0x19e5, 0x21e5, 0x21e5, 0x21e5, 0x19c5, 0x1184,
    0x21e5, 0x4389, 0x7daf, 0x96d2, 0x96b1, 0x8e71, 0x8e91, 0x8e91, 0x8e91, 0x8e71, 0x8e91, 0x96f2, 0x6d2d, 0x2206, 0x19a5, 0x2205,
    0x19e5, 0x21e5, 0x19c5, 0x19e5, 0x3b28, 0x4bca, 0x4369, 0x2226, 0x19c5, 0x21e5, 0x19e5, 0x19e5, 0x19e5, 0x19e5, 0x19e5, 0x19e5,
    0x19e5, 0x19e5, 0x19e5, 0x19e5, 0x19e5, 0x19e5, 0x19e5, 0x19e5, 0x19e5, 0x19e5, 0x19e5, 0x19e5, 0x19e5, 0x19e5, 0x19e5, 0x19e5,
    0x19e5, 0x19e5, 0x19e5, 0x19e5, 0x19e5, 0x19e5, 0x19e5, 0x19e5, 0x19e5, 0x19e5, 0x19e5, 0x19e5, 0x19e5, 0x19e5, 0x19e5, 0x19e5,
    0x19e5, 0x19e5, 0x19e5, 0x19e5, 0x19e5, 0x19e5, 0x19e5, 0x19e5, 0x19e5, 0x19e5, 0x19e5, 0x19e5, 0x19e5, 0x19e5, 0x19e5, 0x19e5,
    0x19e5, 0x19e5, 0x19e5, 0x19e5, 0x19e5, 0x19e5, 0x19e5, 0x19e5, 0x19e5, 0x19e5, 0x19e5, 0x19e5, 0x19e5, 0x19e5, 0x19e5, 0x19e5,
    0x19e5, 0x19e5, 0x19e5, 0x19e5, 0x19e5, 0x19e5, 0x19e5, 0x19e5, 0x19e5, 0x19e5, 0x19e5, 0x19e5, 0x19e5, 0x19e5, 0x19e5, 0x19e5,
    0x19e5, 0x19e5, 0x19e5, 0x19e5, 0x19e5, 0x19e5, 0x19e5, 0x19e5, 0x19e5, 0x19e5, 0x19e5, 0x19e5, 0x19e5, 0x19e5, 0x19e5, 0x19e5,
    0x19e5, 0x19e5, 0x19e5, 0x19e5, 0x19e5, 0x19e5, 0x19e5, 0x19e5, 0x19e5, 0x19e5, 0x19e5, 0x19e5, 0x19e5, 0x19e5, 0x19e5, 0x19e5,
    0x19e5, 0x19e5, 0x19e5, 0x19e5, 0x19e5, 0x19e5, 0x19e5, 0x19e5, 0x19e5, 0x19e5, 0x19e5, 0x19e5, 0x19e5, 0x19e5, 0x19e5, 0x19e5,
    0x19e5, 0x19e5, 0x19e5, 0x19e5, 0x19e5, 0x19e5, 0x19e5, 0x19e5, 0x19e5, 0x19e5, 0x19e5, 0x19e5, 0x19e5, 0x19e5, 0x19e5, 0x19e5,
    0x19e5, 0x19e5, 0x19e5, 0x19e5, 0x19e5, 0x19e5, 0x19e5, 0x19e5, 0x19c5, 0x19c5, 0x19a5, 0x19c5, 0x21e5, 0x19e5, 0x21e5, 0x19e5,
    0x19a5, 0x5c4b, 0x96d2, 0x9691, 0x8e71, 0x8e91, 0x8e91, 0x8e91, 0x8e71, 0x96b1, 0x96b1, 0x64cd, 0x2a87, 0x1184, 0x19c5, 0x21e5,
    0x21e5, 0x19e5, 0x19e5, 0x19e5, 0x19e5, 0x19e5, 0x19e5, 0x19e5, 0x19e5, 0x19e5, 0x19e5, 0x19e5, 0x19e5, 0x19e5, 0x19e5, 0x19e5,
    0x19e5, 0x19e5, 0x19e5, 0x19e5, 0x19e5, 0x19e5, 0x19e5, 0x19e5, 0x19e5, 0x19e5, 0x19e5, 0x19e5, 0x19e5, 0x19e5, 0x21e5, 0x21e6,
    0x19e5, 0x1985, 0x19e5, 0x4baa, 0x8610, 0x96d2, 0x8e91, 0x8e91, 0x8e91, 0x8e91, 0x8e91, 0x8e71, 0x96d2, 0x7dcf, 0x2a67, 0x19a5,
    0x2206, 0x19e5, 0x19e5, 0x19e5, 0x19a5, 0x19c5, 0x19a5, 0x19c5, 0x21e5, 0x19e5, 0x19e5, 0x19e5, 0x19e5, 0x19e5, 0x19e5, 0x19e5,
    0x19e5, 0x19e5, 0x19e5, 0x19e5, 0x19e5, 0x19e5, 0x19e5, 0x19e5, 0x19e5, 0x19e5, 0x19e5, 0x19e5, 0x19e5, 0x19e5, 0x19e5, 0x19e5,
    0x19e5, 0x19e5, 0x19e5, 0x19e5, 0x19e5, 0x19e5, 0x19e5, 0x19e5, 0x19e5, 0x19e5, 0x19e5, 0x19e5, 0x19e5, 0x19e5, 0x19e5, 0x19e5,
    0x19e5, 0x19e5, 0x19e5, 0x19e5, 0x19e5, 0x19e5, 0x19e5, 0x19e5, 0x19e5, 0x19e5, 0x19e5, 0x19e5, 0x19e5, 0x19e5, 0x19e5, 0x19e5,
    0x19e5, 0x19e5, 0x19e5, 0x19e5, 0x19e5, 0x19e5, 0x19e5, 0x19e5, 0x19e5, 0x19e5, 0x19e5, 0x19e5, 0x19e5, 0x19e5, 0x19e5, 0x19e5,
    0x19e5, 0x19e5, 0x19e5, 0x19e5, 0x19e5, 0x19e5, 0x19e5, 0x19e5, 0x19e5, 0x19e5, 0x19e5, 0x19e5, 0x19e5, 0x19e5, 0x19e5, 0x19e5,
    0x19e5, 0x19e5, 0x19e5, 0x19e5, 0x19e5, 0x19e5, 0x19e5, 0x19e5, 0x19e5, 0x19e5, 0x19e5, 0x19e5, 0x19e5, 0x19e5, 0x19e5, 0x19e5,
    0x19e5, 0x19e5, 0x19e5, 0x19e5, 0x19e5, 0x19e5, 0x19e5, 0x19e5, 0x19e5, 0x19e5, 0x19e5, 0x19e5, 0x19e5, 0x19e5, 0x19e5, 0x19e5,
    0x19e5, 0x19e5, 0x19e5, 0x19e5, 0x19e5, 0x19e5, 0x19e5, 0x19e5, 0x19e5, 0x19e5, 0x19e5, 0x19e5, 0x19e5, 0x19e5, 0x19e5, 0x19e5,
    0x19e5, 0x19e5, 0x19e5, 0x19e5, 0x19e5, 0x19e5, 0x19e5, 0x19e5, 0x19e5, 0x19e5, 0x19e5, 0x19e5, 0x19e5, 0x19e5, 0x19e5, 0x19e5,
    0x19e5, 0x19e5, 0x19e5, 0x19e5, 0x19e5, 0x19e5, 0x19e5, 0x19e5, 0x21e5, 0x21e5, 0x21e5, 0x21e5, 0x19e5, 0x19e5, 0x19c5, 0x19c5,
    0x64cd, 0x9ef2, 0x8e91, 0x8e91, 0x8e91, 0x8e91, 0x8e91, 0x8e91, 0x96f2, 0x7dcf, 0x3b08, 0x19a5, 0x19c5, 0x21e6, 0x21e5, 0x19e5,
    0x19e5, 0x19e5, 0x19e5, 0x19e5, 0x19e5, 0x19e5, 0x19e5, 0x19e5, 0x19e5, 0x19e5, 0x19e5, 0x19e5, 0x19e5, 0x19e5, 0x19e5, 0x19e5,
    0x19e5, 0x19e5, 0x19e5, 0x19e5, 0x19e5, 0x19e5, 0x19e5, 0x19e5, 0x19e5, 0x19e5, 0x19e5, 0x19e5, 0x19e5, 0x19e5, 0x19e5, 0x19e5,
    0x19e5, 0x21e5, 0x19e5, 0x1184, 0x2226, 0x5c8c, 0x96b1, 0x96b1, 0x8e71, 0x8e91, 0x8e91, 0x8e91, 0x8e71, 0x96d1, 0x8e30, 0x32c8,
    0x19a5, 0x21e5, 0x19e5, 0x19e5, 0x21e5, 0x21e5, 0x21e5, 0x19e5, 0x19e5, 0x19e5, 0x19e5, 0x19e5, 0x19e5, 0x19e5, 0x19e5, 0x19e5,
    0x19e5, 0x19e5, 0x19e5, 0x19e5, 0x19e5, 0x19e5, 0x19e5, 0x19e5, 0x19e5, 0x19e5, 0x19e5, 0x19e5, 0x19e5, 0x19e5, 0x19e5, 0x19e5,
    0x19e5, 0x19e5, 0x19e5, 0x19e5, 0x19e5, 0x19e5, 0x19e5, 0x19e5, 0x19e5, 0x19e5, 0x19e5, 0x19e5, 0x19e5, 0x19e5, 0x19e5, 0x19e5,
    0x19e5, 0x19e5, 0x19e5, 0x19e5, 0x19e5, 0x19e5, 0x19e5, 0x19e5, 0x19e5, 0x19e5, 0x19e5, 0x19e5, 0x19e5, 0x19e5, 0x19e5, 0x19e5,
    0x19e5, 0x19e5, 0x19e5, 0x19e5, 0x19e5, 0x19e5, 0x19e5, 0x19e5, 0x19e5, 0x19e5, 0x19e5, 0x19e5, 0x19e5, 0x19e5, 0x19e5, 0x19e5,
    0x19e5, 0x19e5, 0x19e5, 0x19e5, 0x19e5, 0x19e5, 0x19e5, 0x19e5, 0x19e5, 0x19e5, 0x19e5, 0x19e5, 0x19e5, 0x19e5, 0x19e5, 0x19e5,
    0x19e5, 0x19e5, 0x19e5, 0x19e5, 0x19e5, 0x19e5, 0x19e5, 0x19e5, 0x19e5, 0x19e5, 0x19e5, 0x19e5, 0x19e5, 0x19e5, 0x19e5, 0x19e5,
    0x19e5, 0x19e5, 0x19e5, 0x19e5, 0x19e5, 0x19e5, 0x19e5, 0x19e5, 0x19e5, 0x19e5, 0x19e5, 0x19e5, 0x19e5, 0x19e5, 0x19e5, 0x19e5,
    0x19e5, 0x19e5, 0x19e5, 0x19e5, 0x19e5, 0x19e5, 0x19e5, 0x19e5, 0x19e5, 0x19e5, 0x19e5, 0x19e5, 0x19e5, 0x19e5, 0x19e5, 0x19e5,
    0x19e5, 0x19e5, 0x19e5, 0x19e5, 0x19e5, 0x19e5, 0x19e5, 0x19e5, 0x19e5, 0x19e5, 0x19e5, 0x19e5, 0x19e5, 0x19e5, 0x19e5, 0x19e5,
    0x19e5, 0x19e5, 0x19e5, 0x19e5, 0x19e5, 0x19e5, 0x19e5, 0x19e5, 0x19e5, 0x19e5, 0x19e5, 0x19e5, 0x19e5, 0x19e5, 0x19c5, 0x6ced,
    0x9ef2, 0x8e71, 0x8e91, 0x8e91, 0x8e91, 0x8e71, 0x96b1, 0x96b1, 0x5c6c, 0x19e5, 0x19a5, 0x21e5, 0x21e5, 0x19e5, 0x19e5, 0x19e5,
    0x19e5, 0x19e5, 0x19e5, 0x19e5, 0x19e5, 0x19e5, 0x19e5, 0x19e5, 0x19e5, 0x19e5, 0x19e5, 0x19e5, 0x19e5, 0x19e5, 0x19e5, 0x19e5,
    0x19e5, 0x19e5, 0x19e5, 0x19e5, 0x19e5, 0x19e5, 0x19e5, 0x19e5, 0x19e5, 0x19e5, 0x19e5, 0x19e5, 0x19e5, 0x19e5, 0x19e5, 0x19e5,
    0x19e5, 0x19e5, 0x19e5, 0x2206, 0x19c5, 0x1184, 0x3b08, 0x85ef, 0x96d2, 0x8e71, 0x8e91, 0x8e91, 0x8e91, 0x8e71, 0x96b1, 0x8e71,
    0x32c8, 0x19a5, 0x21e5, 0x19e5, 0x19e5, 0x19e5, 0x19e5, 0x19e5, 0x19e5, 0x19e5, 0x19e5, 0x19e5, 0x19e5, 0x19e5, 0x19e5, 0x19e5,
    0x19e5, 0x19e5, 0x19e5, 0x19e5, 0x19e5, 0x19e5, 0x19e5, 0x19e5, 0x19e5, 0x19e5, 0x19e5, 0x19e5, 0x19e5, 0x19e5, 0x19e5, 0x19e5,
    0x19e5, 0x19e5, 0x19e5, 0x19e5, 0x19e5, 0x19e5, 0x19e5, 0x19e5, 0x19e5, 0x19e5, 0x19e5, 0x19e5, 0x19e5, 0x19e5, 0x19e5, 0x19e5,
    0x19e5, 0x19e5, 0x19e5, 0x19e5, 0x19e5, 0x19e5, 0x19e5, 0x19e5, 0x19e5, 0x19e5, 0x19e5, 0x19e5, 0x19e5, 0x19e5, 0x19e5, 0x19e5,
    0x19e5, 0x19e5, 0x19e5, 0x19e5, 0x19e5, 0x19e5, 0x19e5, 0x19e5, 0x19e5, 0x19e5, 0x19e5, 0x19e5, 0x19e5, 0x19e5, 0x19e5, 0x19e5,
    0x19e5, 0x19e5, 0x19e5, 0x19e5, 0x19e5, 0x19e5, 0x19e5, 0x19e5, 0x19e5, 0x19e5, 0x19e5, 0x19e5, 0x19e5, 0x19e5, 0x19e5, 0x19e5,
    0x19e5, 0x19e5, 0x19e5, 0x19e5, 0x19e5, 0x19e5, 0x19e5, 0x19e5, 0x19e5, 0x19e5, 0x19e5, 0x19e5, 0x19e5, 0x19e5, 0x19e5, 0x19e5,
    0x19e5, 0x19e5, 0x19e5, 0x19e5, 0x19e5, 0x19e5, 0x19e5, 0x19e5, 0x19e5, 0x19e5, 0x19e5, 0x19e5, 0x19e5, 0x19e5, 0x19e5, 0x19e5,
    0x19e5, 0x19e5, 0x19e5, 0x19e5, 0x19e5, 0x19e5, 0x19e5, 0x19e5, 0x19e5, 0x19e5, 0x19e5, 0x19e5, 0x19e5, 0x19e5, 0x19e5, 0x19e5,
    0x19e5, 0x19e5, 0x19e5, 0x19e5, 0x19e5, 0x19e5, 0x19e5, 0x19e5, 0x19e5, 0x19e5, 0x19e5, 0x19e5, 0x19e5, 0x19e5, 0x19e5, 0x19e5,
    0x19e5, 0x19e5, 0x19e5, 0x19e5, 0x19e5, 0x19e5, 0x19e5, 0x19e5, 0x19e5, 0x19e5, 0x19e5, 0x19e5, 0x21e5, 0x19a5, 0x4389, 0x9ef2,
    0x8e71, 0x8e91, 0x8e91, 0x8e91, 0x8e71, 0x96d2, 0x8630, 0x3b29, 0x1184, 0x19e5, 0x21e5, 0x19e5, 0x19e5, 0x19e5, 0x19e5, 0x19e5,
    0x19e5, 0x19e5, 0x19e5, 0x19e5, 0x19e5, 0x19e5, 0x19e5, 0x19e5, 0x19e5, 0x19e5, 0x19e5, 0x19e5, 0x19e5, 0x19e5, 0x19e5, 0x19e5,
    0x19e5, 0x19e5, 0x19e5, 0x19e5, 0x19e5, 0x19e5, 0x19e5, 0x19e5, 0x19e5, 0x19e5, 0x19e5, 0x19e5, 0x19e5, 0x19e5, 0x19e5, 0x19e5,
    0x19e5, 0x19e5, 0x19e5, 0x19e5, 0x21e5, 0x21e6, 0x19a5, 0x2206, 0x6ced, 0x96d2, 0x8e91, 0x8e91, 0x8e91, 0x8e91, 0x8e71, 0x96d2,
    0x7d8f, 0x19c5, 0x19e5, 0x19e5, 0x19e5, 0x19e5, 0x19e5, 0x19e5, 0x19e5, 0x19e5, 0x19e5, 0x19e5, 0x19e5, 0x19e5, 0x19e5, 0x19e5,
    0x19e5, 0x19e5, 0x19e5, 0x19e5, 0x19e5, 0x19e5, 0x19e5, 0x19e5, 0x19e5, 0x19e5, 0x19e5, 0x19e5, 0x19e5, 0x19e5, 0x19e5, 0x19e5,
    0x19e5, 0x19e5, 0x19e5, 0x19e5, 0x19e5, 0x19e5, 0x19e5, 0x19e5, 0x19e5, 0x19e5, 0x19e5, 0x19e5, 0x19e5, 0x19e5, 0x19e5, 0x19e5,
    0x19e5, 0x19e5, 0x19e5, 0x19e5, 0x19e5, 0x19e5, 0x19e5, 0x19e5, 0x19e5, 0x19e5, 0x19e5, 0x19e5, 0x19e5, 0x19e5, 0x19e5, 0x19e5,
    0x19e5, 0x19e5, 0x19e5, 0x19e5, 0x19e5, 0x19e5, 0x19e5, 0x19e5, 0x19e5, 0x19e5, 0x19e5, 0x19e5, 0x19e5, 0x19e5, 0x19e5, 0x19e5,
    0x19e5, 0x19e5, 0x19e5, 0x19e5, 0x19e5, 0x19e5, 0x19e5, 0x19e5, 0x19e5, 0x19e5, 0x19e5, 0x19e5, 0x19e5, 0x19e5, 0x19e5, 0x19e5,
    0x19e5, 0x19e5, 0x19e5, 0x19e5, 0x19e5, 0x19e5, 0x19e5, 0x19e5, 0x19e5, 0x19e5, 0x19e5, 0x19e5, 0x19e5, 0x19e5, 0x19e5, 0x19e5,
    0x19e5, 0x19e5, 0x19e5, 0x19e5, 0x19e5, 0x19e5, 0x19e5, 0x19e5, 0x19e5, 0x19e5, 0x19e5, 0x19e5, 0x19e5, 0x19e5, 0x19e5, 0x19e5,
    0x19e5, 0x19e5, 0x19e5, 0x19e5, 0x19e5, 0x19e5, 0x19e5, 0x19e5, 0x19e5, 0x19e5, 0x19e5, 0x19e5, 0x19e5, 0x19e5, 0x19e5, 0x19e5,
    0x19e5, 0x19e5, 0x19e5, 0x19e5, 0x19e5, 0x19e5, 0x19e5, 0x19e5, 0x19e5, 0x19e5, 0x19e5, 0x19e5, 0x19e5, 0x19e5, 0x19e5, 0x19e5,
    0x19e5, 0x19e5, 0x19e5, 0x19e5, 0x19e5, 0x19e5, 0x19e5, 0x19e5, 0x19e5, 0x19e5, 0x19e5, 0x19e5, 0x21e6, 0x1184, 0x5c8c, 0x96d2,
    0x8e71, 0x8e91, 0x8e91, 0x8e71, 0x96d2, 0x7daf, 0x2a46, 0x1985, 0x2206, 0x19e5, 0x19e5, 0x19e5, 0x19e5, 0x19e5, 0x19e5, 0x19e5,
    0x19e5, 0x19e5, 0x19e5, 0x19e5, 0x19e5, 0x19e5, 0x19e5, 0x19e5, 0x19e5, 0x19e5, 0x19e5, 0x19e5, 0x19e5, 0x19e5, 0x19e5, 0x19e5,
    0x19e5, 0x19e5, 0x19e5, 0x19e5, 0x19e5, 0x19e5, 0x19e5, 0x19e5, 0x19e5, 0x19e5, 0x19e5, 0x19e5, 0x19e5, 0x19e5, 0x19e5, 0x19e5,
    0x19e5, 0x19e5, 0x19e5, 0x19e5, 0x19e5, 0x19e5, 0x21e5, 0x19c5, 0x19a5, 0x540b, 0x96b1, 0x9691, 0x8e71, 0x8e91, 0x8e91, 0x8e91,
    0x8e50, 0x2a46, 0x19c5, 0x21e5, 0x19e5, 0x19e5, 0x19e5, 0x19e5, 0x19e5, 0x19e5, 0x19e5, 0x19e5, 0x19e5, 0x19e5, 0x19e5, 0x19e5,
    0x19e5, 0x19e5, 0x19e5, 0x19e5, 0x19e5, 0x19e5, 0x19e5, 0x19e5, 0x19e5, 0x19e5, 0x19e5, 0x19e5, 0x19e5, 0x19e5, 0x19e5, 0x19e5,
    0x19e5, 0x19e5, 0x19e5, 0x19e5, 0x19e5, 0x19e5, 0x19e5, 0x19e5, 0x19e5, 0x19e5, 0x19e5, 0x19e5, 0x19e5, 0x19e5, 0x19e5, 0x19e5,
    0x19e5, 0x19e5, 0x19e5, 0x19e5, 0x19e5, 0x19e5, 0x19e5, 0x19e5, 0x19e5, 0x19e5, 0x19e5, 0x19e5, 0x19e5, 0x19e5, 0x19e5, 0x19e5,
    0x19e5, 0x19e5, 0x19e5, 0x19e5, 0x19e5, 0x19e5, 0x19e5, 0x19e5, 0x19e5, 0x19e5, 0x19e5, 0x19e5, 0x19e5, 0x19e5, 0x19e5, 0x19e5,
    0x19e5, 0x19e5, 0x19e5, 0x19e5, 0x19e5, 0x19e5, 0x19e5, 0x19e5, 0x19e5, 0x19e5, 0x19e5, 0x19e5, 0x19e5, 0x19e5, 0x19e5, 0x19e5,
    0x19e5, 0x19e5, 0x19e5, 0x19e5, 0x19e5, 0x19e5, 0x19e5, 0x19e5, 0x19e5, 0x19e5, 0x19e5, 0x19e5, 0x19e5, 0x19e5, 0x19e5, 0x19e5,
    0x19e5, 0x19e5, 0x19e5, 0x19e5, 0x19e5, 0x19e5, 0x19e5, 0x19e5, 0x19e5, 0x19e5, 0x19e5, 0x19e5, 0x19e5, 0x19e5, 0x19e5, 0x19e5,
    0x19e5, 0x19e5, 0x19e5, 0x19e5, 0x19e5, 0x19e5, 0x19e5, 0x19e5, 0x19e5, 0x19e5, 0x19e5, 0x19e5, 0x19e5, 0x19e5, 0x19e5, 0x19e5,
    0x19e5, 0x19e5, 0x19e5, 0x19e5, 0x19e5, 0x19e5, 0x19e5, 0x19e5, 0x19e5, 0x19e5, 0x19e5, 0x19e5, 0x19e5, 0x19e5, 0x19e5, 0x19e5,
    0x19e5, 0x19e5, 0x19e5, 0x19e5, 0x19e5, 0x19e5, 0x19e5, 0x19e5, 0x19e5, 0x19e5, 0x19e5, 0x19e5, 0x21e5, 0x1985, 0x4baa, 0x9ef2,
    0x8e71, 0x8e71, 0x8e71, 0x96f2, 0x6d2d, 0x19e5, 0x19c5, 0x2206, 0x19e5, 0x19e5, 0x19e5, 0x19e5, 0x19e5, 0x19e5, 0x19e5, 0x19e5,
    0x19e5, 0x19e5, 0x19e5, 0x19e5, 0x19e5, 0x19e5, 0x19e5, 0x19e5, 0x19e5, 0x19e5, 0x19e5, 0x19e5, 0x19e5, 0x19e5, 0x19e5, 0x19e5,
    0x19e5, 0x19e5, 0x19e5, 0x19e5, 0x19e5, 0x19e5, 0x19e5, 0x19e5, 0x19e5, 0x19e5, 0x19e5, 0x19e5, 0x19e5, 0x19e5, 0x19e5, 0x19e5,
    0x19e5, 0x19e5, 0x19e5, 0x19e5, 0x19e5, 0x19e5, 0x19e5, 0x21e5, 0x21e5, 0x1184, 0x4369, 0x9691, 0x96b1, 0x8e71, 0x8e71, 0x96d2,
    0x7dcf, 0x19e5, 0x19e5, 0x19e5, 0x19e5, 0x19e5, 0x19e5, 0x19e5, 0x19e5, 0x19e5, 0x19e5, 0x19e5, 0x19e5, 0x19e5, 0x19e5, 0x19e5,
    0x19e5, 0x19e5, 0x19e5, 0x19e5, 0x19e5, 0x19e5, 0x19e5, 0x19e5, 0x19e5, 0x19e5, 0x19e5, 0x19e5, 0x19e5, 0x19e5, 0x19e5, 0x19e5,
    0x19e5, 0x19e5, 0x19e5, 0x19e5, 0x19e5, 0x19e5, 0x19e5, 0x19e5, 0x19e5, 0x19e5, 0x19e5, 0x19e5, 0x19e5, 0x19e5, 0x19e5, 0x19e5,
    0x19e5, 0x19e5, 0x19e5, 0x19e5, 0x19e5, 0x19e5, 0x19e5, 0x19e5, 0x19e5, 0x19e5, 0x19e5, 0x19e5, 0x19e5, 0x19e5, 0x19e5, 0x19e5,
    0x19e5, 0x19e5, 0x19e5, 0x19e5, 0x19e5, 0x19e5, 0x19e5, 0x19e5, 0x19e5, 0x19e5, 0x19e5, 0x19e5, 0x19e5, 0x19e5, 0x19e5, 0x19e5,
    0x19e5, 0x19e5, 0x19e5, 0x19e5, 0x19e5, 0x19e5, 0x19e5, 0x19e5, 0x19e5, 0x19e5, 0x19e5, 0x19e5, 0x19e5, 0x19e5, 0x19e5, 0x19e5,
    0x19e5, 0x19e5, 0x19e5, 0x19e5, 0x19e5, 0x19e5, 0x19e5, 0x19e5, 0x19e5, 0x19e5, 0x19e5, 0x19e5, 0x19e5, 0x19e5, 0x19e5, 0x19e5,
    0x19e5, 0x19e5, 0x19e5, 0x19e5, 0x19e5, 0x19e5, 0x19e5, 0x19e5, 0x19e5, 0x19e5, 0x19e5, 0x19e5, 0x19e5, 0x19e5, 0x19e5, 0x19e5,
    0x19e5, 0x19e5, 0x19e5, 0x19e5, 0x19e5, 0x19e5, 0x19e5, 0x19e5, 0x19e5, 0x19e5, 0x19e5, 0x19e5, 0x19e5, 0x19e5, 0x19e5, 0x19e5,
    0x19e5, 0x19e5, 0x19e5, 0x19e5, 0x19e5, 0x19e5, 0x19e5, 0x19e5, 0x19e5, 0x19e5, 0x19e5, 0x19e5, 0x19e5, 0x19e5, 0x19e5, 0x19e5,
    0x19e5, 0x19e5, 0x19e5, 0x19e5, 0x19e5, 0x19e5, 0x19e5, 0x19e5, 0x19e5, 0x19e5, 0x19e5, 0x19e5, 0x19e5, 0x19e5, 0x21e5, 0x754e,
    0x9ef2, 0x96d2, 0x96d2, 0x64cc, 0x19c5, 0x19c5, 0x21e5, 0x19e5, 0x19e5, 0x19e5, 0x19e5, 0x19e5, 0x19e5, 0x19e5, 0x19e5, 0x19e5,
    0x19e5, 0x19e5, 0x19e5, 0x19e5, 0x19e5, 0x19e5, 0x19e5, 0x19e5, 0x19e5, 0x19e5, 0x19e5, 0x19e5, 0x19e5, 0x19e5, 0x19e5, 0x19e5,
    0x19e5, 0x19e5, 0x19e5, 0x19e5, 0x19e5, 0x19e5, 0x19e5, 0x19e5, 0x19e5, 0x19e5, 0x19e5, 0x19e5, 0x19e5, 0x19e5, 0x19e5, 0x19e5,
    0x19e5, 0x19e5, 0x19e5, 0x19e5, 0x19e5, 0x19e5, 0x19e5, 0x19e5, 0x19e5, 0x2206, 0x1184, 0x3b08, 0x8e50, 0x9ef2, 0x96f2, 0x8e91,
    0x3b29, 0x19a5, 0x21e5, 0x19e5, 0x19e5, 0x19e5, 0x19e5, 0x19e5, 0x19e5, 0x19e5, 0x19e5, 0x19e5, 0x19e5, 0x19e5, 0x19e5, 0x19e5,
    0x19e5, 0x19e5, 0x19e5, 0x19e5, 0x19e5, 0x19e5, 0x19e5, 0x19e5, 0x19e5, 0x19e5, 0x19e5, 0x19e5, 0x19e5, 0x19e5, 0x19e5, 0x19e5,
    0x19e5, 0x19e5, 0x19e5, 0x19e5, 0x19e5, 0x19e5, 0x19e5, 0x19e5, 0x19e5, 0x19e5, 0x19e5, 0x19e5, 0x19e5, 0x19e5, 0x19e5, 0x19e5,
    0x19e5, 0x19e5, 0x19e5, 0x19e5, 0x19e5, 0x19e5, 0x19e5, 0x19e5, 0x19e5, 0x19e5, 0x19e5, 0x19e5, 0x19e5, 0x19e5, 0x19e5, 0x19e5,
    0x19e5, 0x19e5, 0x19e5, 0x19e5, 0x19e5, 0x19e5, 0x19e5, 0x19e5, 0x19e5, 0x19e5, 0x19e5, 0x19e5, 0x19e5, 0x19e5, 0x19e5, 0x19e5,
    0x19e5, 0x19e5, 0x19e5, 0x19e5, 0x19e5, 0x19e5, 0x19e5, 0x19e5, 0x19e5, 0x19e5, 0x19e5, 0x19e5, 0x19e5, 0x19e5, 0x19e5, 0x19e5,
    0x19e5, 0x19e5, 0x19e5, 0x19e5, 0x19e5, 0x19e5, 0x19e5, 0x19e5, 0x19e5, 0x19e5, 0x19e5, 0x19e5, 0x19e5, 0x19e5, 0x19e5, 0x19e5,
    0x19e5, 0x19e5, 0x19e5, 0x19e5, 0x19e5, 0x19e5, 0x19e5, 0x19e5, 0x19e5, 0x19e5, 0x19e5, 0x19e5, 0x19e5, 0x19e5, 0x19e5, 0x19e5,
    0x19e5, 0x19e5, 0x19e5, 0x19e5, 0x19e5, 0x19e5, 0x19e5, 0x19e5, 0x19e5, 0x19e5, 0x19e5, 0x19e5, 0x19e5, 0x19e5, 0x19e5, 0x19e5,
    0x19e5, 0x19e5, 0x19e5, 0x19e5, 0x19e5, 0x19e5, 0x19e5, 0x19e5, 0x19e5, 0x19e5, 0x19e5, 0x19e5, 0x19e5, 0x19e5, 0x19e5, 0x19e5,
    0x19e5, 0x19e5, 0x19e5, 0x19e5, 0x19e5, 0x19e5, 0x19e5, 0x19e5, 0x19e5, 0x21e5, 0x21e5, 0x21e5, 0x21e5, 0x2206, 0x19e5, 0x2206,
    0x4baa, 0x5c6c, 0x4349, 0x19c5, 0x19e5, 0x21e5, 0x19e5, 0x19e5, 0x19e5, 0x19e5, 0x19e5, 0x19e5, 0x19e5, 0x19e5, 0x19e5, 0x19e5,
    0x19e5, 0x19e5, 0x19e5, 0x19e5, 0x19e5, 0x19e5, 0x19e5, 0x19e5, 0x19e5, 0x19e5, 0x19e5, 0x19e5, 0x19e5, 0x19e5, 0x19e5, 0x19e5,
    0x19e5, 0x19e5, 0x19e5, 0x19e5, 0x19e5, 0x19e5, 0x19e5, 0x19e5, 0x19e5, 0x19e5, 0x19e5, 0x19e5, 0x19e5, 0x19e5, 0x19e5, 0x19e5,
    0x19e5, 0x19e5, 0x19e5, 0x19e5, 0x19e5, 0x19e5, 0x19e5, 0x19e5, 0x19e5, 0x19e5, 0x2206, 0x19a5, 0x2a67, 0x542b, 0x544b, 0x32a7,
    0x19c5, 0x2206, 0x21e5, 0x21e5, 0x21e5, 0x21e5, 0x19e5, 0x19e5, 0x19e5, 0x19e5, 0x19e5, 0x19e5, 0x19e5, 0x19e5, 0x19e5, 0x19e5,
    0x19e5, 0x19e5, 0x19e5, 0x19e5, 0x19e5, 0x19e5, 0x19e5, 0x19e5, 0x19e5, 0x19e5, 0x19e5, 0x19e5, 0x19e5, 0x19e5, 0x19e5, 0x19e5,
    0x19e5, 0x19e5, 0x19e5, 0x19e5, 0x19e5, 0x19e5, 0x19e5, 0x19e5, 0x19e5, 0x19e5, 0x19e5, 0x19e5, 0x19e5, 0x19e5, 0x19e5, 0x19e5,
    0x19e5, 0x19e5, 0x19e5, 0x19e5, 0x19e5, 0x19e5, 0x19e5, 0x19e5, 0x19e5, 0x19e5, 0x19e5, 0x19e5, 0x19e5, 0x19e5, 0x19e5, 0x19e5,
    0x19e5, 0x19e5, 0x19e5, 0x19e5, 0x19e5, 0x19e5, 0x19e5, 0x19e5, 0x19e5, 0x19e5, 0x19e5, 0x19e5, 0x19e5, 0x19e5, 0x19e5, 0x19e5,
    0x19e5, 0x19e5, 0x19e5, 0x19e5, 0x19e5, 0x19e5, 0x19e5, 0x19e5, 0x19e5, 0x19e5, 0x19e5, 0x19e5, 0x19e5, 0x19e5, 0x19e5, 0x19e5,
    0x19e5, 0x19e5, 0x19e5, 0x19e5, 0x19e5, 0x19e5, 0x19e5, 0x19e5, 0x19e5, 0x19e5, 0x19e5, 0x19e5, 0x19e5, 0x19e5, 0x19e5, 0x19e5,
    0x19e5, 0x19e5, 0x19e5, 0x19e5, 0x19e5, 0x19e5, 0x19e5, 0x19e5, 0x19e5, 0x19e5, 0x19e5, 0x19e5, 0x19e5, 0x19e5, 0x19e5, 0x19e5,
    0x19e5, 0x19e5, 0x19e5, 0x19e5, 0x19e5, 0x19e5, 0x19e5, 0x19e5, 0x19e5, 0x19e5, 0x19e5, 0x19e5, 0x19e5, 0x19e5, 0x19e5, 0x19e5,
    0x19e5, 0x19e5, 0x19e5, 0x19e5, 0x19e5, 0x19e5, 0x19e5, 0x19e5, 0x19e5, 0x19e5, 0x19e5, 0x19e5, 0x19e5, 0x19e5, 0x19e5, 0x19e5,
    0x19e5, 0x19e5, 0x19e5, 0x19e5, 0x19e5, 0x21e5, 0x21e6, 0x21e5, 0x19e5, 0x19c5, 0x19a5, 0x19a5, 0x19a5, 0x1184, 0x1985, 0x1184,
    0x1144, 0x1144, 0x1164, 0x19c5, 0x19e5, 0x21e5, 0x21e6, 0x21e5, 0x19e5, 0x19e5, 0x19e5, 0x19e5, 0x19e5, 0x19e5, 0x19e5, 0x19e5,
    0x19e5, 0x19e5, 0x19e5, 0x19e5, 0x19e5, 0x19e5, 0x19e5, 0x19e5, 0x19e5, 0x19e5, 0x19e5, 0x19e5, 0x19e5, 0x19e5, 0x19e5, 0x19e5,
    0x19e5, 0x19e5, 0x19e5, 0x19e5, 0x19e5, 0x19e5, 0x19e5, 0x19e5, 0x19e5, 0x19e5, 0x19e5, 0x19e5, 0x19e5, 0x19e5, 0x19e5, 0x19e5,
    0x19e5, 0x19e5, 0x19e5, 0x19e5, 0x19e5, 0x19e5, 0x19e5, 0x21e5, 0x21e5, 0x21e5, 0x19e5, 0x19e5, 0x19a5, 0x1144, 0x1144, 0x1164,
    0x19a5, 0x1184, 0x1985, 0x19a5, 0x19a5, 0x19c5, 0x19c5, 0x19e5, 0x21e5, 0x21e5, 0x21e5, 0x19e5, 0x19e5, 0x19e5, 0x19e5, 0x19e5,
    0x19e5, 0x19e5, 0x19e5, 0x19e5, 0x19e5, 0x19e5, 0x19e5, 0x19e5, 0x19e5, 0x19e5, 0x19e5, 0x19e5, 0x19e5, 0x19e5, 0x19e5, 0x19e5,
    0x19e5, 0x19e5, 0x19e5, 0x19e5, 0x19e5, 0x19e5, 0x19e5, 0x19e5, 0x19e5, 0x19e5, 0x19e5, 0x19e5, 0x19e5, 0x19e5, 0x19e5, 0x19e5,
    0x19e5, 0x19e5, 0x19e5, 0x19e5, 0x19e5, 0x19e5, 0x19e5, 0x19e5, 0x19e5, 0x19e5, 0x19e5, 0x19e5, 0x19e5, 0x19e5, 0x19e5, 0x19e5,
    0x19e5, 0x19e5, 0x19e5, 0x19e5, 0x19e5, 0x19e5, 0x19e5, 0x19e5, 0x19e5, 0x19e5, 0x19e5, 0x19e5, 0x19e5, 0x19e5, 0x19e5, 0x19e5,
    0x19e5, 0x19e5, 0x19e5, 0x19e5, 0x19e5, 0x19e5, 0x19e5, 0x19e5, 0x19e5, 0x19e5, 0x19e5, 0x19e5, 0x19e5, 0x19e5, 0x19e5, 0x19e5,
    0x19e5, 0x19e5, 0x19e5, 0x19e5, 0x19e5, 0x19e5, 0x19e5, 0x19e5, 0x19e5, 0x19e5, 0x19e5, 0x19e5, 0x19e5, 0x19e5, 0x19e5, 0x19e5,
    0x19e5, 0x19e5, 0x19e5, 0x19e5, 0x19e5, 0x19e5, 0x19e5, 0x19e5, 0x19e5, 0x19e5, 0x19e5, 0x19e5, 0x19e5, 0x19e5, 0x19e5, 0x19e5,
    0x19e5, 0x19e5, 0x19e5, 0x19e5, 0x19e5, 0x19e5, 0x19e5, 0x19e5, 0x19e5, 0x19e5, 0x19e5, 0x19e5, 0x19e5, 0x19e5, 0x19e5, 0x19e5,
    0x19e5, 0x19e5, 0x19e5, 0x19e5, 0x19e5, 0x19e5, 0x19e5, 0x19e5, 0x19e5, 0x19e5, 0x19e5, 0x19e5, 0x19e5, 0x19e5, 0x19e5, 0x19e5,
    0x19e5, 0x19e5, 0x19e5, 0x19e5, 0x19c5, 0x19a5, 0x1184, 0x19a5, 0x21e5, 0x2a67, 0x32c8, 0x3b29, 0x4389, 0x4baa, 0x4bca, 0x4baa,
    0x4b8a, 0x4349, 0x3ae8, 0x2a67, 0x2206, 0x19a5, 0x1184, 0x19a5, 0x19c5, 0x21e5, 0x21e5, 0x19e5, 0x19e5, 0x19e5, 0x19e5, 0x19e5,
    0x19e5, 0x19e5, 0x19e5, 0x19e5, 0x19e5, 0x19e5, 0x19e5, 0x19e5, 0x19e5, 0x19e5, 0x19e5, 0x19e5, 0x19e5, 0x19e5, 0x19e5, 0x19e5,
    0x19e5, 0x19e5, 0x19e5, 0x19e5, 0x19e5, 0x19e5, 0x19e5, 0x19e5, 0x19e5, 0x19e5, 0x19e5, 0x19e5, 0x19e5, 0x19e5, 0x19e5, 0x19e5,
    0x19e5, 0x19e5, 0x19e5, 0x19e5, 0x21e5, 0x21e5, 0x19e5, 0x19a5, 0x1185, 0x19a5, 0x19c5, 0x2226, 0x32a7, 0x3b28, 0x4389, 0x4baa,
    0x4bca, 0x4baa, 0x4b8a, 0x4349, 0x3ae8, 0x2a87, 0x2226, 0x19c5, 0x1985, 0x1185, 0x19a5, 0x19e5, 0x19e5, 0x19e5, 0x19e5, 0x19e5,
    0x19e5, 0x19e5, 0x19e5, 0x19e5, 0x19e5, 0x19e5, 0x19e5, 0x19e5, 0x19e5, 0x19e5, 0x19e5, 0x19e5, 0x19e5, 0x19e5, 0x19e5, 0x19e5,
    0x19e5, 0x19e5, 0x19e5, 0x19e5, 0x19e5, 0x19e5, 0x19e5, 0x19e5, 0x19e5, 0x19e5, 0x19e5, 0x19e5, 0x19e5, 0x19e5, 0x19e5, 0x19e5,
    0x19e5, 0x19e5, 0x19e5, 0x19e5, 0x19e5, 0x19e5, 0x19e5, 0x19e5, 0x19e5, 0x19e5, 0x19e5, 0x19e5, 0x19e5, 0x19e5, 0x19e5, 0x19e5,
    0x19e5, 0x19e5, 0x19e5, 0x19e5, 0x19e5, 0x19e5, 0x19e5, 0x19e5, 0x19e5, 0x19e5, 0x19e5, 0x19e5, 0x19e5, 0x19e5, 0x19e5, 0x19e5,
    0x19e5, 0x19e5, 0x19e5, 0x19e5, 0x19e5, 0x19e5, 0x19e5, 0x19e5, 0x19e5, 0x19e5, 0x19e5, 0x19e5, 0x19e5, 0x19e5, 0x19e5, 0x19e5,
    0x19e5, 0x19e5, 0x19e5, 0x19e5, 0x19e5, 0x19e5, 0x19e5, 0x19e5, 0x19e5, 0x19e5, 0x19e5, 0x19e5, 0x19e5, 0x19e5, 0x19e5, 0x19e5,
    0x19e5, 0x19e5, 0x19e5, 0x19e5, 0x19e5, 0x19e5, 0x19e5, 0x19e5, 0x19e5, 0x19e5, 0x19e5, 0x19e5, 0x19e5, 0x19e5, 0x19e5, 0x19e5,
    0x19e5, 0x19e5, 0x19e5, 0x19e5, 0x19e5, 0x19e5, 0x19e5, 0x19e5, 0x19e5, 0x19e5, 0x19e5, 0x19e5, 0x19e5, 0x19e5, 0x19e5, 0x19e5,
    0x19e5, 0x19e5, 0x19e5, 0x19e5, 0x19e5, 0x19e5, 0x19e5, 0x19e5, 0x19e5, 0x19e5, 0x19e5, 0x19e5, 0x19e5, 0x19e5, 0x19e5, 0x19e5,
    0x19e5, 0x19e5, 0x19e5, 0x19e5, 0x2a46, 0x4349, 0x5c4b, 0x6d2e, 0x7def, 0x8e50, 0x9691, 0x96b1, 0x96d2, 0x96d2, 0x96d2, 0x96d2,
    0x96d2, 0x96d1, 0x96b1, 0x8e71, 0x85ef, 0x752e, 0x5c4b, 0x3b29, 0x2226, 0x19a5, 0x19a5, 0x19e5, 0x21e6, 0x21e5, 0x19e5, 0x19e5,
    0x19e5, 0x19e5, 0x19e5, 0x19e5, 0x19e5, 0x19e5, 0x19e5, 0x19e5, 0x19e5, 0x19e5, 0x19e5, 0x19e5, 0x19e5, 0x19e5, 0x19e5, 0x19e5,
    0x19e5, 0x19e5, 0x19e5, 0x19e5, 0x19e5, 0x19e5, 0x19e5, 0x19e5, 0x19e5, 0x19e5, 0x19e5, 0x19e5, 0x19e5, 0x19e5, 0x19e5, 0x19e5,
    0x19e5, 0x19e5, 0x21e5, 0x21e5, 0x19a5, 0x1184, 0x19e5, 0x32a7, 0x4bca, 0x64cd, 0x7daf, 0x8630, 0x8e91, 0x96b1, 0x96d2, 0x96d2,
    0x96d2, 0x96d2, 0x96d2, 0x96d2, 0x96b1, 0x8e71, 0x8630, 0x7d8e, 0x64cc, 0x4bca, 0x32c7, 0x21e5, 0x19e5, 0x19e5, 0x19e5, 0x19e5,
    0x19e5, 0x19e5, 0x19e5, 0x19e5, 0x19e5, 0x19e5, 0x19e5, 0x19e5, 0x19e5, 0x19e5, 0x19e5, 0x19e5, 0x19e5, 0x19e5, 0x19e5, 0x19e5,
    0x19e5, 0x19e5, 0x19e5, 0x19e5, 0x19e5, 0x19e5, 0x19e5, 0x19e5, 0x19e5, 0x19e5, 0x19e5, 0x19e5, 0x19e5, 0x19e5, 0x19e5, 0x19e5,
    0x19e5, 0x19e5, 0x19e5, 0x19e5, 0x19e5, 0x19e5, 0x19e5, 0x19e5, 0x19e5, 0x19e5, 0x19e5, 0x19e5, 0x19e5, 0x19e5, 0x19e5, 0x19e5,
    0x19e5, 0x19e5, 0x19e5, 0x19e5, 0x19e5, 0x19e5, 0x19e5, 0x19e5, 0x19e5, 0x19e5, 0x19e5, 0x19e5, 0x19e5, 0x19e5, 0x19e5, 0x19e5,
    0x19e5, 0x19e5, 0x19e5, 0x19e5, 0x19e5, 0x19e5, 0x19e5, 0x19e5, 0x19e5, 0x19e5, 0x19e5, 0x19e5, 0x19e5, 0x19e5, 0x19e5, 0x19e5,
    0x19e5, 0x19e5, 0x19e5, 0x19e5, 0x19e5, 0x19e5, 0x19e5, 0x19e5, 0x19e5, 0x19e5, 0x19e5, 0x19e5, 0x19e5, 0x19e5, 0x19e5, 0x19e5,
    0x19e5, 0x19e5, 0x19e5, 0x19e5, 0x19e5, 0x19e5, 0x19e5, 0x19e5, 0x19e5, 0x19e5, 0x19e5, 0x19e5, 0x19e5, 0x19e5, 0x19e5, 0x19e5,
    0x19e5, 0x19e5, 0x19e5, 0x19e5, 0x19e5, 0x19e5, 0x19e5, 0x19e5, 0x19e5, 0x19e5, 0x19e5, 0x19e5, 0x19e5, 0x19e5, 0x19e5, 0x19e5,
    0x19e5, 0x19e5, 0x19e5, 0x19e5, 0x19e5, 0x19e5, 0x19e5, 0x19e5, 0x19e5, 0x19e5, 0x19e5, 0x19e5, 0x19e5, 0x19e5, 0x19e5, 0x19e5,
    0x19e5, 0x19e5, 0x21e5, 0x1185, 0x4bea, 0x9f12, 0x96d2, 0x96d2, 0x96b1, 0x9691, 0x8e91, 0x8e91, 0x8e71, 0x8e71, 0x8e71, 0x8e71,
    0x8e71, 0x8e91, 0x8e91, 0x9691, 0x96b1, 0x96d2, 0x96f2, 0x96d1, 0x8630, 0x6d0d, 0x4369, 0x2206, 0x1184, 0x19c5, 0x21e5, 0x21e5,
    0x19e5, 0x19e5, 0x19e5, 0x19e5, 0x19e5, 0x19e5, 0x19e5, 0x19e5, 0x19e5, 0x19e5, 0x19e5, 0x19e5, 0x19e5, 0x19e5, 0x19e5, 0x19e5,
    0x19e5, 0x19e5, 0x19e5, 0x19e5, 0x19e5, 0x19e5, 0x19e5, 0x19e5, 0x19e5, 0x19e5, 0x19e5, 0x19e5, 0x19e5, 0x19e5, 0x19e5, 0x19e5,
    0x21e5, 0x19e5, 0x19a5, 0x19a5, 0x32a7, 0x5c4b, 0x7daf, 0x8e91, 0x96d2, 0x96d2, 0x96b1, 0x96b1, 0x8e91, 0x8e91, 0x8e71, 0x8e71,
    0x8e71, 0x8e71, 0x8e71, 0x8e71, 0x8e91, 0x8e91, 0x96b1, 0x96d1, 0x96d2, 0x9f12, 0x85ef, 0x21e5, 0x19e5, 0x19e5, 0x19e5, 0x19e5,
    0x19e5, 0x19e5, 0x19e5, 0x19e5, 0x19e5, 0x19e5, 0x19e5, 0x19e5, 0x19e5, 0x19e5, 0x19e5, 0x19e5, 0x19e5, 0x19e5, 0x19e5, 0x19e5,
    0x19e5, 0x19e5, 0x19e5, 0x19e5, 0x19e5, 0x19e5, 0x19e5, 0x19e5, 0x19e5, 0x19e5, 0x19e5, 0x19e5, 0x19e5, 0x19e5, 0x19e5, 0x19e5,
    0x19e5, 0x19e5, 0x19e5, 0x19e5, 0x19e5, 0x19e5, 0x19e5, 0x19e5, 0x19e5, 0x19e5, 0x19e5, 0x19e5, 0x19e5, 0x19e5, 0x19e5, 0x19e5,
    0x19e5, 0x19e5, 0x19e5, 0x19e5, 0x19e5, 0x19e5, 0x19e5, 0x19e5, 0x19e5, 0x19e5, 0x19e5, 0x19e5, 0x19e5, 0x19e5, 0x19e5, 0x19e5,
    0x19e5, 0x19e5, 0x19e5, 0x19e5, 0x19e5, 0x19e5, 0x19e5, 0x19e5, 0x19e5, 0x19e5, 0x19e5, 0x19e5, 0x19e5, 0x19e5, 0x19e5, 0x19e5,
    0x19e5, 0x19e5, 0x19e5, 0x19e5, 0x19e5, 0x19e5, 0x19e5, 0x19e5, 0x19e5, 0x19e5, 0x19e5, 0x19e5, 0x19e5, 0x19e5, 0x19e5, 0x19e5,
    0x19e5, 0x19e5, 0x19e5, 0x19e5, 0x19e5, 0x19e5, 0x19e5, 0x19e5, 0x19e5, 0x19e5, 0x19e5, 0x19e5, 0x19e5, 0x19e5, 0x19e5, 0x19e5,
    0x19e5, 0x19e5, 0x19e5, 0x19e5, 0x19e5, 0x19e5, 0x19e5, 0x19e5, 0x19e5, 0x19e5, 0x19e5, 0x19e5, 0x19e5, 0x19e5, 0x19e5, 0x19e5,
    0x19e5, 0x19e5, 0x19e5, 0x19e5, 0x19e5, 0x19e5, 0x19e5, 0x19e5, 0x19e5, 0x19e5, 0x19e5, 0x19e5, 0x19e5, 0x19e5, 0x19e5, 0x19e5,
    0x19e5, 0x19e5, 0x21e5, 0x19a5, 0x32a7, 0x8e91, 0x8e71, 0x8e71, 0x8e91, 0x8e91, 0x8e91, 0x8e91, 0x8e91, 0x8e91, 0x8e91, 0x8e91,
    0x8e91, 0x8e91, 0x8e91, 0x8e91, 0x8e91, 0x8e71, 0x8e71, 0x8e91, 0x96b1, 0x96d2, 0x96d2, 0x8610, 0x5c4b, 0x2a46, 0x1185, 0x19c5,
    0x21e6, 0x19e5, 0x19e5, 0x19e5, 0x19e5, 0x19e5, 0x19e5, 0x19e5, 0x19e5, 0x19e5, 0x19e5, 0x19e5, 0x19e5, 0x19e5, 0x19e5, 0x19e5,
    0x19e5, 0x19e5, 0x19e5, 0x19e5, 0x19e5, 0x19e5, 0x19e5, 0x19e5, 0x19e5, 0x19e5, 0x19e5, 0x19e5, 0x19e5, 0x19e5, 0x21e5, 0x21e5,
    0x19a5, 0x19c5, 0x4349, 0x754e, 0x9691, 0x96f2, 0x96b1, 0x8e91, 0x8e71, 0x8e71, 0x8e91, 0x8e91, 0x8e91, 0x8e91, 0x8e91, 0x8e91,
    0x8e91, 0x8e91, 0x8e91, 0x8e91, 0x8e91, 0x8e91, 0x8e91, 0x8e91, 0x8e71, 0x96d2, 0x64ac, 0x1185, 0x21e5, 0x19e5, 0x19e5, 0x19e5,
    0x19e5, 0x19e5, 0x19e5, 0x19e5, 0x19e5, 0x19e5, 0x19e5, 0x19e5, 0x19e5, 0x19e5, 0x19e5, 0x19e5, 0x19e5, 0x19e5, 0x19e5, 0x19e5,
    0x19e5, 0x19e5, 0x19e5, 0x19e5, 0x19e5, 0x19e5, 0x19e5, 0x19e5, 0x19e5, 0x19e5, 0x19e5, 0x19e5, 0x19e5, 0x19e5, 0x19e5, 0x19e5,
    0x19e5, 0x19e5, 0x19e5, 0x19e5, 0x19e5, 0x19e5, 0x19e5, 0x19e5, 0x19e5, 0x19e5, 0x19e5, 0x19e5, 0x19e5, 0x19e5, 0x19e5, 0x19e5,
    0x19e5, 0x19e5, 0x19e5, 0x19e5, 0x19e5, 0x19e5, 0x19e5, 0x19e5, 0x19e5, 0x19e5, 0x19e5, 0x19e5, 0x19e5, 0x19e5, 0x19e5, 0x19e5,
    0x19e5, 0x19e5, 0x19e5, 0x19e5, 0x19e5, 0x19e5, 0x19e5, 0x19e5, 0x19e5, 0x19e5, 0x19e5, 0x19e5, 0x19e5, 0x19e5, 0x19e5, 0x19e5,
    0x19e5, 0x19e5, 0x19e5, 0x19e5, 0x19e5, 0x19e5, 0x19e5, 0x19e5, 0x19e5, 0x19e5, 0x19e5, 0x19e5, 0x19e5, 0x19e5, 0x19e5, 0x19e5,
    0x19e5, 0x19e5, 0x19e5, 0x19e5, 0x19e5, 0x19e5, 0x19e5, 0x19e5, 0x19e5, 0x19e5, 0x19e5, 0x19e5, 0x19e5, 0x19e5, 0x19e5, 0x19e5,
    0x19e5, 0x19e5, 0x19e5, 0x19e5, 0x19e5, 0x19e5, 0x19e5, 0x19e5, 0x19e5, 0x19e5, 0x19e5, 0x19e5, 0x19e5, 0x19e5, 0x19e5, 0x19e5,
    0x19e5, 0x19e5, 0x19e5, 0x19e5, 0x19e5, 0x19e5, 0x19e5, 0x19e5, 0x19e5, 0x19e5, 0x19e5, 0x19e5, 0x19e5, 0x19e5, 0x19e5, 0x19e5,
    0x19e5, 0x19e5, 0x19e5, 0x19e5, 0x19c5, 0x7d8f, 0x96b1, 0x8e91, 0x8e91, 0x8e91, 0x8e91, 0x8e91, 0x8e91, 0x8e91, 0x8e91, 0x8e91,
    0x8e91, 0x8e91, 0x8e91, 0x8e91, 0x8e91, 0x8e91, 0x8e91, 0x8e91, 0x8e91, 0x8e71, 0x8e71, 0x96b1, 0x96d2, 0x8e50, 0x5c6c, 0x2226,
    0x1185, 0x21e5, 0x21e5, 0x19e5, 0x19e5, 0x19e5, 0x19e5, 0x19e5, 0x19e5, 0x19e5, 0x19e5, 0x19e5, 0x19e5, 0x19e5, 0x19e5, 0x19e5,
    0x19e5, 0x19e5, 0x19e5, 0x19e5, 0x19e5, 0x19e5, 0x19e5, 0x19e5, 0x19e5, 0x19e5, 0x19e5, 0x19e5, 0x19e5, 0x2206, 0x19c5, 0x19a5,
    0x3b49, 0x7d8f, 0x96d2, 0x96d2, 0x8e91, 0x8e71, 0x8e91, 0x8e91, 0x8e91, 0x8e91, 0x8e91, 0x8e91, 0x8e91, 0x8e91, 0x8e91, 0x8e91,
    0x8e91, 0x8e91, 0x8e91, 0x8e91, 0x8e91, 0x8e91, 0x8e91, 0x8e91, 0x8e91, 0x96b1, 0x3b29, 0x19a5, 0x21e5, 0x19e5, 0x19e5, 0x19e5,
    0x19e5, 0x19e5, 0x19e5, 0x19e5, 0x19e5, 0x19e5, 0x19e5, 0x19e5, 0x19e5, 0x19e5, 0x19e5, 0x19e5, 0x19e5, 0x19e5, 0x19e5, 0x19e5,
    0x19e5, 0x19e5, 0x19e5, 0x19e5, 0x19e5, 0x19e5, 0x19e5, 0x19e5, 0x19e5, 0x19e5, 0x19e5, 0x19e5, 0x19e5, 0x19e5, 0x19e5, 0x19e5,
    0x19e5, 0x19e5, 0x19e5, 0x19e5, 0x19e5, 0x19e5, 0x19e5, 0x19e5, 0x19e5, 0x19e5, 0x19e5, 0x19e5, 0x19e5, 0x19e5, 0x19e5, 0x19e5,
    0x19e5, 0x19e5, 0x19e5, 0x19e5, 0x19e5, 0x19e5, 0x19e5, 0x19e5, 0x19e5, 0x19e5, 0x19e5, 0x19e5, 0x19e5, 0x19e5, 0x19e5, 0x19e5,
    0x19e5, 0x19e5, 0x19e5, 0x19e5, 0x19e5, 0x19e5, 0x19e5, 0x19e5, 0x19e5, 0x19e5, 0x19e5, 0x19e5, 0x19e5, 0x19e5, 0x19e5, 0x19e5,
    0x19e5, 0x19e5, 0x19e5, 0x19e5, 0x19e5, 0x19e5, 0x19e5, 0x19e5, 0x19e5, 0x19e5, 0x19e5, 0x19e5, 0x19e5, 0x19e5, 0x19e5, 0x19e5,
    0x19e5, 0x19e5, 0x19e5, 0x19e5, 0x19e5, 0x19e5, 0x19e5, 0x19e5, 0x19e5, 0x19e5, 0x19e5, 0x19e5, 0x19e5, 0x19e5, 0x19e5, 0x19e5,
    0x19e5, 0x19e5, 0x19e5, 0x19e5, 0x19e5, 0x19e5, 0x19e5, 0x19e5, 0x19e5, 0x19e5, 0x19e5, 0x19e5, 0x19e5, 0x19e5, 0x19e5, 0x19e5,
    0x19e5, 0x19e5, 0x19e5, 0x19e5, 0x19e5, 0x19e5, 0x19e5, 0x19e5, 0x19e5, 0x19e5, 0x19e5, 0x19e5, 0x19e5, 0x19e5, 0x19e5, 0x19e5,
    0x19e5, 0x19e5, 0x19e5, 0x21e5, 0x1184, 0x540b, 0x96f2, 0x8e71, 0x8e91, 0x8e91, 0x8e91, 0x8e91, 0x8e91, 0x8e91, 0x8e91, 0x8e91,
    0x8e91, 0x8e91, 0x8e91, 0x8e91, 0x8e91, 0x8e91, 0x8e91, 0x8e91, 0x8e91, 0x8e91, 0x8e91, 0x8e91, 0x8e71, 0x9691, 0x96f2, 0x8630,
    0x4baa, 0x19a5, 0x19c5, 0x2205, 0x19e5, 0x19e5, 0x19e5, 0x19e5, 0x19e5, 0x19e5, 0x19e5, 0x19e5, 0x19e5, 0x19e5, 0x19e5, 0x19e5,
    0x19e5, 0x19e5, 0x19e5, 0x19e5, 0x19e5, 0x19e5, 0x19e5, 0x19e5, 0x19e5, 0x19e5, 0x19e5, 0x21e5, 0x21e5, 0x1184, 0x2a87, 0x6d2d,
    0x96d2, 0x96d1, 0x8e71, 0x8e71, 0x8e91, 0x8e91, 0x8e91, 0x8e91, 0x8e91, 0x8e91, 0x8e91, 0x8e91, 0x8e91, 0x8e91, 0x8e91, 0x8e91,
    0x8e91, 0x8e91, 0x8e91, 0x8e91, 0x8e91, 0x8e91, 0x8e91, 0x8e91, 0x96b1, 0x85f0, 0x2206, 0x19e5, 0x19e5, 0x19e5, 0x19e5, 0x19e5,
    0x19e5, 0x19e5, 0x19e5, 0x19e5, 0x19e5, 0x19e5, 0x19e5, 0x19e5, 0x19e5, 0x19e5, 0x19e5, 0x19e5, 0x19e5, 0x19e5, 0x19e5, 0x19e5,
    0x19e5, 0x19e5, 0x19e5, 0x19e5, 0x19e5, 0x19e5, 0x19e5, 0x19e5, 0x19e5, 0x19e5, 0x19e5, 0x19e5, 0x19e5, 0x19e5, 0x19e5, 0x19e5,
    0x19e5, 0x19e5, 0x19e5, 0x19e5, 0x19e5, 0x19e5, 0x19e5, 0x19e5, 0x19e5, 0x19e5, 0x19e5, 0x19e5, 0x19e5, 0x19e5, 0x19e5, 0x19e5,
    0x19e5, 0x19e5, 0x19e5, 0x19e5, 0x19e5, 0x19e5, 0x19e5, 0x19e5, 0x19e5, 0x19e5, 0x19e5, 0x19e5, 0x19e5, 0x19e5, 0x19e5, 0x19e5,
    0x19e5, 0x19e5, 0x19e5, 0x19e5, 0x19e5, 0x19e5, 0x19e5, 0x19e5, 0x19e5, 0x19e5, 0x19e5, 0x19e5, 0x19e5, 0x19e5, 0x19e5, 0x19e5,
    0x19e5, 0x19e5, 0x19e5, 0x19e5, 0x19e5, 0x19e5, 0x19e5, 0x19e5, 0x19e5, 0x19e5, 0x19e5, 0x19e5, 0x19e5, 0x19e5, 0x19e5, 0x19e5,
    0x19e5, 0x19e5, 0x19e5, 0x19e5, 0x19e5, 0x19e5, 0x19e5, 0x19e5, 0x19e5, 0x19e5, 0x19e5, 0x19e5, 0x19e5, 0x19e5, 0x19e5, 0x19e5,
    0x19e5, 0x19e5, 0x19e5, 0x19e5, 0x19e5, 0x19e5, 0x19e5, 0x19e5, 0x19e5, 0x19e5, 0x19e5, 0x19e5, 0x19e5, 0x19e5, 0x19e5, 0x19e5,
    0x19e5, 0x19e5, 0x19e5, 0x19e5, 0x19e5, 0x19e5, 0x19e5, 0x19e5, 0x19e5, 0x19e5, 0x19e5, 0x19e5, 0x19e5, 0x19e5, 0x19e5, 0x19e5,
    0x19e5, 0x19e5, 0x19e5, 0x21e5, 0x19c5, 0x2a67, 0x8e71, 0x9691, 0x8e91, 0x8e91, 0x8e91, 0x8e91, 0x8e91, 0x8e91, 0x8e91, 0x8e91,
    0x8e91, 0x8e91, 0x8e91, 0x8e91, 0x8e91, 0x8e91, 0x8e91, 0x8e91, 0x8e91, 0x8e91, 0x8e91, 0x8e91, 0x8e91, 0x8e91, 0x8e71, 0x96b1,
    0x96d2, 0x754e, 0x2a46, 0x19a5, 0x2205, 0x19e5, 0x19e5, 0x19e5, 0x19e5, 0x19e5, 0x19e5, 0x19e5, 0x19e5, 0x19e5, 0x19e5, 0x19e5,
    0x19e5, 0x19e5, 0x19e5, 0x19e5, 0x19e5, 0x19e5, 0x19e5, 0x19e5, 0x19e5, 0x19e5, 0x21e5, 0x19c5, 0x19a5, 0x4bca, 0x8e71, 0x96d2,
    0x8e71, 0x8e71, 0x8e91, 0x8e91, 0x8e91, 0x8e91, 0x8e91, 0x8e91, 0x8e91, 0x8e91, 0x8e91, 0x8e91, 0x8e91, 0x8e91, 0x8e91, 0x8e91,
    0x8e91, 0x8e91, 0x8e91, 0x8e91, 0x8e91, 0x8e91, 0x8e91, 0x8e71, 0x96f2, 0x5c6c, 0x1184, 0x21e5, 0x19e5, 0x19e5, 0x19e5, 0x19e5,
    0x19e5, 0x19e5, 0x19e5, 0x19e5, 0x19e5, 0x19e5, 0x19e5, 0x19e5, 0x19e5, 0x19e5, 0x19e5, 0x19e5, 0x19e5, 0x19e5, 0x19e5, 0x19e5,
    0x19e5, 0x19e5, 0x19e5, 0x19e5, 0x19e5, 0x19e5, 0x19e5, 0x19e5, 0x19e5, 0x19e5, 0x19e5, 0x19e5, 0x19e5, 0x19e5, 0x19e5, 0x19e5,
    0x19e5, 0x19e5, 0x19e5, 0x19e5, 0x19e5, 0x19e5, 0x19e5, 0x19e5, 0x19e5, 0x19e5, 0x19e5, 0x19e5, 0x19e5, 0x19e5, 0x19e5, 0x19e5,
    0x19e5, 0x19e5, 0x19e5, 0x19e5, 0x19e5, 0x19e5, 0x19e5, 0x19e5, 0x19e5, 0x19e5, 0x19e5, 0x19e5, 0x19e5, 0x19e5, 0x19e5, 0x19e5,
    0x19e5, 0x19e5, 0x19e5, 0x19e5, 0x19e5, 0x19e5, 0x19e5, 0x19e5, 0x19e5, 0x19e5, 0x19e5, 0x19e5, 0x19e5, 0x19e5, 0x19e5, 0x19e5,
    0x19e5, 0x19e5, 0x19e5, 0x19e5, 0x19e5, 0x19e5, 0x19e5, 0x19e5, 0x19e5, 0x19e5, 0x19e5, 0x19e5, 0x19e5, 0x19e5, 0x19e5, 0x19e5,
    0x19e5, 0x19e5, 0x19e5, 0x19e5, 0x19e5, 0x19e5, 0x19e5, 0x19e5, 0x19e5, 0x19e5, 0x19e5, 0x19e5, 0x19e5, 0x19e5, 0x19e5, 0x19e5,
    0x19e5, 0x19e5, 0x19e5, 0x19e5, 0x19e5, 0x19e5, 0x19e5, 0x19e5, 0x19e5, 0x19e5, 0x19e5, 0x19e5, 0x19e5, 0x19e5, 0x19e5, 0x19e5,
    0x19e5, 0x19e5, 0x19e5, 0x19e5, 0x19e5, 0x19e5, 0x19e5, 0x19e5, 0x19e5, 0x19e5, 0x19e5, 0x19e5, 0x19e5, 0x19e5, 0x19e5, 0x19e5,
    0x19e5, 0x19e5, 0x19e5, 0x19e5, 0x21e5, 0x19a5, 0x6d0d, 0x96d2, 0x8e71, 0x8e91, 0x8e91, 0x8e91, 0x8e91, 0x8e91, 0x8e91, 0x8e91,
    0x8e91, 0x8e91, 0x8e91, 0x8e91, 0x8e91, 0x8e91, 0x8e91, 0x8e91, 0x8e91, 0x8e91, 0x8e91, 0x8e91, 0x8e91, 0x8e91, 0x8e91, 0x8e91,
    0x8e71, 0x96d2, 0x8e50, 0x3b29, 0x1184, 0x21e5, 0x19e5, 0x19e5, 0x19e5, 0x19e5, 0x19e5, 0x19e5, 0x19e5, 0x19e5, 0x19e5, 0x19e5,
    0x19e5, 0x19e5, 0x19e5, 0x19e5, 0x19e5, 0x19e5, 0x19e5, 0x19e5, 0x19e5, 0x21e6, 0x19a5, 0x2206, 0x6d0d, 0x96f2, 0x9691, 0x8e71,
    0x8e91, 0x8e91, 0x8e91, 0x8e91, 0x8e91, 0x8e91, 0x8e91, 0x8e91, 0x8e91, 0x8e91, 0x8e91, 0x8e91, 0x8e91, 0x8e91, 0x8e91, 0x8e91,
    0x8e91, 0x8e91, 0x8e91, 0x8e91, 0x8e91, 0x8e91, 0x8e91, 0x8e91, 0x8e91, 0x32a7, 0x19c5, 0x21e5, 0x19e5, 0x19e5, 0x19e5, 0x19e5,
    0x19e5, 0x19e5, 0x19e5, 0x19e5, 0x19e5, 0x19e5, 0x19e5, 0x19e5, 0x19e5, 0x19e5, 0x19e5, 0x19e5, 0x19e5, 0x19e5, 0x19e5, 0x19e5,
    0x19e5, 0x19e5, 0x19e5, 0x19e5, 0x19e5, 0x19e5, 0x19e5, 0x19e5, 0x19e5, 0x19e5, 0x19e5, 0x19e5, 0x19e5, 0x19e5, 0x19e5, 0x19e5,
    0x19e5, 0x19e5, 0x19e5, 0x19e5, 0x19e5, 0x19e5, 0x19e5, 0x19e5, 0x19e5, 0x19e5, 0x19e5, 0x19e5, 0x19e5, 0x19e5, 0x19e5, 0x19e5,
    0x19e5, 0x19e5, 0x19e5, 0x19e5, 0x19e5, 0x19e5, 0x19e5, 0x19e5, 0x19e5, 0x19e5, 0x19e5, 0x19e5, 0x19e5, 0x19e5, 0x19e5, 0x19e5,
    0x19e5, 0x19e5, 0x19e5, 0x19e5, 0x19e5, 0x19e5, 0x19e5, 0x19e5, 0x19e5, 0x19e5, 0x19e5, 0x19e5, 0x19e5, 0x19e5, 0x19e5, 0x19e5,
    0x19e5, 0x19e5, 0x19e5, 0x19e5, 0x19e5, 0x19e5, 0x19e5, 0x19e5, 0x19e5, 0x19e5, 0x19e5, 0x19e5, 0x19e5, 0x19e5, 0x19e5, 0x19e5,
    0x19e5, 0x19e5, 0x19e5, 0x19e5, 0x19e5, 0x19e5, 0x19e5, 0x19e5, 0x19e5, 0x19e5, 0x19e5, 0x19e5, 0x19e5, 0x19e5, 0x19e5, 0x19e5,
    0x19e5, 0x19e5, 0x19e5, 0x19e5, 0x19e5, 0x19e5, 0x19e5, 0x19e5, 0x19e5, 0x19e5, 0x19e5, 0x19e5, 0x19e5, 0x19e5, 0x19e5, 0x19e5,
    0x19e5, 0x19e5, 0x19e5, 0x19e5, 0x19e5, 0x19e5, 0x19e5, 0x19e5, 0x19e5, 0x19e5, 0x19e5, 0x19e5, 0x19e5, 0x19e5, 0x19e5, 0x19e5,
    0x19e5, 0x19e5, 0x19e5, 0x19e5, 0x21e5, 0x19a5, 0x3b08, 0x96b1, 0x8e91, 0x8e91, 0x8e91, 0x8e91, 0x8e91, 0x8e91, 0x8e91, 0x8e91,
    0x8e91, 0x8e91, 0x8e91, 0x8e91, 0x8e91, 0x8e91, 0x8e91, 0x8e91, 0x8e91, 0x8e91, 0x8e91, 0x8e91, 0x8e91, 0x8e91, 0x8e91, 0x8e91,
    0x8e91, 0x8e71, 0x96b1, 0x96b1, 0x53ea, 0x19a5, 0x21e5, 0x19e5, 0x19e5, 0x19e5, 0x19e5, 0x19e5, 0x19e5, 0x19e5, 0x19e5, 0x19e5,
    0x19e5, 0x19e5, 0x19e5, 0x19e5, 0x19e5, 0x19e5, 0x19e5, 0x19e5, 0x21e6, 0x19a5, 0x2a67, 0x7dcf, 0x96f2, 0x8e71, 0x8e91, 0x8e91,
    0x8e91, 0x8e91, 0x8e91, 0x8e91, 0x8e91, 0x8e91, 0x8e91, 0x8e91, 0x8e91, 0x8e91, 0x8e91, 0x8e91, 0x8e91, 0x8e91, 0x8e91, 0x8e91,
    0x8e91, 0x8e91, 0x8e91, 0x8e91, 0x8e91, 0x8e91, 0x8e71, 0x96d2, 0x6d0d, 0x19a5, 0x21e5, 0x19e5, 0x19e5, 0x19e5, 0x19e5, 0x19e5,
    0x19e5, 0x19e5, 0x19e5, 0x19e5, 0x19e5, 0x19e5, 0x19e5, 0x19e5, 0x19e5, 0x19e5, 0x19e5, 0x19e5, 0x19e5, 0x19e5, 0x19e5, 0x19e5,
    0x19e5, 0x19e5, 0x19e5, 0x19e5, 0x19e5, 0x19e5, 0x19e5, 0x19e5, 0x19e5, 0x19e5, 0x19e5, 0x19e5, 0x19e5, 0x19e5, 0x19e5, 0x19e5,
    0x19e5, 0x19e5, 0x19e5, 0x19e5, 0x19e5, 0x19e5, 0x19e5, 0x19e5, 0x19e5, 0x19e5, 0x19e5, 0x19e5, 0x19e5, 0x19e5, 0x19e5, 0x19e5,
    0x19e5, 0x19e5, 0x19e5, 0x19e5, 0x19e5, 0x19e5, 0x19e5, 0x19e5, 0x19e5, 0x19e5, 0x19e5, 0x19e5, 0x19e5, 0x19e5, 0x19e5, 0x19e5,
    0x19e5, 0x19e5, 0x19e5, 0x19e5, 0x19e5, 0x19e5, 0x19e5, 0x19e5, 0x19e5, 0x19e5, 0x19e5, 0x19e5, 0x19e5, 0x19e5, 0x19e5, 0x19e5,
    0x19e5, 0x19e5, 0x19e5, 0x19e5, 0x19e5, 0x19e5, 0x19e5, 0x19e5, 0x19e5, 0x19e5, 0x19e5, 0x19e5, 0x19e5, 0x19e5, 0x19e5, 0x19e5,
    0x19e5, 0x19e5, 0x19e5, 0x19e5, 0x19e5, 0x19e5, 0x19e5, 0x19e5, 0x19e5, 0x19e5, 0x19e5, 0x19e5, 0x19e5, 0x19e5, 0x19e5, 0x19e5,
    0x19e5, 0x19e5, 0x19e5, 0x19e5, 0x19e5, 0x19e5, 0x19e5, 0x19e5, 0x19e5, 0x19e5, 0x19e5, 0x19e5, 0x19e5, 0x19e5, 0x19e5, 0x19e5,
    0x19e5, 0x19e5, 0x19e5, 0x19e5, 0x19e5, 0x19e5, 0x19e5, 0x19e5, 0x19e5, 0x19e5, 0x19e5, 0x19e5, 0x19e5, 0x19e5, 0x19e5, 0x19e5,
    0x19e5, 0x19e5, 0x19e5, 0x19e5, 0x19e5, 0x21e5, 0x19a5, 0x754e, 0x96d2, 0x8e71, 0x8e91, 0x8e91, 0x8e91, 0x8e91, 0x8e91, 0x8e91,
    0x8e91, 0x8e91, 0x8e91, 0x8e91, 0x8e91, 0x8e91, 0x8e91, 0x8e91, 0x8e91, 0x8e91, 0x8e91, 0x8e91, 0x8e91, 0x8e91, 0x8e91, 0x8e91,
    0x8e91, 0x8e91, 0x8e91, 0x8e91, 0x96f2, 0x5c4b, 0x19a5, 0x19e5, 0x19e5, 0x19e5, 0x19e5, 0x19e5, 0x19e5, 0x19e5, 0x19e5, 0x19e5,
    0x19e5, 0x19e5, 0x19e5, 0x19e5, 0x19e5, 0x19e5, 0x19e5, 0x2205, 0x19a5, 0x32a7, 0x8630, 0x96d2, 0x8e71, 0x8e91, 0x8e91, 0x8e91,
    0x8e91, 0x8e91, 0x8e91, 0x8e91, 0x8e91, 0x8e91, 0x8e91, 0x8e91, 0x8e91, 0x8e91, 0x8e91, 0x8e91, 0x8e91, 0x8e91, 0x8e91, 0x8e91,
    0x8e91, 0x8e91, 0x8e91, 0x8e91, 0x8e91, 0x8e91, 0x8e91, 0x96b1, 0x32e8, 0x19a5, 0x21e5, 0x19e5, 0x19e5, 0x19e5, 0x19e5, 0x19e5,
    0x19e5, 0x19e5, 0x19e5, 0x19e5, 0x19e5, 0x19e5, 0x19e5, 0x19e5, 0x19e5, 0x19e5, 0x19e5, 0x19e5, 0x19e5, 0x19e5, 0x19e5, 0x19e5,
    0x19e5, 0x19e5, 0x19e5, 0x19e5, 0x19e5, 0x19e5, 0x19e5, 0x19e5, 0x19e5, 0x19e5, 0x19e5, 0x19e5, 0x19e5, 0x19e5, 0x19e5, 0x19e5,
    0x19e5, 0x19e5, 0x19e5, 0x19e5, 0x19e5, 0x19e5, 0x19e5, 0x19e5, 0x19e5, 0x19e5, 0x19e5, 0x19e5, 0x19e5, 0x19e5, 0x19e5, 0x19e5,
    0x19e5, 0x19e5, 0x19e5, 0x19e5, 0x19e5, 0x19e5, 0x19e5, 0x19e5, 0x19e5, 0x19e5, 0x19e5, 0x19e5, 0x19e5, 0x19e5, 0x19e5, 0x19e5,
    0x19e5, 0x19e5, 0x19e5, 0x19e5, 0x19e5, 0x19e5, 0x19e5, 0x19e5, 0x19e5, 0x19e5, 0x19e5, 0x19e5, 0x19e5, 0x19e5, 0x19e5, 0x19e5,
    0x19e5, 0x19e5, 0x19e5, 0x19e5, 0x19e5, 0x19e5, 0x19e5, 0x19e5, 0x19e5, 0x19e5, 0x19e5, 0x19e5, 0x19e5, 0x19e5, 0x19e5, 0x19e5,
    0x19e5, 0x19e5, 0x19e5, 0x19e5, 0x19e5, 0x19e5, 0x19e5, 0x19e5, 0x19e5, 0x19e5, 0x19e5, 0x19e5, 0x19e5, 0x19e5, 0x19e5, 0x19e5,
    0x19e5, 0x19e5, 0x19e5, 0x19e5, 0x19e5, 0x19e5, 0x19e5, 0x19e5, 0x19e5, 0x19e5, 0x19e5, 0x19e5, 0x19e5, 0x19e5, 0x19e5, 0x19e5,
    0x19e5, 0x19e5, 0x19e5, 0x19e5, 0x19e5, 0x19e5, 0x19e5, 0x19e5, 0x19e5, 0x19e5, 0x19e5, 0x19e5, 0x19e5, 0x19e5, 0x19e5, 0x19e5,
    0x19e5, 0x19e5, 0x19e5, 0x19e5, 0x19e5, 0x21e5, 0x19a5, 0x3b08, 0x96b1, 0x8e91, 0x8e91, 0x8e91, 0x8e91, 0x8e91, 0x8e91, 0x8e91,
    0x8e91, 0x8e91, 0x8e91, 0x8e91, 0x8e91, 0x8e91, 0x8e91, 0x8e91, 0x8e91, 0x8e91, 0x8e91, 0x8e91, 0x8e91, 0x8e91, 0x8e91, 0x8e91,
    0x8e91, 0x8e91, 0x8e91, 0x8e91, 0x8e71, 0x96f2, 0x5c6c, 0x19a5, 0x21e5, 0x19e5, 0x19e5, 0x19e5, 0x19e5, 0x19e5, 0x19e5, 0x19e5,
    0x19e5, 0x19e5, 0x19e5, 0x19e5, 0x19e5, 0x19e5, 0x21e5, 0x19a5, 0x32a7, 0x8e50, 0x96b1, 0x8e71, 0x8e91, 0x8e91, 0x8e91, 0x8e91,
    0x8e91, 0x8e91, 0x8e91, 0x8e91, 0x8e91, 0x8e91, 0x8e91, 0x8e91, 0x8e91, 0x8e91, 0x8e91, 0x8e91, 0x8e91, 0x8e91, 0x8e91, 0x8e91,
    0x8e91, 0x8e91, 0x8e91, 0x8e91, 0x8e91, 0x8e71, 0x96d2, 0x6d0d, 0x19a5, 0x21e5, 0x19e5, 0x19e5, 0x19e5, 0x19e5, 0x19e5, 0x19e5,
    0x19e5, 0x19e5, 0x19e5, 0x19e5, 0x19e5, 0x19e5, 0x19e5, 0x19e5, 0x19e5, 0x19e5, 0x19e5, 0x19e5, 0x19e5, 0x19e5, 0x19e5, 0x19e5,
    0x19e5, 0x19e5, 0x19e5, 0x19e5, 0x19e5, 0x19e5, 0x19e5, 0x19e5, 0x19e5, 0x19e5, 0x19e5, 0x19e5, 0x19e5, 0x19e5, 0x19e5, 0x19e5,
    0x19e5, 0x19e5, 0x19e5, 0x19e5, 0x19e5, 0x19e5, 0x19e5, 0x19e5, 0x19e5, 0x19e5, 0x19e5, 0x19e5, 0x19e5, 0x19e5, 0x19e5, 0x19e5,
    0x19e5, 0x19e5, 0x19e5, 0x19e5, 0x19e5, 0x19e5, 0x19e5, 0x19e5, 0x19e5, 0x19e5, 0x19e5, 0x19e5, 0x19e5, 0x19e5, 0x19e5, 0x19e5,
    0x19e5, 0x19e5, 0x19e5, 0x19e5, 0x19e5, 0x19e5, 0x19e5, 0x19e5, 0x19e5, 0x19e5, 0x19e5, 0x19e5, 0x19e5, 0x19e5, 0x19e5, 0x19e5,
    0x19e5, 0x19e5, 0x19e5, 0x19e5, 0x19e5, 0x19e5, 0x19e5, 0x19e5, 0x19e5, 0x19e5, 0x19e5, 0x19e5, 0x19e5, 0x19e5, 0x19e5, 0x19e5,
    0x19e5, 0x19e5, 0x19e5, 0x19e5, 0x19e5, 0x19e5, 0x19e5, 0x19e5, 0x19e5, 0x19e5, 0x19e5, 0x19e5, 0x19e5, 0x19e5, 0x19e5, 0x19e5,
    0x19e5, 0x19e5, 0x19e5, 0x19e5, 0x19e5, 0x19e5, 0x19e5, 0x19e5, 0x19e5, 0x19e5, 0x19e5, 0x19e5, 0x19e5, 0x19e5, 0x19e5, 0x19e5,
    0x19e5, 0x19e5, 0x19e5, 0x19e5, 0x19e5, 0x19e5, 0x19e5, 0x19e5, 0x19e5, 0x19e5, 0x19e5, 0x19e5, 0x19e5, 0x19e5, 0x19e5, 0x19e5,
    0x19e5, 0x19e5, 0x19e5, 0x19e5, 0x19e5, 0x19e5, 0x21e5, 0x19a5, 0x6ced, 0x96d2, 0x8e71, 0x8e91, 0x8e91, 0x8e91, 0x8e91, 0x8e91,
    0x8e91, 0x8e91, 0x8e91, 0x8e91, 0x8e91, 0x8e91, 0x8e91, 0x8e91, 0x8e91, 0x8e91, 0x8e91, 0x8e91, 0x8e91, 0x8e91, 0x8e91, 0x8e91,
    0x8e91, 0x8e91, 0x8e91, 0x8e91, 0x8e91, 0x8e71, 0x96f2, 0x542b, 0x1185, 0x21e5, 0x19e5, 0x19e5, 0x19e5, 0x19e5, 0x19e5, 0x19e5,
    0x19e5, 0x19e5, 0x19e5, 0x19e5, 0x19e5, 0x21e5, 0x19a5, 0x2a67, 0x8630, 0x96b1, 0x8e71, 0x8e91, 0x8e91, 0x8e91, 0x8e91, 0x8e91,
    0x8e91, 0x8e91, 0x8e91, 0x8e91, 0x8e91, 0x8e91, 0x8e91, 0x8e91, 0x8e91, 0x8e91, 0x8e91, 0x8e91, 0x8e91, 0x8e91, 0x8e91, 0x8e91,
    0x8e91, 0x8e91, 0x8e91, 0x8e91, 0x8e91, 0x8e91, 0x8e91, 0x32a7, 0x19c5, 0x21e5, 0x19e5, 0x19e5, 0x19e5, 0x19e5, 0x19e5, 0x19e5,
    0x19e5, 0x19e5, 0x19e5, 0x19e5, 0x19e5, 0x19e5, 0x19e5, 0x19e5, 0x19e5, 0x19e5, 0x19e5, 0x19e5, 0x19e5, 0x19e5, 0x19e5, 0x19e5,
    0x19e5, 0x19e5, 0x19e5, 0x19e5, 0x19e5, 0x19e5, 0x19e5, 0x19e5, 0x19e5, 0x19e5, 0x19e5, 0x19e5, 0x19e5, 0x19e5, 0x19e5, 0x19e5,
    0x19e5, 0x19e5, 0x19e5, 0x19e5, 0x19e5, 0x19e5, 0x19e5, 0x19e5, 0x19e5, 0x19e5, 0x19e5, 0x19e5, 0x19e5, 0x19e5, 0x19e5, 0x19e5,
    0x19e5, 0x19e5, 0x19e5, 0x19e5, 0x19e5, 0x19e5, 0x19e5, 0x19e5, 0x19e5, 0x19e5, 0x19e5, 0x19e5, 0x19e5, 0x19e5, 0x19e5, 0x19e5,
    0x19e5, 0x19e5, 0x19e5, 0x19e5, 0x19e5, 0x19e5, 0x19e5, 0x19e5, 0x19e5, 0x19e5, 0x19e5, 0x19e5, 0x19e5, 0x19e5, 0x19e5, 0x19e5,
    0x19e5, 0x19e5, 0x19e5, 0x19e5, 0x19e5, 0x19e5, 0x19e5, 0x19e5, 0x19e5, 0x19e5, 0x19e5, 0x19e5, 0x19e5, 0x19e5, 0x19e5, 0x19e5,
    0x19e5, 0x19e5, 0x19e5, 0x19e5, 0x19e5, 0x19e5, 0x19e5, 0x19e5, 0x19e5, 0x19e5, 0x19e5, 0x19e5, 0x19e5, 0x19e5, 0x19e5, 0x19e5,
    0x19e5, 0x19e5, 0x19e5, 0x19e5, 0x19e5, 0x19e5, 0x19e5, 0x19e5, 0x19e5, 0x19e5, 0x19e5, 0x19e5, 0x19e5, 0x19e5, 0x19e5, 0x19e5,
    0x19e5, 0x19e5, 0x19e5, 0x19e5, 0x19e5, 0x19e5, 0x19e5, 0x19e5, 0x19e5, 0x19e5, 0x19e5, 0x19e5, 0x19e5, 0x19e5, 0x19e5, 0x19e5,
    0x19e5, 0x19e5, 0x19e5, 0x19e5, 0x19e5, 0x19e5, 0x21e5, 0x19c5, 0x2a67, 0x8e71, 0x9691, 0x8e91, 0x8e91, 0x8e91, 0x8e91, 0x8e91,
    0x8e91, 0x8e91, 0x8e91, 0x8e91, 0x8e91, 0x8e91, 0x8e91, 0x8e91, 0x8e91, 0x8e91, 0x8e91, 0x8e91, 0x8e91, 0x8e91, 0x8e91, 0x8e91,
    0x8e91, 0x8e91, 0x8e91, 0x8e91, 0x8e91, 0x8e91, 0x8e91, 0x96d2, 0x4baa, 0x1185, 0x2206, 0x19e5, 0x19e5, 0x19e5, 0x19e5, 0x19e5,
    0x19e5, 0x19e5, 0x19e5, 0x19e5, 0x21e5, 0x19c5, 0x2206, 0x7dcf, 0x96d1, 0x8e71, 0x8e91, 0x8e91, 0x8e91, 0x8e91, 0x8e91, 0x8e91,
    0x8e91, 0x8e91, 0x8e91, 0x8e91, 0x8e91, 0x8e91, 0x8e91, 0x8e91, 0x8e91, 0x8e91, 0x8e91, 0x8e91, 0x8e91, 0x8e91, 0x8e91, 0x8e91,
    0x8e91, 0x8e91, 0x8e91, 0x8e91, 0x8e71, 0x96f2, 0x5c4b, 0x1185, 0x21e5, 0x19e5, 0x19e5, 0x19e5, 0x19e5, 0x19e5, 0x19e5, 0x19e5,
    0x19e5, 0x19e5, 0x19e5, 0x19e5, 0x19e5, 0x19e5, 0x19e5, 0x19e5, 0x19e5, 0x19e5, 0x19e5, 0x19e5, 0x19e5, 0x19e5, 0x19e5, 0x19e5,
    0x19e5, 0x19e5, 0x19e5, 0x19e5, 0x19e5, 0x19e5, 0x19e5, 0x19e5, 0x19e5, 0x19e5, 0x19e5, 0x19e5, 0x19e5, 0x19e5, 0x19e5, 0x19e5,
    0x19e5, 0x19e5, 0x19e5, 0x19e5, 0x19e5, 0x19e5, 0x19e5, 0x19e5, 0x19e5, 0x19e5, 0x19e5, 0x19e5, 0x19e5, 0x19e5, 0x19e5, 0x19e5,
    0x19e5, 0x19e5, 0x19e5, 0x19e5, 0x19e5, 0x19e5, 0x19e5, 0x19e5, 0x19e5, 0x19e5, 0x19e5, 0x19e5, 0x19e5, 0x19e5, 0x19e5, 0x19e5,
    0x19e5, 0x19e5, 0x19e5, 0x19e5, 0x19e5, 0x19e5, 0x19e5, 0x19e5, 0x19e5, 0x19e5, 0x19e5, 0x19e5, 0x19e5, 0x19e5, 0x19e5, 0x19e5,
    0x19e5, 0x19e5, 0x19e5, 0x19e5, 0x19e5, 0x19e5, 0x19e5, 0x19e5, 0x19e5, 0x19e5, 0x19e5, 0x19e5, 0x19e5, 0x19e5, 0x19e5, 0x19e5,
    0x19e5, 0x19e5, 0x19e5, 0x19e5, 0x19e5, 0x19e5, 0x19e5, 0x19e5, 0x19e5, 0x19e5, 0x19e5, 0x19e5, 0x19e5, 0x19e5, 0x19e5, 0x19e5,
    0x19e5, 0x19e5, 0x19e5, 0x19e5, 0x19e5, 0x19e5, 0x19e5, 0x19e5, 0x19e5, 0x19e5, 0x19e5, 0x19e5, 0x19e5, 0x19e5, 0x19e5, 0x19e5,
    0x19e5, 0x19e5, 0x19e5, 0x19e5, 0x19e5, 0x19e5, 0x19e5, 0x19e5, 0x19e5, 0x19e5, 0x19e5, 0x19e5, 0x19e5, 0x19e5, 0x19e5, 0x19e5,
    0x19e5, 0x19e5, 0x19e5, 0x19e5, 0x19e5, 0x19e5, 0x19e5, 0x2205, 0x1184, 0x4bea, 0x96f2, 0x8e71, 0x8e91, 0x8e91, 0x8e91, 0x8e91,
    0x8e91, 0x8e91, 0x8e91, 0x8e91, 0x8e91, 0x8e91, 0x8e91, 0x8e91, 0x8e91, 0x8e91, 0x8e91, 0x8e91, 0x8e91, 0x8e91, 0x8e91, 0x8e91,
    0x8e91, 0x8e91, 0x8e91, 0x8e91, 0x8e91, 0x8e91, 0x8e91, 0x9691, 0x9691, 0x32c8, 0x19a5, 0x21e5, 0x19e5, 0x19e5, 0x19e5, 0x19e5,
    0x19e5, 0x19e5, 0x19e5, 0x19e5, 0x21e5, 0x19a5, 0x6d0d, 0x96d2, 0x8e71, 0x8e91, 0x8e91, 0x8e91, 0x8e91, 0x8e91, 0x8e91, 0x8e91,
    0x8e91, 0x8e91, 0x8e91, 0x8e91, 0x8e91, 0x8e91, 0x8e91, 0x8e91, 0x8e91, 0x8e91, 0x8e91, 0x8e91, 0x8e91, 0x8e91, 0x8e91, 0x8e91,
    0x8e91, 0x8e91, 0x8e91, 0x8e71, 0x96b1, 0x7dcf, 0x21e5, 0x19e5, 0x19e5, 0x19e5, 0x19e5, 0x19e5, 0x19e5, 0x19e5, 0x19e5, 0x19e5,
    0x19e5, 0x19e5, 0x19e5, 0x19e5, 0x19e5, 0x19e5, 0x19e5, 0x19e5, 0x19e5, 0x19e5, 0x19e5, 0x19e5, 0x19e5, 0x19e5, 0x19e5, 0x19e5,
    0x19e5, 0x19e5, 0x19e5, 0x19e5, 0x19e5, 0x19e5, 0x19e5, 0x19e5, 0x19e5, 0x19e5, 0x19e5, 0x19e5, 0x19e5, 0x19e5, 0x19e5, 0x19e5,
    0x19e5, 0x19e5, 0x19e5, 0x19e5, 0x19e5, 0x19e5, 0x19e5, 0x19e5, 0x19e5, 0x19e5, 0x19e5, 0x19e5, 0x19e5, 0x19e5, 0x19e5, 0x19e5,
    0x19e5, 0x19e5, 0x19e5, 0x19e5, 0x19e5, 0x19e5, 0x19e5, 0x19e5, 0x19e5, 0x19e5, 0x19e5, 0x19e5, 0x19e5, 0x19e5, 0x19e5, 0x19e5,
    0x19e5, 0x19e5, 0x19e5, 0x19e5, 0x19e5, 0x19e5, 0x19e5, 0x19e5, 0x19e5, 0x19e5, 0x19e5, 0x19e5, 0x19e5, 0x19e5, 0x19e5, 0x19e5,
    0x19e5, 0x19e5, 0x19e5, 0x19e5, 0x19e5, 0x19e5, 0x19e5, 0x19e5, 0x19e5, 0x19e5, 0x19e5, 0x19e5, 0x19e5, 0x19e5, 0x19e5, 0x19e5,
    0x19e5, 0x19e5, 0x19e5, 0x19e5, 0x19e5, 0x19e5, 0x19e5, 0x19e5, 0x19e5, 0x19e5, 0x19e5, 0x19e5, 0x19e5, 0x19e5, 0x19e5, 0x19e5,
    0x19e5, 0x19e5, 0x19e5, 0x19e5, 0x19e5, 0x19e5, 0x19e5, 0x19e5, 0x19e5, 0x19e5, 0x19e5, 0x19e5, 0x19e5, 0x19e5, 0x19e5, 0x19e5,
    0x19e5, 0x19e5, 0x19e5, 0x19e5, 0x19e5, 0x19e5, 0x19e5, 0x19e5, 0x19e5, 0x19e5, 0x19e5, 0x19e5, 0x19e5, 0x19e5, 0x19e5, 0x19e5,
    0x19e5, 0x19e5, 0x19e5, 0x19e5, 0x19e5, 0x19e5, 0x19e5, 0x19e5, 0x21e5, 0x19a5, 0x6d2e, 0x96d2, 0x8e71, 0x8e91, 0x8e91, 0x8e91,
    0x8e91, 0x8e91, 0x8e91, 0x8e91, 0x8e91, 0x8e91, 0x8e91, 0x8e91, 0x8e91, 0x8e91, 0x8e91, 0x8e91, 0x8e91, 0x8e91, 0x8e91, 0x8e91,
    0x8e91, 0x8e91, 0x8e91, 0x8e91, 0x8e91, 0x8e91, 0x8e91, 0x8e71, 0x96b1, 0x85ef, 0x2206, 0x19c5, 0x19e5, 0x19e5, 0x19e5, 0x19e5,
    0x19e5, 0x19e5, 0x19e5, 0x21e5, 0x1185, 0x540b, 0x9ef2, 0x8e71, 0x8e91, 0x8e91, 0x8e91, 0x8e91, 0x8e91, 0x8e91, 0x8e91, 0x8e91,
    0x8e91, 0x8e91, 0x8e91, 0x8e91, 0x8e91, 0x8e91, 0x8e91, 0x8e91, 0x8e91, 0x8e91, 0x8e91, 0x8e91, 0x8e91, 0x8e91, 0x8e91, 0x8e91,
    0x8e91, 0x8e91, 0x8e91, 0x8e91, 0x96b1, 0x32e8, 0x19a5, 0x21e5, 0x19e5, 0x19e5, 0x19e5, 0x19e5, 0x19e5, 0x19e5, 0x19e5, 0x19e5,
    0x19e5, 0x19e5, 0x19e5, 0x19e5, 0x19e5, 0x19e5, 0x19e5, 0x19e5, 0x19e5, 0x19e5, 0x19e5, 0x19e5, 0x19e5, 0x19e5, 0x19e5, 0x19e5,
    0x19e5, 0x19e5, 0x19e5, 0x19e5, 0x19e5, 0x19e5, 0x19e5, 0x19e5, 0x19e5, 0x19e5, 0x19e5, 0x19e5, 0x19e5, 0x19e5, 0x19e5, 0x19e5,
    0x19e5, 0x19e5, 0x19e5, 0x19e5, 0x19e5, 0x19e5, 0x19e5, 0x19e5, 0x19e5, 0x19e5, 0x19e5, 0x19e5, 0x19e5, 0x19e5, 0x19e5, 0x19e5,
    0x19e5, 0x19e5, 0x19e5, 0x19e5, 0x19e5, 0x19e5, 0x19e5, 0x19e5, 0x19e5, 0x19e5, 0x19e5, 0x19e5, 0x19e5, 0x19e5, 0x19e5, 0x19e5,
    0x19e5, 0x19e5, 0x19e5, 0x19e5, 0x19e5, 0x19e5, 0x19e5, 0x19e5, 0x19e5, 0x19e5, 0x19e5, 0x19e5, 0x19e5, 0x19e5, 0x19e5, 0x19e5,
    0x19e5, 0x19e5, 0x19e5, 0x19e5, 0x19e5, 0x19e5, 0x19e5, 0x19e5, 0x19e5, 0x19e5, 0x19e5, 0x19e5, 0x19e5, 0x19e5, 0x19e5, 0x19e5,
    0x19e5, 0x19e5, 0x19e5, 0x19e5, 0x19e5, 0x19e5, 0x19e5, 0x19e5, 0x19e5, 0x19e5, 0x19e5, 0x19e5, 0x19e5, 0x19e5, 0x19e5, 0x19e5,
    0x19e5, 0x19e5, 0x19e5, 0x19e5, 0x19e5, 0x19e5, 0x19e5, 0x19e5, 0x19e5, 0x19e5, 0x19e5, 0x19e5, 0x19e5, 0x19e5, 0x19e5, 0x19e5,
    0x19e5, 0x19e5, 0x19e5, 0x19e5, 0x19e5, 0x19e5, 0x19e5, 0x19e5, 0x19e5, 0x19e5, 0x19e5, 0x19e5, 0x19e5, 0x19e5, 0x19e5, 0x19e5,
    0x19e5, 0x19e5, 0x19e5, 0x19e5, 0x19e5, 0x19e5, 0x19e5, 0x19e5, 0x21e5, 0x19c5, 0x2246, 0x8610, 0x96b1, 0x8e71, 0x8e91, 0x8e91,
    0x8e91, 0x8e91, 0x8e91, 0x8e91, 0x8e91, 0x8e91, 0x8e91, 0x8e91, 0x8e91, 0x8e91, 0x8e91, 0x8e91, 0x8e91, 0x8e91, 0x8e91, 0x8e91,
    0x8e91, 0x8e91, 0x8e91, 0x8e91, 0x8e91, 0x8e91, 0x8e91, 0x8e91, 0x8e71, 0x9ef2, 0x64ac, 0x1985, 0x21e5, 0x19e5, 0x19e5, 0x19e5,
    0x19e5, 0x19e5, 0x21e5, 0x19a5, 0x32a7, 0x8e91, 0x8e91, 0x8e91, 0x8e91, 0x8e91, 0x8e91, 0x8e91, 0x8e91, 0x8e91, 0x8e91, 0x8e91,
    0x8e91, 0x8e91, 0x8e91, 0x8e91, 0x8e91, 0x8e91, 0x8e91, 0x8e91, 0x8e91, 0x8e91, 0x8e91, 0x8e91, 0x8e91, 0x8e91, 0x8e91, 0x8e91,
    0x8e91, 0x8e91, 0x8e71, 0x96f2, 0x53ea, 0x1184, 0x21e6, 0x19e5, 0x19e5, 0x19e5, 0x19e5, 0x19e5, 0x19e5, 0x19e5, 0x19e5, 0x19e5,
    0x19e5, 0x19e5, 0x19e5, 0x19e5, 0x19e5, 0x19e5, 0x19e5, 0x19e5, 0x19e5, 0x19e5, 0x19e5, 0x19e5, 0x19e5, 0x19e5, 0x19e5, 0x19e5,
    0x19e5, 0x19e5, 0x19e5, 0x19e5, 0x19e5, 0x19e5, 0x19e5, 0x19e5, 0x19e5, 0x19e5, 0x19e5, 0x19e5, 0x19e5, 0x19e5, 0x19e5, 0x19e5,
    0x19e5, 0x19e5, 0x19e5, 0x19e5, 0x19e5, 0x19e5, 0x19e5, 0x19e5, 0x19e5, 0x19e5, 0x19e5, 0x19e5, 0x19e5, 0x19e5, 0x19e5, 0x19e5,
    0x19e5, 0x19e5, 0x19e5, 0x19e5, 0x19e5, 0x19e5, 0x19e5, 0x19e5, 0x19e5, 0x19e5, 0x19e5, 0x19e5, 0x19e5, 0x19e5, 0x19e5, 0x19e5,
    0x19e5, 0x19e5, 0x19e5, 0x19e5, 0x19e5, 0x19e5, 0x19e5, 0x19e5, 0x19e5, 0x19e5, 0x19e5, 0x19e5, 0x19e5, 0x19e5, 0x19e5, 0x19e5,
    0x19e5, 0x19e5, 0x19e5, 0x19e5, 0x19e5, 0x19e5, 0x19e5, 0x19e5, 0x19e5, 0x19e5, 0x19e5, 0x19e5, 0x19e5, 0x19e5, 0x19e5, 0x19e5,
    0x19e5, 0x19e5, 0x19e5, 0x19e5, 0x19e5, 0x19e5, 0x19e5, 0x19e5, 0x19e5, 0x19e5, 0x19e5, 0x19e5, 0x19e5, 0x19e5, 0x19e5, 0x19e5,
    0x19e5, 0x19e5, 0x19e5, 0x19e5, 0x19e5, 0x19e5, 0x19e5, 0x19e5, 0x19e5, 0x19e5, 0x19e5, 0x19e5, 0x19e5, 0x19e5, 0x19e5, 0x19e5,
    0x19e5, 0x19e5, 0x19e5, 0x19e5, 0x19e5, 0x19e5, 0x19e5, 0x19e5, 0x19e5, 0x19e5, 0x19e5, 0x19e5, 0x19e5, 0x19e5, 0x19e5, 0x19e5,
    0x19e5, 0x19e5, 0x19e5, 0x19e5, 0x19e5, 0x19e5, 0x19e5, 0x19e5, 0x19e5, 0x21e5, 0x19a5, 0x32e8, 0x8e91, 0x9691, 0x8e91, 0x8e91,
    0x8e91, 0x8e91, 0x8e91, 0x8e91, 0x8e91, 0x8e91, 0x8e91, 0x8e91, 0x8e91, 0x8e91, 0x8e91, 0x8e91, 0x8e91, 0x8e91, 0x8e91, 0x8e91,
    0x8e91, 0x8e91, 0x8e91, 0x8e91, 0x8e91, 0x8e91, 0x8e91, 0x8e91, 0x8e91, 0x8e91, 0x96b1, 0x3b08, 0x19a5, 0x21e5, 0x19e5, 0x19e5,
    0x19e5, 0x19e5, 0x19e5, 0x19c5, 0x756e, 0x96d2, 0x8e71, 0x8e91, 0x8e91, 0x8e91, 0x8e91, 0x8e91, 0x8e91, 0x8e91, 0x8e91, 0x8e91,
    0x8e91, 0x8e91, 0x8e91, 0x8e91, 0x8e91, 0x8e91, 0x8e91, 0x8e91, 0x8e91, 0x8e91, 0x8e91, 0x8e91, 0x8e91, 0x8e91, 0x8e91, 0x8e91,
    0x8e91, 0x8e71, 0x9ef2, 0x64cd, 0x19a5, 0x21e5, 0x19e5, 0x19e5, 0x19e5, 0x19e5, 0x19e5, 0x19e5, 0x19e5, 0x19e5, 0x19e5, 0x19e5,
    0x19e5, 0x19e5, 0x19e5, 0x19e5, 0x19e5, 0x19e5, 0x19e5, 0x19e5, 0x19e5, 0x19e5, 0x19e5, 0x19e5, 0x19e5, 0x19e5, 0x19e5, 0x19e5,
    0x19e5, 0x19e5, 0x19e5, 0x19e5, 0x19e5, 0x19e5, 0x19e5, 0x19e5, 0x19e5, 0x19e5, 0x19e5, 0x19e5, 0x19e5, 0x19e5, 0x19e5, 0x19e5,
    0x19e5, 0x19e5, 0x19e5, 0x19e5, 0x19e5, 0x19e5, 0x19e5, 0x19e5, 0x19e5, 0x19e5, 0x19e5, 0x19e5, 0x19e5, 0x19e5, 0x19e5, 0x19e5,
    0x19e5, 0x19e5, 0x19e5, 0x19e5, 0x19e5, 0x19e5, 0x19e5, 0x19e5, 0x19e5, 0x19e5, 0x19e5, 0x19e5, 0x19e5, 0x19e5, 0x19e5, 0x19e5,
    0x19e5, 0x19e5, 0x19e5, 0x19e5, 0x19e5, 0x19e5, 0x19e5, 0x19e5, 0x19e5, 0x19e5, 0x19e5, 0x19e5, 0x19e5, 0x19e5, 0x19e5, 0x19e5,
    0x19e5, 0x19e5, 0x19e5, 0x19e5, 0x19e5, 0x19e5, 0x19e5, 0x19e5, 0x19e5, 0x19e5, 0x19e5, 0x19e5, 0x19e5, 0x19e5, 0x19e5, 0x19e5,
    0x19e5, 0x19e5, 0x19e5, 0x19e5, 0x19e5, 0x19e5, 0x19e5, 0x19e5, 0x19e5, 0x19e5, 0x19e5, 0x19e5, 0x19e5, 0x19e5, 0x19e5, 0x19e5,
    0x19e5, 0x19e5, 0x19e5, 0x19e5, 0x19e5, 0x19e5, 0x19e5, 0x19e5, 0x19e5, 0x19e5, 0x19e5, 0x19e5, 0x19e5, 0x19e5, 0x19e5, 0x19e5,
    0x19e5, 0x19e5, 0x19e5, 0x19e5, 0x19e5, 0x19e5, 0x19e5, 0x19e5, 0x19e5, 0x19e5, 0x19e5, 0x19e5, 0x19e5, 0x19e5, 0x19e5, 0x19e5,
    0x19e5, 0x19e5, 0x19e5, 0x19e5, 0x19e5, 0x19e5, 0x19e5, 0x19e5, 0x19e5, 0x19e5, 0x2205, 0x1185, 0x4369, 0x96b1, 0x8e91, 0x8e91,
    0x8e91, 0x8e91, 0x8e91, 0x8e91, 0x8e91, 0x8e91, 0x8e91, 0x8e91, 0x8e91, 0x8e91, 0x8e91, 0x8e91, 0x8e91, 0x8e91, 0x8e91, 0x8e91,
    0x8e91, 0x8e91, 0x8e91, 0x8e91, 0x8e91, 0x8e91, 0x8e91, 0x8e91, 0x8e91, 0x8e71, 0x96d1, 0x7daf, 0x19e5, 0x19e5, 0x19e5, 0x19e5,
    0x19e5, 0x21e5, 0x1185, 0x4baa, 0x96d2, 0x8e71, 0x8e91, 0x8e91, 0x8e91, 0x8e91, 0x8e91, 0x8e91, 0x8e91, 0x8e91, 0x8e91, 0x8e91,
    0x8e91, 0x8e91, 0x8e91, 0x8e91, 0x8e91, 0x8e91, 0x8e91, 0x8e91, 0x8e91, 0x8e91, 0x8e91, 0x8e91, 0x8e91, 0x8e91, 0x8e91, 0x8e91,
    0x8e71, 0x96f2, 0x754e, 0x19c5, 0x19e5, 0x21e5, 0x19e5, 0x19e5, 0x19e5, 0x19e5, 0x19e5, 0x19e5, 0x19e5, 0x19e5, 0x19e5, 0x19e5,
    0x19e5, 0x19e5, 0x19e5, 0x19e5, 0x19e5, 0x19e5, 0x19e5, 0x19e5, 0x19e5, 0x19e5, 0x19e5, 0x19e5, 0x19e5, 0x19e5, 0x19e5, 0x19e5,
    0x19e5, 0x19e5, 0x19e5, 0x19e5, 0x19e5, 0x19e5, 0x19e5, 0x19e5, 0x19e5, 0x19e5, 0x19e5, 0x19e5, 0x19e5, 0x19e5, 0x19e5, 0x19e5,
    0x19e5, 0x19e5, 0x19e5, 0x19e5, 0x19e5, 0x19e5, 0x19e5, 0x19e5, 0x19e5, 0x19e5, 0x19e5, 0x19e5, 0x19e5, 0x19e5, 0x19e5, 0x19e5,
    0x19e5, 0x19e5, 0x19e5, 0x19e5, 0x19e5, 0x19e5, 0x19e5, 0x19e5, 0x19e5, 0x19e5, 0x19e5, 0x19e5, 0x19e5, 0x19e5, 0x19e5, 0x19e5,
    0x19e5, 0x19e5, 0x19e5, 0x19e5, 0x19e5, 0x19e5, 0x19e5, 0x19e5, 0x19e5, 0x19e5, 0x19e5, 0x19e5, 0x19e5, 0x19e5, 0x19e5, 0x19e5,
    0x19e5, 0x19e5, 0x19e5, 0x19e5, 0x19e5, 0x19e5, 0x19e5, 0x19e5, 0x19e5, 0x19e5, 0x19e5, 0x19e5, 0x19e5, 0x19e5, 0x19e5, 0x19e5,
    0x19e5, 0x19e5, 0x19e5, 0x19e5, 0x19e5, 0x19e5, 0x19e5, 0x19e5, 0x19e5, 0x19e5, 0x19e5, 0x19e5, 0x19e5, 0x19e5, 0x19e5, 0x19e5,
    0x19e5, 0x19e5, 0x19e5, 0x19e5, 0x19e5, 0x19e5, 0x19e5, 0x19e5, 0x19e5, 0x19e5, 0x19e5, 0x19e5, 0x19e5, 0x19e5, 0x19e5, 0x19e5,
    0x19e5, 0x19e5, 0x19e5, 0x19e5, 0x19e5, 0x19e5, 0x19e5, 0x19e5, 0x19e5, 0x19e5, 0x19e5, 0x19e5, 0x19e5, 0x19e5, 0x19e5, 0x19e5,
    0x19e5, 0x19e5, 0x19e5, 0x19e5, 0x19e5, 0x19e5, 0x19e5, 0x19e5, 0x19e5, 0x19e5, 0x19e5, 0x21e6, 0x1184, 0x4baa, 0x96d2, 0x8e91,
    0x8e91, 0x8e91, 0x8e91, 0x8e91, 0x8e91, 0x8e91, 0x8e91, 0x8e91, 0x8e91, 0x8e91, 0x8e91, 0x8e91, 0x8e91, 0x8e91, 0x8e91, 0x8e91,
    0x8e91, 0x8e91, 0x8e91, 0x8e91, 0x8e91, 0x8e91, 0x8e91, 0x8e91, 0x8e91, 0x8e91, 0x8e71, 0x96d2, 0x4bca, 0x1185, 0x21e5, 0x19e5,
    0x19e5, 0x19e5, 0x2206, 0x8610, 0x96b1, 0x8e91, 0x8e91, 0x8e91, 0x8e91, 0x8e91, 0x8e91, 0x8e91, 0x8e91, 0x8e91, 0x8e91, 0x8e91,
    0x8e91, 0x8e91, 0x8e91, 0x8e91, 0x8e91, 0x8e91, 0x8e91, 0x8e91, 0x8e91, 0x8e91, 0x8e91, 0x8e91, 0x8e91, 0x8e91, 0x8e91, 0x8e71,
    0x96f2, 0x756e, 0x21e5, 0x19c5, 0x21e5, 0x19e5, 0x19e5, 0x19e5, 0x19e5, 0x19e5, 0x19e5, 0x19e5, 0x19e5, 0x19e5, 0x19e5, 0x19e5,
    0x19e5, 0x19e5, 0x19e5, 0x19e5, 0x19e5, 0x19e5, 0x19e5, 0x19e5, 0x19e5, 0x19e5, 0x19e5, 0x19e5, 0x19e5, 0x19e5, 0x19e5, 0x19e5,
    0x19e5, 0x19e5, 0x19e5, 0x19e5, 0x19e5, 0x19e5, 0x19e5, 0x19e5, 0x19e5, 0x19e5, 0x19e5, 0x19e5, 0x19e5, 0x19e5, 0x19e5, 0x19e5,
    0x19e5, 0x19e5, 0x19e5, 0x19e5, 0x19e5, 0x19e5, 0x19e5, 0x19e5, 0x19e5, 0x19e5, 0x19e5, 0x19e5, 0x19e5, 0x19e5, 0x19e5, 0x19e5,
    0x19e5, 0x19e5, 0x19e5, 0x19e5, 0x19e5, 0x19e5, 0x19e5, 0x19e5, 0x19e5, 0x19e5, 0x19e5, 0x19e5, 0x19e5, 0x19e5, 0x19e5, 0x19e5,
    0x19e5, 0x19e5, 0x19e5, 0x19e5, 0x19e5, 0x19e5, 0x19e5, 0x19e5, 0x19e5, 0x19e5, 0x19e5, 0x19e5, 0x19e5, 0x19e5, 0x19e5, 0x19e5,
    0x19e5, 0x19e5, 0x19e5, 0x19e5, 0x19e5, 0x19e5, 0x19e5, 0x19e5, 0x19e5, 0x19e5, 0x19e5, 0x19e5, 0x19e5, 0x19e5, 0x19e5, 0x19e5,
    0x19e5, 0x19e5, 0x19e5, 0x19e5, 0x19e5, 0x19e5, 0x19e5, 0x19e5, 0x19e5, 0x19e5, 0x19e5, 0x19e5, 0x19e5, 0x19e5, 0x19e5, 0x19e5,
    0x19e5, 0x19e5, 0x19e5, 0x19e5, 0x19e5, 0x19e5, 0x19e5, 0x19e5, 0x19e5, 0x19e5, 0x19e5, 0x19e5, 0x19e5, 0x19e5, 0x19e5, 0x19e5,
    0x19e5, 0x19e5, 0x19e5, 0x19e5, 0x19e5, 0x19e5, 0x19e5, 0x19e5, 0x19e5, 0x19e5, 0x19e5, 0x19e5, 0x19e5, 0x19e5, 0x19e5, 0x19e5,
    0x19e5, 0x19e5, 0x19e5, 0x19e5, 0x19e5, 0x19e5, 0x19e5, 0x19e5, 0x19e5, 0x19e5, 0x19e5, 0x19e5, 0x21e5, 0x1184, 0x4389, 0x96b1,
    0x96b1, 0x8e71, 0x8e91, 0x8e91, 0x8e91, 0x8e91, 0x8e91, 0x8e91, 0x8e91, 0x8e91, 0x8e91, 0x8e91, 0x8e91, 0x8e91, 0x8e91, 0x8e91,
    0x8e91, 0x8e91, 0x8e91, 0x8e91, 0x8e91, 0x8e91, 0x8e91, 0x8e91, 0x8e91, 0x8e91, 0x8e91, 0x96b1, 0x85ef, 0x2206, 0x19e5, 0x19e5,
    0x21e5, 0x1184, 0x540b, 0x96f2, 0x8e71, 0x8e91, 0x8e91, 0x8e91, 0x8e91, 0x8e91, 0x8e91, 0x8e91, 0x8e91, 0x8e91, 0x8e91, 0x8e91,
    0x8e91, 0x8e91, 0x8e91, 0x8e91, 0x8e91, 0x8e91, 0x8e91, 0x8e91, 0x8e91, 0x8e91, 0x8e91, 0x8e91, 0x8e91, 0x8e91, 0x8e71, 0x9ef2,
    0x754e, 0x21e6, 0x19c5, 0x21e5, 0x19e5, 0x19e5, 0x19e5, 0x19e5, 0x19e5, 0x19e5, 0x19e5, 0x19e5, 0x19e5, 0x19e5, 0x19e5, 0x19e5,
    0x19e5, 0x19e5, 0x19e5, 0x19e5, 0x19e5, 0x19e5, 0x19e5, 0x19e5, 0x19e5, 0x19e5, 0x19e5, 0x19e5, 0x19e5, 0x19e5, 0x19e5, 0x19e5,
    0x19e5, 0x19e5, 0x19e5, 0x19e5, 0x19e5, 0x19e5, 0x19e5, 0x19e5, 0x19e5, 0x19e5, 0x19e5, 0x19e5, 0x19e5, 0x19e5, 0x19e5, 0x19e5,
    0x19e5, 0x19e5, 0x19e5, 0x19e5, 0x19e5, 0x19e5, 0x19e5, 0x19e5, 0x19e5, 0x19e5, 0x19e5, 0x19e5, 0x19e5, 0x19e5, 0x19e5, 0x19e5,
    0x19e5, 0x19e5, 0x19e5, 0x19e5, 0x19e5, 0x19e5, 0x19e5, 0x19e5, 0x19e5, 0x19e5, 0x19e5, 0x19e5, 0x19e5, 0x19e5, 0x19e5, 0x19e5,
    0x19e5, 0x19e5, 0x19e5, 0x19e5, 0x19e5, 0x19e5, 0x19e5, 0x19e5, 0x19e5, 0x19e5, 0x19e5, 0x19e5, 0x19e5, 0x19e5, 0x19e5, 0x19e5,
    0x19e5, 0x19e5, 0x19e5, 0x19e5, 0x19e5, 0x19e5, 0x19e5, 0x19e5, 0x19e5, 0x19e5, 0x19e5, 0x19e5, 0x19e5, 0x19e5, 0x19e5, 0x19e5,
    0x19e5, 0x19e5, 0x19e5, 0x19e5, 0x19e5, 0x19e5, 0x19e5, 0x19e5, 0x19e5, 0x19e5, 0x19e5, 0x19e5, 0x19e5, 0x19e5, 0x19e5, 0x19e5,
    0x19e5, 0x19e5, 0x19e5, 0x19e5, 0x19e5, 0x19e5, 0x19e5, 0x19e5, 0x19e5, 0x19e5, 0x19e5, 0x19e5, 0x19e5, 0x19e5, 0x19e5, 0x19e5,
    0x19e5, 0x19e5, 0x19e5, 0x19e5, 0x19e5, 0x19e5, 0x19e5, 0x19e5, 0x19e5, 0x19e5, 0x19e5, 0x19e5, 0x19e5, 0x19e5, 0x19e5, 0x19e5,
    0x19e5, 0x19e5, 0x19e5, 0x19e5, 0x19e5, 0x19e5, 0x19e5, 0x19e5, 0x19e5, 0x19e5, 0x19e5, 0x19e5, 0x19e5, 0x21e6, 0x1184, 0x3b29,
    0x8e71, 0x96d1, 0x8e71, 0x8e91, 0x8e91, 0x8e91, 0x8e91, 0x8e91, 0x8e91, 0x8e91, 0x8e91, 0x8e91, 0x8e91, 0x8e91, 0x8e91, 0x8e91,
    0x8e91, 0x8e91, 0x8e91, 0x8e91, 0x8e91, 0x8e91, 0x8e91, 0x8e91, 0x8e91, 0x8e91, 0x8e91, 0x8e71, 0x96d2, 0x4baa, 0x1185, 0x2206,
    0x19e5, 0x2206, 0x8610, 0x96b1, 0x8e91, 0x8e91, 0x8e91, 0x8e91, 0x8e91, 0x8e91, 0x8e91, 0x8e91, 0x8e91, 0x8e91, 0x8e91, 0x8e91,
    0x8e91, 0x8e91, 0x8e91, 0x8e91, 0x8e91, 0x8e91, 0x8e91, 0x8e91, 0x8e91, 0x8e91, 0x8e91, 0x8e91, 0x8e71, 0x8e91, 0x96f2, 0x64ed,
    0x19c5, 0x19c5, 0x21e5, 0x19e5, 0x19e5, 0x19e5, 0x19e5, 0x19e5, 0x19e5, 0x19e5, 0x19e5, 0x19e5, 0x19e5, 0x19e5, 0x19e5, 0x19e5,
    0x19e5, 0x19e5, 0x19e5, 0x19e5, 0x19e5, 0x19e5, 0x19e5, 0x19e5, 0x19e5, 0x19e5, 0x19e5, 0x19e5, 0x19e5, 0x19e5, 0x19e5, 0x19e5,
    0x19e5, 0x19e5, 0x19e5, 0x19e5, 0x19e5, 0x19e5, 0x19e5, 0x19e5, 0x19e5, 0x19e5, 0x19e5, 0x19e5, 0x19e5, 0x19e5, 0x19e5, 0x19e5,
    0x19e5, 0x19e5, 0x19e5, 0x19e5, 0x19e5, 0x19e5, 0x19e5, 0x19e5, 0x19e5, 0x19e5, 0x19e5, 0x19e5, 0x19e5, 0x19e5, 0x19e5, 0x19e5,
    0x19e5, 0x19e5, 0x19e5, 0x19e5, 0x19e5, 0x19e5, 0x19e5, 0x19e5, 0x19e5, 0x19e5, 0x19e5, 0x19e5, 0x19e5, 0x19e5, 0x19e5, 0x19e5,
    0x19e5, 0x19e5, 0x19e5, 0x19e5, 0x19e5, 0x19e5, 0x19e5, 0x19e5, 0x19e5, 0x19e5, 0x19e5, 0x19e5, 0x19e5, 0x19e5, 0x19e5, 0x19e5,
    0x19e5, 0x19e5, 0x19e5, 0x19e5, 0x19e5, 0x19e5, 0x19e5, 0x19e5, 0x19e5, 0x19e5, 0x19e5, 0x19e5, 0x19e5, 0x19e5, 0x19e5, 0x19e5,
    0x19e5, 0x19e5, 0x19e5, 0x19e5, 0x19e5, 0x19e5, 0x19e5, 0x19e5, 0x19e5, 0x19e5, 0x19e5, 0x19e5, 0x19e5, 0x19e5, 0x19e5, 0x19e5,
    0x19e5, 0x19e5, 0x19e5, 0x19e5, 0x19e5, 0x19e5, 0x19e5, 0x19e5, 0x19e5, 0x19e5, 0x19e5, 0x19e5, 0x19e5, 0x19e5, 0x19e5, 0x19e5,
    0x19e5, 0x19e5, 0x19e5, 0x19e5, 0x19e5, 0x19e5, 0x19e5, 0x19e5, 0x19e5, 0x19e5, 0x19e5, 0x19e5, 0x19e5, 0x19e5, 0x19e5, 0x19e5,
    0x19e5, 0x19e5, 0x19e5, 0x19e5, 0x19e5, 0x19e5, 0x19e5, 0x19e5, 0x19e5, 0x19e5, 0x19e5, 0x19e5, 0x19e5, 0x19e5, 0x21e6, 0x19a5,
    0x2a87, 0x7dcf, 0x9ef2, 0x8e91, 0x8e71, 0x8e91, 0x8e91, 0x8e91, 0x8e91, 0x8e91, 0x8e91, 0x8e91, 0x8e91, 0x8e91, 0x8e91, 0x8e91,
    0x8e91, 0x8e91, 0x8e91, 0x8e91, 0x8e91, 0x8e91, 0x8e91, 0x8e91, 0x8e91, 0x8e91, 0x8e91, 0x8e91, 0x96b1, 0x7daf, 0x19e5, 0x21e5,
    0x1985, 0x4baa, 0x96d2, 0x8e71, 0x8e91, 0x8e91, 0x8e91, 0x8e91, 0x8e91, 0x8e91, 0x8e91, 0x8e91, 0x8e91, 0x8e91, 0x8e91, 0x8e91,
    0x8e91, 0x8e91, 0x8e91, 0x8e91, 0x8e91, 0x8e91, 0x8e91, 0x8e91, 0x8e91, 0x8e91, 0x8e91, 0x8e71, 0x96b1, 0x96b1, 0x540b, 0x19a5,
    0x19e5, 0x21e5, 0x19e5, 0x19e5, 0x19e5, 0x19e5, 0x19e5, 0x19e5, 0x19e5, 0x19e5, 0x19e5, 0x19e5, 0x19e5, 0x19e5, 0x19e5, 0x19e5,
    0x19e5, 0x19e5, 0x19e5, 0x19e5, 0x19e5, 0x19e5, 0x19e5, 0x19e5, 0x19e5, 0x19e5, 0x19e5, 0x19e5, 0x19e5, 0x19e5, 0x19e5, 0x19e5,
    0x19e5, 0x19e5, 0x19e5, 0x19e5, 0x19e5, 0x19e5, 0x19e5, 0x19e5, 0x19e5, 0x19e5, 0x19e5, 0x19e5, 0x19e5, 0x19e5, 0x19e5, 0x19e5,
    0x19e5, 0x19e5, 0x19e5, 0x19e5, 0x19e5, 0x19e5, 0x19e5, 0x19e5, 0x19e5, 0x19e5, 0x19e5, 0x19e5, 0x19e5, 0x19e5, 0x19e5, 0x19e5,
    0x19e5, 0x19e5, 0x19e5, 0x19e5, 0x19e5, 0x19e5, 0x19e5, 0x19e5, 0x19e5, 0x19e5, 0x19e5, 0x19e5, 0x19e5, 0x19e5, 0x19e5, 0x19e5,
    0x19e5, 0x19e5, 0x19e5, 0x19e5, 0x19e5, 0x19e5, 0x19e5, 0x19e5, 0x19e5, 0x19e5, 0x19e5, 0x19e5, 0x19e5, 0x19e5, 0x19e5, 0x19e5,
    0x19e5, 0x19e5, 0x19e5, 0x19e5, 0x19e5, 0x19e5, 0x19e5, 0x19e5, 0x19e5, 0x19e5, 0x19e5, 0x19e5, 0x19e5, 0x19e5, 0x19e5, 0x19e5,
    0x19e5, 0x19e5, 0x19e5, 0x19e5, 0x19e5, 0x19e5, 0x19e5, 0x19e5, 0x19e5, 0x19e5, 0x19e5, 0x19e5, 0x19e5, 0x19e5, 0x19e5, 0x19e5,
    0x19e5, 0x19e5, 0x19e5, 0x19e5, 0x19e5, 0x19e5, 0x19e5, 0x19e5, 0x19e5, 0x19e5, 0x19e5, 0x19e5, 0x19e5, 0x19e5, 0x19e5, 0x19e5,
    0x19e5, 0x19e5, 0x19e5, 0x19e5, 0x19e5, 0x19e5, 0x19e5, 0x19e5, 0x19e5, 0x19e5, 0x19e5, 0x19e5, 0x19e5, 0x19e5, 0x19e5, 0x19e5,
    0x19e5, 0x19e5, 0x19e5, 0x19e5, 0x19e5, 0x19e5, 0x19e5, 0x19e5, 0x19e5, 0x19e5, 0x19e5, 0x19e5, 0x19e5, 0x19e5, 0x19e5, 0x2206,
    0x19a5, 0x21e5, 0x5c8c, 0x96b1, 0x96b1, 0x8e71, 0x8e91, 0x8e91, 0x8e91, 0x8e91, 0x8e91, 0x8e91, 0x8e91, 0x8e91, 0x8e91, 0x8e91,
    0x8e91, 0x8e91, 0x8e91, 0x8e91, 0x8e91, 0x8e91, 0x8e91, 0x8e91, 0x8e91, 0x8e91, 0x8e91, 0x8e91, 0x8e91, 0x96b1, 0x3b08, 0x19a5,
    0x19c5, 0x756e, 0x96d1, 0x8e71, 0x8e91, 0x8e91, 0x8e91, 0x8e91, 0x8e91, 0x8e91, 0x8e91, 0x8e91, 0x8e91, 0x8e91, 0x8e91, 0x8e91,
    0x8e91, 0x8e91, 0x8e91, 0x8e91, 0x8e91, 0x8e91, 0x8e91, 0x8e91, 0x8e91, 0x8e71, 0x9691, 0x9ef2, 0x7def, 0x3ae8, 0x1184, 0x21e5,
    0x21e5, 0x19e5, 0x19e5, 0x19e5, 0x19e5, 0x19e5, 0x19e5, 0x19e5, 0x19e5, 0x19e5, 0x19e5, 0x19e5, 0x19e5, 0x19e5, 0x19e5, 0x19e5,
    0x19e5, 0x19e5, 0x19e5, 0x19e5, 0x19e5, 0x19e5, 0x19e5, 0x19e5, 0x19e5, 0x19e5, 0x19e5, 0x19e5, 0x19e5, 0x19e5, 0x19e5, 0x19e5,
    0x19e5, 0x19e5, 0x19e5, 0x19e5, 0x19e5, 0x19e5, 0x19e5, 0x19e5, 0x19e5, 0x19e5, 0x19e5, 0x19e5, 0x19e5, 0x19e5, 0x19e5, 0x19e5,
    0x19e5, 0x19e5, 0x19e5, 0x19e5, 0x19e5, 0x19e5, 0x19e5, 0x19e5, 0x19e5, 0x19e5, 0x19e5, 0x19e5, 0x19e5, 0x19e5, 0x19e5, 0x19e5,
    0x19e5, 0x19e5, 0x19e5, 0x19e5, 0x19e5, 0x19e5, 0x19e5, 0x19e5, 0x19e5, 0x19e5, 0x19e5, 0x19e5, 0x19e5, 0x19e5, 0x19e5, 0x19e5,
    0x19e5, 0x19e5, 0x19e5, 0x19e5, 0x19e5, 0x19e5, 0x19e5, 0x19e5, 0x19e5, 0x19e5, 0x19e5, 0x19e5, 0x19e5, 0x19e5, 0x19e5, 0x19e5,
    0x19e5, 0x19e5, 0x19e5, 0x19e5, 0x19e5, 0x19e5, 0x19e5, 0x19e5, 0x19e5, 0x19e5, 0x19e5, 0x19e5, 0x19e5, 0x19e5, 0x19e5, 0x19e5,
    0x19e5, 0x19e5, 0x19e5, 0x19e5, 0x19e5, 0x19e5, 0x19e5, 0x19e5, 0x19e5, 0x19e5, 0x19e5, 0x19e5, 0x19e5, 0x19e5, 0x19e5, 0x19e5,
    0x19e5, 0x19e5, 0x19e5, 0x19e5, 0x19e5, 0x19e5, 0x19e5, 0x19e5, 0x19e5, 0x19e5, 0x19e5, 0x19e5, 0x19e5, 0x19e5, 0x19e5, 0x19e5,
    0x19e5, 0x19e5, 0x19e5, 0x19e5, 0x19e5, 0x19e5, 0x19e5, 0x19e5, 0x19e5, 0x19e5, 0x19e5, 0x19e5, 0x19e5, 0x19e5, 0x19e5, 0x19e5,
    0x19e5, 0x19e5, 0x19e5, 0x19e5, 0x19e5, 0x19e5, 0x19e5, 0x19e5, 0x19e5, 0x19e5, 0x19e5, 0x19e5, 0x19e5, 0x19e5, 0x19e5, 0x19e5,
    0x21e5, 0x19e5, 0x1985, 0x3b08, 0x7daf, 0x96d2, 0x96b1, 0x8e71, 0x8e91, 0x8e91, 0x8e91, 0x8e91, 0x8e91, 0x8e91, 0x8e91, 0x8e91,
    0x8e91, 0x8e91, 0x8e91, 0x8e91, 0x8e91, 0x8e91, 0x8e91, 0x8e91, 0x8e91, 0x8e91, 0x8e91, 0x8e91, 0x8e71, 0x96d2, 0x64cd, 0x1164,
    0x32c8, 0x9691, 0x8e91, 0x8e91, 0x8e91, 0x8e91, 0x8e91, 0x8e91, 0x8e91, 0x8e91, 0x8e91, 0x8e91, 0x8e91, 0x8e91, 0x8e91, 0x8e91,
    0x8e91, 0x8e91, 0x8e91, 0x8e91, 0x8e91, 0x8e91, 0x8e91, 0x8e71, 0x8e91, 0x96d2, 0x8e91, 0x5c4b, 0x2206, 0x19a5, 0x2205, 0x19e5,
    0x19e5, 0x19e5, 0x19e5, 0x19e5, 0x19e5, 0x19e5, 0x19e5, 0x19e5, 0x19e5, 0x19e5, 0x19e5, 0x19e5, 0x19e5, 0x19e5, 0x19e5, 0x19e5,
    0x19e5, 0x19e5, 0x19e5, 0x19e5, 0x19e5, 0x19e5, 0x19e5, 0x19e5, 0x19e5, 0x19e5, 0x19e5, 0x19e5, 0x19e5, 0x19e5, 0x19e5, 0x19e5,
    0x19e5, 0x19e5, 0x19e5, 0x19e5, 0x19e5, 0x19e5, 0x19e5, 0x19e5, 0x19e5, 0x19e5, 0x19e5, 0x19e5, 0x19e5, 0x19e5, 0x19e5, 0x19e5,
    0x19e5, 0x19e5, 0x19e5, 0x19e5, 0x19e5, 0x19e5, 0x19e5, 0x19e5, 0x19e5, 0x19e5, 0x19e5, 0x19e5, 0x19e5, 0x19e5, 0x19e5, 0x19e5,
    0x19e5, 0x19e5, 0x19e5, 0x19e5, 0x19e5, 0x19e5, 0x19e5, 0x19e5, 0x19e5, 0x19e5, 0x19e5, 0x19e5, 0x19e5, 0x19e5, 0x19e5, 0x19e5,
    0x19e5, 0x19e5, 0x19e5, 0x19e5, 0x19e5, 0x19e5, 0x19e5, 0x19e5, 0x19e5, 0x19e5, 0x19e5, 0x19e5, 0x19e5, 0x19e5, 0x19e5, 0x19e5,
    0x19e5, 0x19e5, 0x19e5, 0x19e5, 0x19e5, 0x19e5, 0x19e5, 0x19e5, 0x19e5, 0x19e5, 0x19e5, 0x19e5, 0x19e5, 0x19e5, 0x19e5, 0x19e5,
    0x19e5, 0x19e5, 0x19e5, 0x19e5, 0x19e5, 0x19e5, 0x19e5, 0x19e5, 0x19e5, 0x19e5, 0x19e5, 0x19e5, 0x19e5, 0x19e5, 0x19e5, 0x19e5,
    0x19e5, 0x19e5, 0x19e5, 0x19e5, 0x19e5, 0x19e5, 0x19e5, 0x19e5, 0x19e5, 0x19e5, 0x19e5, 0x19e5, 0x19e5, 0x19e5, 0x19e5, 0x19e5,
    0x19e5, 0x19e5, 0x19e5, 0x19e5, 0x19e5, 0x19e5, 0x19e5, 0x19e5, 0x19e5, 0x19e5, 0x19e5, 0x19e5, 0x19e5, 0x19e5, 0x19e5, 0x19e5,
    0x19e5, 0x19e5, 0x19e5, 0x19e5, 0x19e5, 0x19e5, 0x19e5, 0x19e5, 0x19e5, 0x19e5, 0x19e5, 0x19e5, 0x19e5, 0x19e5, 0x19e5, 0x19e5,
    0x19e5, 0x19e5, 0x21e5, 0x19a5, 0x19e5, 0x4bca, 0x85f0, 0x96d2, 0x96b1, 0x8e91, 0x8e71, 0x8e91, 0x8e91, 0x8e91, 0x8e91, 0x8e91,
    0x8e91, 0x8e91, 0x8e91, 0x8e91, 0x8e91, 0x8e91, 0x8e91, 0x8e91, 0x8e91, 0x8e91, 0x8e91, 0x8e91, 0x8e91, 0x96b1, 0x8630, 0x19c5,
    0x542b, 0x9ef2, 0x8e71, 0x8e91, 0x8e91, 0x8e91, 0x8e91, 0x8e91, 0x8e91, 0x8e91, 0x8e91, 0x8e91, 0x8e91, 0x8e91, 0x8e91, 0x8e91,
    0x8e91, 0x8e91, 0x8e91, 0x8e91, 0x8e71, 0x8e71, 0x9691, 0x96d2, 0x9691, 0x6ced, 0x3287, 0x1184, 0x19e5, 0x21e5, 0x19e5, 0x19e5,
    0x19e5, 0x19e5, 0x19e5, 0x19e5, 0x19e5, 0x19e5, 0x19e5, 0x19e5, 0x19e5, 0x19e5, 0x19e5, 0x19e5, 0x19e5, 0x19e5, 0x19e5, 0x19e5,
    0x19e5, 0x19e5, 0x19e5, 0x19e5, 0x19e5, 0x19e5, 0x19e5, 0x19e5, 0x19e5, 0x19e5, 0x19e5, 0x19e5, 0x19e5, 0x19e5, 0x19e5, 0x19e5,
    0x19e5, 0x19e5, 0x19e5, 0x19e5, 0x19e5, 0x19e5, 0x19e5, 0x19e5, 0x19e5, 0x19e5, 0x19e5, 0x19e5, 0x19e5, 0x19e5, 0x19e5, 0x19e5,
    0x19e5, 0x19e5, 0x19e5, 0x19e5, 0x19e5, 0x19e5, 0x19e5, 0x19e5, 0x19e5, 0x19e5, 0x19e5, 0x19e5, 0x19e5, 0x19e5, 0x19e5, 0x19e5,
    0x19e5, 0x19e5, 0x19e5, 0x19e5, 0x19e5, 0x19e5, 0x19e5, 0x19e5, 0x19e5, 0x19e5, 0x19e5, 0x19e5, 0x19e5, 0x19e5, 0x19e5, 0x19e5,
    0x19e5, 0x19e5, 0x19e5, 0x19e5, 0x19e5, 0x19e5, 0x19e5, 0x19e5, 0x19e5, 0x19e5, 0x19e5, 0x19e5, 0x19e5, 0x19e5, 0x19e5, 0x19e5,
    0x19e5, 0x19e5, 0x19e5, 0x19e5, 0x19e5, 0x19e5, 0x19e5, 0x19e5, 0x19e5, 0x19e5, 0x19e5, 0x19e5, 0x19e5, 0x19e5, 0x19e5, 0x19e5,
    0x19e5, 0x19e5, 0x19e5, 0x19e5, 0x19e5, 0x19e5, 0x19e5, 0x19e5, 0x19e5, 0x19e5, 0x19e5, 0x19e5, 0x19e5, 0x19e5, 0x19e5, 0x19e5,
    0x19e5, 0x19e5, 0x19e5, 0x19e5, 0x19e5, 0x19e5, 0x19e5, 0x19e5, 0x19e5, 0x19e5, 0x19e5, 0x19e5, 0x19e5, 0x19e5, 0x19e5, 0x19e5,
    0x19e5, 0x19e5, 0x19e5, 0x19e5, 0x19e5, 0x19e5, 0x19e5, 0x19e5, 0x19e5, 0x19e5, 0x19e5, 0x19e5, 0x19e5, 0x19e5, 0x19e5, 0x19e5,
    0x19e5, 0x19e5, 0x19e5, 0x19e5, 0x19e5, 0x19e5, 0x19e5, 0x19e5, 0x19e5, 0x19e5, 0x19e5, 0x19e5, 0x19e5, 0x19e5, 0x19e5, 0x19e5,
    0x19e5, 0x19e5, 0x19e5, 0x21e5, 0x19e5, 0x1185, 0x2206, 0x4baa, 0x7daf, 0x96b1, 0x96d2, 0x96b1, 0x8e91, 0x8e71, 0x8e71, 0x8e91,
    0x8e91, 0x8e91, 0x8e91, 0x8e91, 0x8e91, 0x8e91, 0x8e91, 0x8e91, 0x8e91, 0x8e91, 0x8e91, 0x8e91, 0x8e71, 0x8e71, 0x96b1, 0x4349,
    0x756e, 0x96b1, 0x8e71, 0x8e71, 0x8e91, 0x8e91, 0x8e91, 0x8e91, 0x8e91, 0x8e91, 0x8e91, 0x8e91, 0x8e91, 0x8e91, 0x8e91, 0x8e91,
    0x8e71, 0x8e71, 0x8e71, 0x9691, 0x96d2, 0x96d2, 0x8e50, 0x64ac, 0x32a7, 0x19a5, 0x19c5, 0x21e6, 0x19e5, 0x19e5, 0x19e5, 0x19e5,
    0x19e5, 0x19e5, 0x19e5, 0x19e5, 0x19e5, 0x19e5, 0x19e5, 0x19e5, 0x19e5, 0x19e5, 0x19e5, 0x19e5, 0x19e5, 0x19e5, 0x19e5, 0x19e5,
    0x19e5, 0x19e5, 0x19e5, 0x19e5, 0x19e5, 0x19e5, 0x19e5, 0x19e5, 0x19e5, 0x19e5, 0x19e5, 0x19e5, 0x19e5, 0x19e5, 0x19e5, 0x19e5,
    0x19e5, 0x19e5, 0x19e5, 0x19e5, 0x19e5, 0x19e5, 0x19e5, 0x19e5, 0x19e5, 0x19e5, 0x19e5, 0x19e5, 0x19e5, 0x19e5, 0x19e5, 0x19e5,
    0x19e5, 0x19e5, 0x19e5, 0x19e5, 0x19e5, 0x19e5, 0x19e5, 0x19e5, 0x19e5, 0x19e5, 0x19e5, 0x19e5, 0x19e5, 0x19e5, 0x19e5, 0x19e5,
    0x19e5, 0x19e5, 0x19e5, 0x19e5, 0x19e5, 0x19e5, 0x19e5, 0x19e5, 0x19e5, 0x19e5, 0x19e5, 0x19e5, 0x19e5, 0x19e5, 0x19e5, 0x19e5,
    0x19e5, 0x19e5, 0x19e5, 0x19e5, 0x19e5, 0x19e5, 0x19e5, 0x19e5, 0x19e5, 0x19e5, 0x19e5, 0x19e5, 0x19e5, 0x19e5, 0x19e5, 0x19e5,
    0x19e5, 0x19e5, 0x19e5, 0x19e5, 0x19e5, 0x19e5, 0x19e5, 0x19e5, 0x19e5, 0x19e5, 0x19e5, 0x19e5, 0x19e5, 0x19e5, 0x19e5, 0x19e5,
    0x19e5, 0x19e5, 0x19e5, 0x19e5, 0x19e5, 0x19e5, 0x19e5, 0x19e5, 0x19e5, 0x19e5, 0x19e5, 0x19e5, 0x19e5, 0x19e5, 0x19e5, 0x19e5,
    0x19e5, 0x19e5, 0x19e5, 0x19e5, 0x19e5, 0x19e5, 0x19e5, 0x19e5, 0x19e5, 0x19e5, 0x19e5, 0x19e5, 0x19e5, 0x19e5, 0x19e5, 0x19e5,
    0x19e5, 0x19e5, 0x19e5, 0x19e5, 0x19e5, 0x19e5, 0x19e5, 0x19e5, 0x19e5, 0x19e5, 0x19e5, 0x19e5, 0x19e5, 0x19e5, 0x19e5, 0x19e5,
    0x19e5, 0x19e5, 0x19e5, 0x19e5, 0x19e5, 0x19e5, 0x19e5, 0x19e5, 0x19e5, 0x19e5, 0x19e5, 0x19e5, 0x19e5, 0x19e5, 0x19e5, 0x19e5,
    0x19e5, 0x19e5, 0x19e5, 0x19e5, 0x19e5, 0x21e5, 0x19e5, 0x1185, 0x19c5, 0x3ae8, 0x5c8c, 0x7def, 0x9691, 0x96d2, 0x96d2, 0x96b1,
    0x96b1, 0x8e91, 0x8e91, 0x8e71, 0x8e71, 0x8e71, 0x8e71, 0x8e71, 0x8e91, 0x8e91, 0x9691, 0x96b1, 0x96d2, 0x9ed2, 0x9ef2, 0x754e,
    0x8e51, 0x9f12, 0x96d2, 0x96d1, 0x96b1, 0x9691, 0x8e91, 0x8e71, 0x8e71, 0x8e71, 0x8e71, 0x8e71, 0x8e91, 0x8e91, 0x9691, 0x96b1,
    0x96d2, 0x96d2, 0x96d2, 0x8e50, 0x754e, 0x4baa, 0x2a46, 0x1985, 0x19a5, 0x21e5, 0x21e5, 0x19e5, 0x19e5, 0x19e5, 0x19e5, 0x19e5,
    0x19e5, 0x19e5, 0x19e5, 0x19e5, 0x19e5, 0x19e5, 0x19e5, 0x19e5, 0x19e5, 0x19e5, 0x19e5, 0x19e5, 0x19e5, 0x19e5, 0x19e5, 0x19e5,
    0x19e5, 0x19e5, 0x19e5, 0x19e5, 0x19e5, 0x19e5, 0x19e5, 0x19e5, 0x19e5, 0x19e5, 0x19e5, 0x19e5, 0x19e5, 0x19e5, 0x19e5, 0x19e5,
    0x19e5, 0x19e5, 0x19e5, 0x19e5, 0x19e5, 0x19e5, 0x19e5, 0x19e5, 0x19e5, 0x19e5, 0x19e5, 0x19e5, 0x19e5, 0x19e5, 0x19e5, 0x19e5,
    0x19e5, 0x19e5, 0x19e5, 0x19e5, 0x19e5, 0x19e5, 0x19e5, 0x19e5, 0x19e5, 0x19e5, 0x19e5, 0x19e5, 0x19e5, 0x19e5, 0x19e5, 0x19e5,
    0x19e5, 0x19e5, 0x19e5, 0x19e5, 0x19e5, 0x19e5, 0x19e5, 0x19e5, 0x19e5, 0x19e5, 0x19e5, 0x19e5, 0x19e5, 0x19e5, 0x19e5, 0x19e5,
    0x19e5, 0x19e5, 0x19e5, 0x19e5, 0x19e5, 0x19e5, 0x19e5, 0x19e5, 0x19e5, 0x19e5, 0x19e5, 0x19e5, 0x19e5, 0x19e5, 0x19e5, 0x19e5,
    0x19e5, 0x19e5, 0x19e5, 0x19e5, 0x19e5, 0x19e5, 0x19e5, 0x19e5, 0x19e5, 0x19e5, 0x19e5, 0x19e5, 0x19e5, 0x19e5, 0x19e5, 0x19e5,
    0x19e5, 0x19e5, 0x19e5, 0x19e5, 0x19e5, 0x19e5, 0x19e5, 0x19e5, 0x19e5, 0x19e5, 0x19e5, 0x19e5, 0x19e5, 0x19e5, 0x19e5, 0x19e5,
    0x19e5, 0x19e5, 0x19e5, 0x19e5, 0x19e5, 0x19e5, 0x19e5, 0x19e5, 0x19e5, 0x19e5, 0x19e5, 0x19e5, 0x19e5, 0x19e5, 0x19e5, 0x19e5,
    0x19e5, 0x19e5, 0x19e5, 0x19e5, 0x19e5, 0x19e5, 0x19e5, 0x19e5, 0x19e5, 0x19e5, 0x19e5, 0x19e5, 0x19e5, 0x19e5, 0x19e5, 0x19e5,
    0x19e5, 0x19e5, 0x19e5, 0x19e5, 0x19e5, 0x19e5, 0x19e5, 0x19e5, 0x19e5, 0x19e5, 0x19e5, 0x19e5, 0x19e5, 0x19e5, 0x19e5, 0x19e5,
    0x19e5, 0x19e5, 0x19e5, 0x19e5, 0x19e5, 0x19e5, 0x19e5, 0x21e5, 0x19e5, 0x19a5, 0x1185, 0x21e5, 0x32c8, 0x4bea, 0x6ced, 0x7daf,
    0x8630, 0x8e91, 0x96b1, 0x96d2, 0x96d2, 0x96d2, 0x96d2, 0x96d2, 0x96b1, 0x8e91, 0x8e50, 0x7dcf, 0x752e, 0x542b, 0x32c7, 0x1a05,
    0x2266, 0x4389, 0x64cd, 0x758e, 0x8610, 0x8e71, 0x96b1, 0x96d2, 0x96d2, 0x96d2, 0x96d2, 0x96d2, 0x96d1, 0x9691, 0x8e71, 0x85ef,
    0x754e, 0x5c6c, 0x4349, 0x2a46, 0x19a5, 0x1185, 0x19c5, 0x21e5, 0x21e5, 0x19e5, 0x19e5, 0x19e5, 0x19e5, 0x19e5, 0x19e5, 0x19e5,
    0x19e5, 0x19e5, 0x19e5, 0x19e5, 0x19e5, 0x19e5, 0x19e5, 0x19e5, 0x19e5, 0x19e5, 0x19e5, 0x19e5, 0x19e5, 0x19e5, 0x19e5, 0x19e5,
    0x19e5, 0x19e5, 0x19e5, 0x19e5, 0x19e5, 0x19e5, 0x19e5, 0x19e5, 0x19e5, 0x19e5, 0x19e5, 0x19e5, 0x19e5, 0x19e5, 0x19e5, 0x19e5,
    0x19e5, 0x19e5, 0x19e5, 0x19e5, 0x19e5, 0x19e5, 0x19e5, 0x19e5, 0x19e5, 0x19e5, 0x19e5, 0x19e5, 0x19e5, 0x19e5, 0x19e5, 0x19e5,
    0x19e5, 0x19e5, 0x19e5, 0x19e5, 0x19e5, 0x19e5, 0x19e5, 0x19e5, 0x19e5, 0x19e5, 0x19e5, 0x19e5, 0x19e5, 0x19e5, 0x19e5, 0x19e5,
    0x19e5, 0x19e5, 0x19e5, 0x19e5, 0x19e5, 0x19e5, 0x19e5, 0x19e5, 0x19e5, 0x19e5, 0x19e5, 0x19e5, 0x19e5, 0x19e5, 0x19e5, 0x19e5,
    0x19e5, 0x19e5, 0x19e5, 0x19e5, 0x19e5, 0x19e5, 0x19e5, 0x19e5, 0x19e5, 0x19e5, 0x19e5, 0x19e5, 0x19e5, 0x19e5, 0x19e5, 0x19e5,
    0x19e5, 0x19e5, 0x19e5, 0x19e5, 0x19e5, 0x19e5, 0x19e5, 0x19e5, 0x19e5, 0x19e5, 0x19e5, 0x19e5, 0x19e5, 0x19e5, 0x19e5, 0x19e5,
    0x19e5, 0x19e5, 0x19e5, 0x19e5, 0x19e5, 0x19e5, 0x19e5, 0x19e5, 0x19e5, 0x19e5, 0x19e5, 0x19e5, 0x19e5, 0x19e5, 0x19e5, 0x19e5,
    0x19e5, 0x19e5, 0x19e5, 0x19e5, 0x19e5, 0x19e5, 0x19e5, 0x19e5, 0x19e5, 0x19e5, 0x19e5, 0x19e5, 0x19e5, 0x19e5, 0x19e5, 0x19e5,
    0x19e5, 0x19e5, 0x19e5, 0x19e5, 0x19e5, 0x19e5, 0x19e5, 0x19e5, 0x19e5, 0x19e5, 0x19e5, 0x19e5, 0x19e5, 0x19e5, 0x19e5, 0x19e5,
    0x19e5, 0x19e5, 0x19e5, 0x19e5, 0x19e5, 0x19e5, 0x19e5, 0x19e5, 0x19e5, 0x19e5, 0x19e5, 0x19e5, 0x19e5, 0x19e5, 0x19e5, 0x19e5,
    0x19e5, 0x19e5, 0x19e5, 0x19e5, 0x19e5, 0x19e5, 0x19e5, 0x19e5, 0x19e5, 0x21e5, 0x21e5, 0x19e5, 0x19a5, 0x1185, 0x19a5, 0x19e5,
    0x2226, 0x32a7, 0x3b08, 0x4349, 0x4389, 0x4389, 0x4389, 0x4349, 0x3b08, 0x32a7, 0x2a46, 0x2206, 0x1164, 0x21e6, 0x7c2f, 0xa574,
    0x94f2, 0x4aea, 0x0943, 0x19c5, 0x2226, 0x2a87, 0x32e8, 0x3b29, 0x4369, 0x4389, 0x4389, 0x4369, 0x3b28, 0x32c8, 0x2a67, 0x2206,
    0x19a5, 0x1185, 0x19a5, 0x19c5, 0x21e5, 0x21e5, 0x21e5, 0x19e5, 0x19e5, 0x19e5, 0x19e5, 0x19e5, 0x19e5, 0x19e5, 0x19e5, 0x19e5,
    0x19e5, 0x19e5, 0x19e5, 0x19e5, 0x19e5, 0x19e5, 0x19e5, 0x19e5, 0x19e5, 0x19e5, 0x19e5, 0x19e5, 0x19e5, 0x19e5, 0x19e5, 0x19e5,
    0x19e5, 0x19e5, 0x19e5, 0x19e5, 0x19e5, 0x19e5, 0x19e5, 0x19e5, 0x19e5, 0x19e5, 0x19e5, 0x19e5, 0x19e5, 0x19e5, 0x19e5, 0x19e5,
    0x19e5, 0x19e5, 0x19e5, 0x19e5, 0x19e5, 0x19e5, 0x19e5, 0x19e5, 0x19e5, 0x19e5, 0x19e5, 0x19e5, 0x19e5, 0x19e5, 0x19e5, 0x19e5,
    0x19e5, 0x19e5, 0x19e5, 0x19e5, 0x19e5, 0x19e5, 0x19e5, 0x19e5, 0x19e5, 0x19e5, 0x19e5, 0x19e5, 0x19e5, 0x19e5, 0x19e5, 0x19e5,
    0x19e5, 0x19e5, 0x19e5, 0x19e5, 0x19e5, 0x19e5, 0x19e5, 0x19e5, 0x19e5, 0x19e5, 0x19e5, 0x19e5, 0x19e5, 0x19e5, 0x19e5, 0x19e5,
    0x19e5, 0x19e5, 0x19e5, 0x19e5, 0x19e5, 0x19e5, 0x19e5, 0x19e5, 0x19e5, 0x19e5, 0x19e5, 0x19e5, 0x19e5, 0x19e5, 0x19e5, 0x19e5,
    0x19e5, 0x19e5, 0x19e5, 0x19e5, 0x19e5, 0x19e5, 0x19e5, 0x19e5, 0x19e5, 0x19e5, 0x19e5, 0x19e5, 0x19e5, 0x19e5, 0x19e5, 0x19e5,
    0x19e5, 0x19e5, 0x19e5, 0x19e5, 0x19e5, 0x19e5, 0x19e5, 0x19e5, 0x19e5, 0x19e5, 0x19e5, 0x19e5, 0x19e5, 0x19e5, 0x19e5, 0x19e5,
    0x19e5, 0x19e5, 0x19e5, 0x19e5, 0x19e5, 0x19e5, 0x19e5, 0x19e5, 0x19e5, 0x19e5, 0x19e5, 0x19e5, 0x19e5, 0x19e5, 0x19e5, 0x19e5,
    0x19e5, 0x19e5, 0x19e5, 0x19e5, 0x19e5, 0x19e5, 0x19e5, 0x19e5, 0x19e5, 0x19e5, 0x19e5, 0x19e5, 0x19e5, 0x19e5, 0x19e5, 0x19e5,
    0x19e5, 0x19e5, 0x19e5, 0x19e5, 0x19e5, 0x19e5, 0x19e5, 0x19e5, 0x19e5, 0x19e5, 0x19e5, 0x19e5, 0x19e5, 0x19e5, 0x19e5, 0x19e5,
    0x19e5, 0x19e5, 0x19e5, 0x19e5, 0x19e5, 0x19e5, 0x19e5, 0x19e5, 0x19e5, 0x19e5, 0x19e5, 0x19e5, 0x21e5, 0x21e5, 0x21e5, 0x19e5,
    0x19c5, 0x19c5, 0x19a5, 0x19a5, 0x19a5, 0x19a5, 0x19a5, 0x19a5, 0x19a5, 0x19a5, 0x19e5, 0x11a4, 0x42e9, 0xe71a, 0xfffe, 0xfffd,
    0xfffe, 0xfffe, 0x94f1, 0x11a4, 0x19e5, 0x19c5, 0x19a5, 0x19a5, 0x19a5, 0x19a5, 0x19a5, 0x19a5, 0x19a5, 0x19a5, 0x19c5, 0x19e5,
    0x21e5, 0x21e5, 0x21e5, 0x21e5, 0x19e5, 0x19e5, 0x19e5, 0x19e5, 0x19e5, 0x19e5, 0x19e5, 0x19e5, 0x19e5, 0x19e5, 0x19e5, 0x19e5,
    0x19e5, 0x19e5, 0x19e5, 0x19e5, 0x19e5, 0x19e5, 0x19e5, 0x19e5, 0x19e5, 0x19e5, 0x19e5, 0x19e5, 0x19e5, 0x19e5, 0x19e5, 0x19e5,
    0x19e5, 0x19e5, 0x19e5, 0x19e5, 0x19e5, 0x19e5, 0x19e5, 0x19e5, 0x19e5, 0x19e5, 0x19e5, 0x19e5, 0x19e5, 0x19e5, 0x19e5, 0x19e5,
    0x19e5, 0x19e5, 0x19e5, 0x19e5, 0x19e5, 0x19e5, 0x19e5, 0x19e5, 0x19e5, 0x19e5, 0x19e5, 0x19e5, 0x19e5, 0x19e5, 0x19e5, 0x19e5,
    0x19e5, 0x19e5, 0x19e5, 0x19e5, 0x19e5, 0x19e5, 0x19e5, 0x19e5, 0x19e5, 0x19e5, 0x19e5, 0x19e5, 0x19e5, 0x19e5, 0x19e5, 0x19e5,
    0x19e5, 0x19e5, 0x19e5, 0x19e5, 0x19e5, 0x19e5, 0x19e5, 0x19e5, 0x19e5, 0x19e5, 0x19e5, 0x19e5, 0x19e5, 0x19e5, 0x19e5, 0x19e5,
    0x19e5, 0x19e5, 0x19e5, 0x19e5, 0x19e5, 0x19e5, 0x19e5, 0x19e5, 0x19e5, 0x19e5, 0x19e5, 0x19e5, 0x19e5, 0x19e5, 0x19e5, 0x19e5,
    0x19e5, 0x19e5, 0x19e5, 0x19e5, 0x19e5, 0x19e5, 0x19e5, 0x19e5, 0x19e5, 0x19e5, 0x19e5, 0x19e5, 0x19e5, 0x19e5, 0x19e5, 0x19e5,
    0x19e5, 0x19e5, 0x19e5, 0x19e5, 0x19e5, 0x19e5, 0x19e5, 0x19e5, 0x19e5, 0x19e5, 0x19e5, 0x19e5, 0x19e5, 0x19e5, 0x19e5, 0x19e5,
    0x19e5, 0x19e5, 0x19e5, 0x19e5, 0x19e5, 0x19e5, 0x19e5, 0x19e5, 0x19e5, 0x19e5, 0x19e5, 0x19e5, 0x19e5, 0x19e5, 0x19e5, 0x19e5,
    0x19e5, 0x19e5, 0x19e5, 0x19e5, 0x19e5, 0x19e5, 0x19e5, 0x19e5, 0x19e5, 0x19e5, 0x19e5, 0x19e5, 0x19e5, 0x19e5, 0x19e5, 0x19e5,
    0x19e5, 0x19e5, 0x19e5, 0x19e5, 0x19e5, 0x19e5, 0x19e5, 0x19e5, 0x19e5, 0x19e5, 0x19e5, 0x19e5, 0x19e5, 0x19e5, 0x19e5, 0x19e5,
    0x19e5, 0x19e5, 0x19e5, 0x19e5, 0x19e5, 0x19e5, 0x19e5, 0x19e5, 0x19e5, 0x19e5, 0x19e5, 0x19e5, 0x19e5, 0x19e5, 0x19e5, 0x19e5,
    0x21e5, 0x21e5, 0x21e5, 0x21e5, 0x21e5, 0x21e5, 0x21e5, 0x21e5, 0x21e5, 0x21e5, 0x19e5, 0x21e5, 0xd698, 0xfffe, 0xef7b, 0xf77c,
    0xef7c, 0xf77c, 0xfffe, 0x63ad, 0x1184, 0x2206, 0x21e5, 0x21e5, 0x21e5, 0x21e5, 0x21e5, 0x21e5, 0x21e5, 0x21e5, 0x21e5, 0x19e5,
    0x19e5, 0x19e5, 0x19e5, 0x19e5, 0x19e5, 0x19e5, 0x19e5, 0x19e5, 0x19e5, 0x19e5, 0x19e5, 0x19e5, 0x19e5, 0x19e5, 0x19e5, 0x19e5,
    0x19e5, 0x19e5, 0x19e5, 0x19e5, 0x19e5, 0x19e5, 0x19e5, 0x19e5, 0x19e5, 0x19e5, 0x19e5, 0x19e5, 0x19e5, 0x19e5, 0x19e5, 0x19e5,
    0x19e5, 0x19e5, 0x19e5, 0x19e5, 0x19e5, 0x19e5, 0x19e5, 0x19e5, 0x19e5, 0x19e5, 0x19e5, 0x19e5, 0x19e5, 0x19e5, 0x19e5, 0x19e5,
    0x19e5, 0x19e5, 0x19e5, 0x19e5, 0x19e5, 0x19e5, 0x19e5, 0x19e5, 0x19e5, 0x19e5, 0x19e5, 0x19e5, 0x19e5, 0x19e5, 0x19e5, 0x19e5,
    0x19e5, 0x19e5, 0x19e5, 0x19e5, 0x19e5, 0x19e5, 0x19e5, 0x19e5, 0x19e5, 0x19e5, 0x19e5, 0x19e5, 0x19e5, 0x19e5, 0x19e5, 0x19e5,
    0x19e5, 0x19e5, 0x19e5, 0x19e5, 0x19e5, 0x19e5, 0x19e5, 0x19e5, 0x19e5, 0x19e5, 0x19e5, 0x19e5, 0x19e5, 0x19e5, 0x19e5, 0x19e5,
    0x19e5, 0x19e5, 0x19e5, 0x19e5, 0x19e5, 0x19e5, 0x19e5, 0x19e5, 0x19e5, 0x19e5, 0x19e5, 0x19e5, 0x19e5, 0x19e5, 0x19e5, 0x19e5,
    0x19e5, 0x19e5, 0x19e5, 0x19e5, 0x19e5, 0x19e5, 0x19e5, 0x19e5, 0x19e5, 0x19e5, 0x19e5, 0x19e5, 0x19e5, 0x19e5, 0x19e5, 0x19e5,
    0x19e5, 0x19e5, 0x19e5, 0x19e5, 0x19e5, 0x19e5, 0x19e5, 0x19e5, 0x19e5, 0x19e5, 0x19e5, 0x19e5, 0x19e5, 0x19e5, 0x19e5, 0x19e5,
    0x19e5, 0x19e5, 0x19e5, 0x19e5, 0x19e5, 0x19e5, 0x19e5, 0x19e5, 0x19e5, 0x19e5, 0x19e5, 0x19e5, 0x19e5, 0x19e5, 0x19e5, 0x19e5,
    0x19e5, 0x19e5, 0x19e5, 0x19e5, 0x19e5, 0x19e5, 0x19e5, 0x19e5, 0x19e5, 0x19e5, 0x19e5, 0x19e5, 0x19e5, 0x19e5, 0x19e5, 0x19e5,
    0x19e5, 0x19e5, 0x19e5, 0x19e5, 0x19e5, 0x19e5, 0x19e5, 0x19e5, 0x19e5, 0x19e5, 0x19e5, 0x19e5, 0x19e5, 0x19e5, 0x19e5, 0x19e5,
    0x19e5, 0x19e5, 0x19e5, 0x19e5, 0x19e5, 0x19e5, 0x19e5, 0x19e5, 0x19e5, 0x19e5, 0x19e5, 0x19e5, 0x19e5, 0x19e5, 0x19e5, 0x19e5,
    0x19e5, 0x19e5, 0x19e5, 0x19e5, 0x19e5, 0x19e5, 0x19e5, 0x19e5, 0x19e5, 0x21e6, 0x11a4, 0x534b, 0xffdd, 0xf77c, 0xf79c, 0xf79c,
    0xf79c, 0xef7c, 0xffdd, 0xb5f5, 0x11a4, 0x21e6, 0x19e5, 0x19e5, 0x19e5, 0x19e5, 0x19e5, 0x19e5, 0x19e5, 0x19e5, 0x19e5, 0x19e5,
    0x19e5, 0x19e5, 0x19e5, 0x19e5, 0x19e5, 0x19e5, 0x19e5, 0x19e5, 0x19e5, 0x19e5, 0x19e5, 0x19e5, 0x19e5, 0x19e5, 0x19e5, 0x19e5,
    0x19e5, 0x19e5, 0x19e5, 0x19e5, 0x19e5, 0x19e5, 0x19e5, 0x19e5, 0x19e5, 0x19e5, 0x19e5, 0x19e5, 0x19e5, 0x19e5, 0x19e5, 0x19e5,
    0x19e5, 0x19e5, 0x19e5, 0x19e5, 0x19e5, 0x19e5, 0x19e5, 0x19e5, 0x19e5, 0x19e5, 0x19e5, 0x19e5, 0x19e5, 0x19e5, 0x19e5, 0x19e5,
    0x19e5, 0x19e5, 0x19e5, 0x19e5, 0x19e5, 0x19e5, 0x19e5, 0x19e5, 0x19e5, 0x19e5, 0x19e5, 0x19e5, 0x19e5, 0x19e5, 0x19e5, 0x19e5,
    0x19e5, 0x19e5, 0x19e5, 0x19e5, 0x19e5, 0x19e5, 0x19e5, 0x19e5, 0x19e5, 0x19e5, 0x19e5, 0x19e5, 0x19e5, 0x19e5, 0x19e5, 0x19e5,
    0x19e5, 0x19e5, 0x19e5, 0x19e5, 0x19e5, 0x19e5, 0x19e5, 0x19e5, 0x19e5, 0x19e5, 0x19e5, 0x19e5, 0x19e5, 0x19e5, 0x19e5, 0x19e5,
    0x19e5, 0x19e5, 0x19e5, 0x19e5, 0x19e5, 0x19e5, 0x19e5, 0x19e5, 0x19e5, 0x19e5, 0x19e5, 0x19e5, 0x19e5, 0x19e5, 0x19e5, 0x19e5,
    0x19e5, 0x19e5, 0x19e5, 0x19e5, 0x19e5, 0x19e5, 0x19e5, 0x19e5, 0x19e5, 0x19e5, 0x19e5, 0x19e5, 0x19e5, 0x19e5, 0x19e5, 0x19e5,
    0x19e5, 0x19e5, 0x19e5, 0x19e5, 0x19e5, 0x19e5, 0x19e5, 0x19e5, 0x19e5, 0x19e5, 0x19e5, 0x19e5, 0x19e5, 0x19e5, 0x19e5, 0x19e5,
    0x19e5, 0x19e5, 0x19e5, 0x19e5, 0x19e5, 0x19e5, 0x19e5, 0x19e5, 0x19e5, 0x19e5, 0x19e5, 0x19e5, 0x19e5, 0x19e5, 0x19e5, 0x19e5,
    0x19e5, 0x19e5, 0x19e5, 0x19e5, 0x19e5, 0x19e5, 0x19e5, 0x19e5, 0x19e5, 0x19e5, 0x19e5, 0x19e5, 0x19e5, 0x19e5, 0x19e5, 0x19e5,
    0x19e5, 0x19e5, 0x19e5, 0x19e5, 0x19e5, 0x19e5, 0x19e5, 0x19e5, 0x19e5, 0x19e5, 0x19e5, 0x19e5, 0x19e5, 0x19e5, 0x19e5, 0x19e5,
    0x19e5, 0x19e5, 0x19e5, 0x19e5, 0x19e5, 0x19e5, 0x19e5, 0x19e5, 0x19e5, 0x19e5, 0x19e5, 0x19e5, 0x19e5, 0x19e5, 0x19e5, 0x19e5,
    0x19e5, 0x19e5, 0x19e5, 0x19e5, 0x19e5, 0x19e5, 0x19e5, 0x19e5, 0x19e5, 0x2206, 0x1184, 0x6bee, 0xfffd, 0xf77c, 0xf79c, 0xf79c,
    0xf79c, 0xf77c, 0xffdd, 0xce77, 0x19c5, 0x19e5, 0x19e5, 0x19e5, 0x19e5, 0x19e5, 0x19e5, 0x19e5, 0x19e5, 0x19e5, 0x19e5, 0x19e5,
    0x19e5, 0x19e5, 0x19e5, 0x19e5, 0x19e5, 0x19e5, 0x19e5, 0x19e5, 0x19e5, 0x19e5, 0x19e5, 0x19e5, 0x19e5, 0x19e5, 0x19e5, 0x19e5,
    0x19e5, 0x19e5, 0x19e5, 0x19e5, 0x19e5, 0x19e5, 0x19e5, 0x19e5, 0x19e5, 0x19e5, 0x19e5, 0x19e5, 0x19e5, 0x19e5, 0x19e5, 0x19e5,
    0x19e5, 0x19e5, 0x19e5, 0x19e5, 0x19e5, 0x19e5, 0x19e5, 0x19e5, 0x19e5, 0x19e5, 0x19e5, 0x19e5, 0x19e5, 0x19e5, 0x19e5, 0x19e5,
    0x19e5, 0x19e5, 0x19e5, 0x19e5, 0x19e5, 0x19e5, 0x19e5, 0x19e5, 0x19e5, 0x19e5, 0x19e5, 0x19e5, 0x19e5, 0x19e5, 0x19e5, 0x19e5,
    0x19e5, 0x19e5, 0x19e5, 0x19e5, 0x19e5, 0x19e5, 0x19e5, 0x19e5, 0x19e5, 0x19e5, 0x19e5, 0x19e5, 0x19e5, 0x19e5, 0x19e5, 0x19e5,
    0x19e5, 0x19e5, 0x19e5, 0x19e5, 0x19e5, 0x19e5, 0x19e5, 0x19e5, 0x19e5, 0x19e5, 0x19e5, 0x19e5, 0x19e5, 0x19e5, 0x19e5, 0x19e5,
    0x19e5, 0x19e5, 0x19e5, 0x19e5, 0x19e5, 0x19e5, 0x19e5, 0x19e5, 0x19e5, 0x19e5, 0x19e5, 0x19e5, 0x19e5, 0x19e5, 0x19e5, 0x19e5,
    0x19e5, 0x19e5, 0x19e5, 0x19e5, 0x19e5, 0x19e5, 0x19e5, 0x19e5, 0x19e5, 0x19e5, 0x19e5, 0x19e5, 0x19e5, 0x19e5, 0x19e5, 0x19e5,
    0x19e5, 0x19e5, 0x19e5, 0x19e5, 0x19e5, 0x19e5, 0x19e5, 0x19e5, 0x19e5, 0x19e5, 0x19e5, 0x19e5, 0x19e5, 0x19e5, 0x19e5, 0x19e5,
    0x19e5, 0x19e5, 0x19e5, 0x19e5, 0x19e5, 0x19e5, 0x19e5, 0x19e5, 0x19e5, 0x19e5, 0x19e5, 0x19e5, 0x19e5, 0x19e5, 0x19e5, 0x19e5,
    0x19e5, 0x19e5, 0x19e5, 0x19e5, 0x19e5, 0x19e5, 0x19e5, 0x19e5, 0x19e5, 0x19e5, 0x19e5, 0x19e5, 0x19e5, 0x19e5, 0x19e5, 0x19e5,
    0x19e5, 0x19e5, 0x19e5, 0x19e5, 0x19e5, 0x19e5, 0x19e5, 0x19e5, 0x19e5, 0x19e5, 0x19e5, 0x19e5, 0x19e5, 0x19e5, 0x19e5, 0x19e5,
    0x19e5, 0x19e5, 0x19e5, 0x19e5, 0x19e5, 0x19e5, 0x19e5, 0x19e5, 0x19e5, 0x19e5, 0x19e5, 0x19e5, 0x19e5, 0x19e5, 0x19e5, 0x19e5,
    0x19e5, 0x19e5, 0x19e5, 0x19e5, 0x19e5, 0x19e5, 0x19e5, 0x19e5, 0x19e5, 0x2206, 0x1184, 0x6bee, 0xfffd, 0xf77c, 0xf79c, 0xf79c,
    0xf79c, 0xf77c, 0xffdd, 0xce77, 0x19c5, 0x19e5, 0x19e5, 0x19e5, 0x19e5, 0x19e5, 0x19e5, 0x19e5, 0x19e5, 0x19e5, 0x19e5, 0x19e5,
    0x19e5, 0x19e5, 0x19e5, 0x19e5, 0x19e5, 0x19e5, 0x19e5, 0x19e5, 0x19e5, 0x19e5, 0x19e5, 0x19e5, 0x19e5, 0x19e5, 0x19e5, 0x19e5,
    0x19e5, 0x19e5, 0x19e5, 0x19e5, 0x19e5, 0x19e5, 0x19e5, 0x19e5, 0x19e5, 0x19e5, 0x19e5, 0x19e5, 0x19e5, 0x19e5, 0x19e5, 0x19e5,
    0x19e5, 0x19e5, 0x19e5, 0x19e5, 0x19e5, 0x19e5, 0x19e5, 0x19e5, 0x19e5, 0x19e5, 0x19e5, 0x19e5, 0x19e5, 0x19e5, 0x19e5, 0x19e5,
    0x19e5, 0x19e5, 0x19e5, 0x19e5, 0x19e5, 0x19e5, 0x19e5, 0x19e5, 0x19e5, 0x19e5, 0x19e5, 0x19e5, 0x19e5, 0x19e5, 0x19e5, 0x19e5,
    0x19e5, 0x19e5, 0x19e5, 0x19e5, 0x19e5, 0x19e5, 0x19e5, 0x19e5, 0x19e5, 0x19e5, 0x19e5, 0x19e5, 0x19e5, 0x19e5, 0x19e5, 0x19e5,
    0x19e5, 0x19e5, 0x19e5, 0x19e5, 0x19e5, 0x19e5, 0x19e5, 0x19e5, 0x19e5, 0x19e5, 0x19e5, 0x19e5, 0x19e5, 0x19e5, 0x19e5, 0x19e5,
    0x19e5, 0x19e5, 0x19e5, 0x19e5, 0x19e5, 0x19e5, 0x19e5, 0x19e5, 0x19e5, 0x19e5, 0x19e5, 0x19e5, 0x19e5, 0x19e5, 0x19e5, 0x19e5,
    0x19e5, 0x19e5, 0x19e5, 0x19e5, 0x19e5, 0x19e5, 0x19e5, 0x19e5, 0x19e5, 0x19e5, 0x19e5, 0x19e5, 0x19e5, 0x19e5, 0x19e5, 0x19e5,
    0x19e5, 0x19e5, 0x19e5, 0x19e5, 0x19e5, 0x19e5, 0x19e5, 0x19e5, 0x19e5, 0x19e5, 0x19e5, 0x19e5, 0x19e5, 0x19e5, 0x19e5, 0x19e5,
    0x19e5, 0x19e5, 0x19e5, 0x19e5, 0x19e5, 0x19e5, 0x19e5, 0x19e5, 0x19e5, 0x19e5, 0x19e5, 0x19e5, 0x19e5, 0x19e5, 0x19e5, 0x19e5,
    0x19e5, 0x19e5, 0x19e5, 0x19e5, 0x19e5, 0x19e5, 0x19e5, 0x19e5, 0x19e5, 0x19e5, 0x19e5, 0x19e5, 0x19e5, 0x19e5, 0x19e5, 0x19e5,
    0x19e5, 0x19e5, 0x19e5, 0x19e5, 0x19e5, 0x19e5, 0x19e5, 0x19e5, 0x19e5, 0x19e5, 0x19e5, 0x19e5, 0x19e5, 0x19e5, 0x19e5, 0x19e5,
    0x19e5, 0x19e5, 0x19e5, 0x19e5, 0x19e5, 0x19e5, 0x19e5, 0x19e5, 0x19e5, 0x19e5, 0x19e5, 0x19e5, 0x19e5, 0x19e5, 0x19e5, 0x19e5,
    0x19e5, 0x19e5, 0x19e5, 0x19e5, 0x19e5, 0x19e5, 0x19e5, 0x19e5, 0x19e5, 0x2206, 0x1184, 0x6bee, 0xfffd, 0xf77c, 0xf79c, 0xf79c,
    0xf79c, 0xf77c, 0xffdd, 0xce77, 0x19c5, 0x19e5, 0x19e5, 0x19e5, 0x19e5, 0x19e5, 0x19e5, 0x19e5, 0x19e5, 0x19e5, 0x19e5, 0x19e5,
    0x19e5, 0x19e5, 0x19e5, 0x19e5, 0x19e5, 0x19e5, 0x19e5, 0x19e5, 0x19e5, 0x19e5, 0x19e5, 0x19e5, 0x19e5, 0x19e5, 0x19e5, 0x19e5,
    0x19e5, 0x19e5, 0x19e5, 0x19e5, 0x19e5, 0x19e5, 0x19e5, 0x19e5, 0x19e5, 0x19e5, 0x19e5, 0x19e5, 0x19e5, 0x19e5, 0x19e5, 0x19e5,
    0x19e5, 0x19e5, 0x19e5, 0x19e5, 0x19e5, 0x19e5, 0x19e5, 0x19e5, 0x19e5, 0x19e5, 0x19e5, 0x19e5, 0x19e5, 0x19e5, 0x19e5, 0x19e5,
    0x19e5, 0x19e5, 0x19e5, 0x19e5, 0x19e5, 0x19e5, 0x19e5, 0x19e5, 0x19e5, 0x19e5, 0x19e5, 0x19e5, 0x19e5, 0x19e5, 0x19e5, 0x19e5,
    0x19e5, 0x19e5, 0x19e5, 0x19e5, 0x19e5, 0x19e5, 0x19e5, 0x19e5, 0x19e5, 0x19e5, 0x19e5, 0x19e5, 0x19e5, 0x19e5, 0x19e5, 0x19e5,
    0x19e5, 0x19e5, 0x19e5, 0x19e5, 0x19e5, 0x19e5, 0x19e5, 0x19e5, 0x19e5, 0x19e5, 0x19e5, 0x19e5, 0x19e5, 0x19e5, 0x19e5, 0x19e5,
    0x19e5, 0x19e5, 0x19e5, 0x19e5, 0x19e5, 0x19e5, 0x19e5, 0x19e5, 0x19e5, 0x19e5, 0x19e5, 0x19e5, 0x19e5, 0x19e5, 0x19e5, 0x19e5,
    0x19e5, 0x19e5, 0x19e5, 0x19e5, 0x19e5, 0x19e5, 0x19e5, 0x19e5, 0x19e5, 0x19e5, 0x19e5, 0x19e5, 0x19e5, 0x19e5, 0x19e5, 0x19e5,
    0x19e5, 0x19e5, 0x19e5, 0x19e5, 0x19e5, 0x19e5, 0x19e5, 0x19e5, 0x19e5, 0x19e5, 0x19e5, 0x19e5, 0x19e5, 0x19e5, 0x19e5, 0x19e5,
    0x19e5, 0x19e5, 0x19e5, 0x19e5, 0x19e5, 0x19e5, 0x19e5, 0x19e5, 0x19e5, 0x19e5, 0x19e5, 0x19e5, 0x19e5, 0x19e5, 0x19e5, 0x19e5,
    0x19e5, 0x19e5, 0x19e5, 0x19e5, 0x19e5, 0x19e5, 0x19e5, 0x19e5, 0x19e5, 0x19e5, 0x19e5, 0x19e5, 0x19e5, 0x19e5, 0x19e5, 0x19e5,
    0x19e5, 0x19e5, 0x19e5, 0x19e5, 0x19e5, 0x19e5, 0x19e5, 0x19e5, 0x19e5, 0x19e5, 0x19e5, 0x19e5, 0x19e5, 0x19e5, 0x19e5, 0x19e5,
    0x19e5, 0x19e5, 0x19e5, 0x19e5, 0x19e5, 0x19e5, 0x19e5, 0x19e5, 0x19e5, 0x19e5, 0x19e5, 0x19e5, 0x19e5, 0x19e5, 0x19e5, 0x19e5,
    0x19e5, 0x19e5, 0x19e5, 0x19e5, 0x19e5, 0x19e5, 0x19e5, 0x19e5, 0x19e5, 0x2206, 0x1184, 0x6bee, 0xfffd, 0xf77c, 0xf79c, 0xf79c,
    0xf79c, 0xf77c, 0xffdd, 0xce77, 0x19c5, 0x19e5, 0x19e5, 0x19e5, 0x19e5, 0x19e5, 0x19e5, 0x19e5, 0x19e5, 0x19e5, 0x19e5, 0x19e5,
    0x19e5, 0x19e5, 0x19e5, 0x19e5, 0x19e5, 0x19e5, 0x19e5, 0x19e5, 0x19e5, 0x19e5, 0x19e5, 0x19e5, 0x19e5, 0x19e5, 0x19e5, 0x19e5,
    0x19e5, 0x19e5, 0x19e5, 0x19e5, 0x19e5, 0x19e5, 0x19e5, 0x19e5, 0x19e5, 0x19e5, 0x19e5, 0x19e5, 0x19e5, 0x19e5, 0x19e5, 0x19e5,
    0x19e5, 0x19e5, 0x19e5, 0x19e5, 0x19e5, 0x19e5, 0x19e5, 0x19e5, 0x19e5, 0x19e5, 0x19e5, 0x19e5, 0x19e5, 0x19e5, 0x19e5, 0x19e5,
    0x19e5, 0x19e5, 0x19e5, 0x19e5, 0x19e5, 0x19e5, 0x19e5, 0x19e5, 0x19e5, 0x19e5, 0x19e5, 0x19e5, 0x19e5, 0x19e5, 0x19e5, 0x19e5,
    0x19e5, 0x19e5, 0x19e5, 0x19e5, 0x19e5, 0x19e5, 0x19e5, 0x19e5, 0x19e5, 0x19e5, 0x19e5, 0x19e5, 0x19e5, 0x19e5, 0x19e5, 0x19e5,
    0x19e5, 0x19e5, 0x19e5, 0x19e5, 0x19e5, 0x19e5, 0x19e5, 0x19e5, 0x19e5, 0x19e5, 0x19e5, 0x19e5, 0x19e5, 0x19e5, 0x19e5, 0x19e5,
    0x19e5, 0x19e5, 0x19e5, 0x19e5, 0x19e5, 0x19e5, 0x19e5, 0x19e5, 0x19e5, 0x19e5, 0x19e5, 0x19e5, 0x19e5, 0x19e5, 0x19e5, 0x19e5,
    0x19e5, 0x19e5, 0x19e5, 0x19e5, 0x19e5, 0x19e5, 0x19e5, 0x19e5, 0x19e5, 0x19e5, 0x19e5, 0x19e5, 0x19e5, 0x19e5, 0x19e5, 0x19e5,
    0x19e5, 0x19e5, 0x19e5, 0x19e5, 0x19e5, 0x19e5, 0x19e5, 0x19e5, 0x19e5, 0x19e5, 0x19e5, 0x19e5, 0x19e5, 0x19e5, 0x19e5, 0x19e5,
    0x19e5, 0x19e5, 0x19e5, 0x19e5, 0x19e5, 0x19e5, 0x19e5, 0x19e5, 0x19e5, 0x19e5, 0x19e5, 0x19e5, 0x19e5, 0x19e5, 0x19e5, 0x19e5,
    0x19e5, 0x19e5, 0x19e5, 0x19e5, 0x19e5, 0x21e5, 0x21e5, 0x21e6, 0x21e6, 0x21e6, 0x21e6, 0x21e6, 0x21e6, 0x21e6, 0x21e6, 0x21e6,
    0x21e6, 0x21e6, 0x21e6, 0x21e6, 0x21e6, 0x21e6, 0x21e6, 0x21e6, 0x21e6, 0x21e6, 0x21e6, 0x21e6, 0x21e6, 0x21e6, 0x21e6, 0x21e6,
    0x21e6, 0x21e6, 0x21e6, 0x21e6, 0x21e6, 0x21e6, 0x21e6, 0x21e6, 0x21e6, 0x21e6, 0x21e5, 0x19e5, 0x19e5, 0x19e5, 0x19e5, 0x19e5,
    0x19e5, 0x19e5, 0x19e5, 0x19e5, 0x19e5, 0x19e5, 0x19e5, 0x19e5, 0x19e5, 0x2206, 0x1184, 0x6bee, 0xfffd, 0xf77c, 0xf79c, 0xf79c,
    0xf79c, 0xf77c, 0xffdd, 0xce77, 0x19c5, 0x19e5, 0x19e5, 0x19e5, 0x19e5, 0x19e5, 0x19e5, 0x19e5, 0x19e5, 0x19e5, 0x19e5, 0x19e5,
    0x19e5, 0x19e5, 0x19e5, 0x19e5, 0x19e5, 0x21e5, 0x21e6, 0x21e6, 0x21e6, 0x21e6, 0x21e6, 0x21e6, 0x21e6, 0x21e6, 0x21e6, 0x21e6,
    0x21e6, 0x21e6, 0x21e6, 0x21e6, 0x21e6, 0x21e6, 0x21e6, 0x21e6, 0x21e6, 0x21e5, 0x21e5, 0x19e5, 0x19e5, 0x19e5, 0x19e5, 0x19e5,
    0x19e5, 0x19e5, 0x19e5, 0x19e5, 0x19e5, 0x19e5, 0x19e5, 0x19e5, 0x19e5, 0x19e5, 0x19e5, 0x19e5, 0x19e5, 0x19e5, 0x19e5, 0x19e5,
    0x19e5, 0x19e5, 0x19e5, 0x19e5, 0x19e5, 0x19e5, 0x19e5, 0x19e5, 0x19e5, 0x19e5, 0x19e5, 0x19e5, 0x19e5, 0x19e5, 0x19e5, 0x19e5,
    0x19e5, 0x19e5, 0x19e5, 0x19e5, 0x19e5, 0x19e5, 0x19e5, 0x19e5, 0x19e5, 0x19e5, 0x19e5, 0x19e5, 0x19e5, 0x19e5, 0x19e5, 0x19e5,
    0x19e5, 0x19e5, 0x19e5, 0x19e5, 0x19e5, 0x19e5, 0x19e5, 0x19e5, 0x19e5, 0x19e5, 0x19e5, 0x19e5, 0x19e5, 0x19e5, 0x19e5, 0x19e5,
    0x19e5, 0x19e5, 0x19e5, 0x19e5, 0x19e5, 0x19e5, 0x19e5, 0x19e5, 0x19e5, 0x19e5, 0x19e5, 0x19e5, 0x19e5, 0x19e5, 0x19e5, 0x19e5,
    0x19e5, 0x19e5, 0x19e5, 0x19e5, 0x19e5, 0x19e5, 0x19e5, 0x19e5, 0x19e5, 0x19e5, 0x19e5, 0x19e5, 0x19e5, 0x19e5, 0x19e5, 0x19e5,
    0x19e5, 0x19e5, 0x19e5, 0x19e5, 0x19e5, 0x19e5, 0x19e5, 0x19e5, 0x19e5, 0x19e5, 0x19e5, 0x19e5, 0x19e5, 0x19e5, 0x19e5, 0x19e5,
    0x19e5, 0x19e5, 0x19e5, 0x19e5, 0x19e5, 0x19e5, 0x19e5, 0x19e5, 0x19e5, 0x19e5, 0x19e5, 0x19e5, 0x19e5, 0x19e5, 0x19e5, 0x19e5,
    0x21e5, 0x21e6, 0x2206, 0x21e6, 0x19e5, 0x19c5, 0x19a5, 0x11a4, 0x11a4, 0x11a4, 0x11a4, 0x11a4, 0x11a4, 0x11a4, 0x11a4, 0x11a4,
    0x11a4, 0x11a4, 0x11a4, 0x11a4, 0x11a4, 0x11a4, 0x11a4, 0x11a4, 0x11a4, 0x11a4, 0x11a4, 0x11a4, 0x11a4, 0x11a4, 0x11a4, 0x11a4,
    0x11a4, 0x11a4, 0x11a4, 0x11a4, 0x11a4, 0x11a4, 0x11a4, 0x11a4, 0x11a4, 0x11a4, 0x19c5, 0x2206, 0x19e5, 0x19e5, 0x19e5, 0x19e5,
    0x19e5, 0x19e5, 0x19e5, 0x19e5, 0x19e5, 0x19e5, 0x19e5, 0x19e5, 0x19e5, 0x2206, 0x1184, 0x6bee, 0xfffd, 0xf77c, 0xf79c, 0xf79c,
    0xf79c, 0xf77c, 0xffdd, 0xce77, 0x19c5, 0x19e5, 0x19e5, 0x19e5, 0x19e5, 0x19e5, 0x19e5, 0x19e5, 0x19e5, 0x19e5, 0x19e5, 0x19e5,
    0x19e5, 0x19e5, 0x19e5, 0x21e6, 0x21e5, 0x19c5, 0x11a4, 0x11a4, 0x11a4, 0x11a4, 0x11a4, 0x11a4, 0x11a4, 0x11a4, 0x11a4, 0x11a4,
    0x11a4, 0x11a4, 0x11a4, 0x11a4, 0x11a4, 0x11a4, 0x11a4, 0x11a4, 0x11a4, 0x19a5, 0x19c5, 0x19e5, 0x21e6, 0x2206, 0x21e6, 0x21e5,
    0x19e5, 0x19e5, 0x19e5, 0x19e5, 0x19e5, 0x19e5, 0x19e5, 0x19e5, 0x19e5, 0x19e5, 0x19e5, 0x19e5, 0x19e5, 0x19e5, 0x19e5, 0x19e5,
    0x19e5, 0x19e5, 0x19e5, 0x19e5, 0x19e5, 0x19e5, 0x19e5, 0x19e5, 0x19e5, 0x19e5, 0x19e5, 0x19e5, 0x19e5, 0x19e5, 0x19e5, 0x19e5,
    0x19e5, 0x19e5, 0x19e5, 0x19e5, 0x19e5, 0x19e5, 0x19e5, 0x19e5, 0x19e5, 0x19e5, 0x19e5, 0x19e5, 0x19e5, 0x19e5, 0x19e5, 0x19e5,
    0x19e5, 0x19e5, 0x19e5, 0x19e5, 0x19e5, 0x19e5, 0x19e5, 0x19e5, 0x19e5, 0x19e5, 0x19e5, 0x19e5, 0x19e5, 0x19e5, 0x19e5, 0x19e5,
    0x19e5, 0x19e5, 0x19e5, 0x19e5, 0x19e5, 0x19e5, 0x19e5, 0x19e5, 0x19e5, 0x19e5, 0x19e5, 0x19e5, 0x19e5, 0x19e5, 0x19e5, 0x19e5,
    0x19e5, 0x19e5, 0x19e5, 0x19e5, 0x19e5, 0x19e5, 0x19e5, 0x19e5, 0x19e5, 0x19e5, 0x19e5, 0x19e5, 0x19e5, 0x19e5, 0x19e5, 0x19e5,
    0x19e5, 0x19e5, 0x19e5, 0x19e5, 0x19e5, 0x19e5, 0x19e5, 0x19e5, 0x19e5, 0x19e5, 0x19e5, 0x19e5, 0x19e5, 0x19e5, 0x19e5, 0x19e5,
    0x19e5, 0x19e5, 0x19e5, 0x19e5, 0x19e5, 0x19e5, 0x19e5, 0x19e5, 0x19e5, 0x19e5, 0x19e5, 0x19e5, 0x19e5, 0x19e5, 0x21e6, 0x2206,
    0x19e5, 0x11a4, 0x1184, 0x1184, 0x19e5, 0x2a47, 0x3aa9, 0x42ea, 0x4b0a, 0x4b2a, 0x4b2a, 0x4b2a, 0x4b2a, 0x4b2a, 0x4b2a, 0x4b2a,
    0x4b2a, 0x4b2a, 0x4b2a, 0x4b2a, 0x4b2a, 0x4b2a, 0x4b2a, 0x4b2a, 0x4b2a, 0x4b2a, 0x4b2a, 0x4b2a, 0x4b2a, 0x4b2a, 0x4b2a, 0x4b2a,
    0x4b2a, 0x4b2a, 0x4b2a, 0x4b2a, 0x4b2a, 0x4b2a, 0x4b2a, 0x4b2a, 0x4b2a, 0x42ea, 0x2206, 0x1184, 0x21e5, 0x19e5, 0x19e5, 0x19e5,
    0x19e5, 0x19e5, 0x19e5, 0x19e5, 0x19e5, 0x19e5, 0x19e5, 0x19e5, 0x19e5, 0x2206, 0x1184, 0x6bee, 0xfffd, 0xf77c, 0xf79c, 0xf79c,
    0xf79c, 0xf77c, 0xffdd, 0xce77, 0x19c5, 0x19e5, 0x19e5, 0x19e5, 0x19e5, 0x19e5, 0x19e5, 0x19e5, 0x19e5, 0x19e5, 0x19e5, 0x19e5,
    0x19e5, 0x19e5, 0x21e6, 0x19a5, 0x11a4, 0x3aa8, 0x4b2a, 0x4b2a, 0x4b2a, 0x4b2a, 0x4b2a, 0x4b2a, 0x4b2a, 0x4b2a, 0x4b2a, 0x4b2a,
    0x4b2a, 0x4b2a, 0x4b2a, 0x4b2a, 0x4b2a, 0x4b2a, 0x4b2a, 0x4b0a, 0x42ea, 0x3aa9, 0x2a47, 0x19e5, 0x1184, 0x1184, 0x11a4, 0x19e5,
    0x2206, 0x21e6, 0x19e5, 0x19e5, 0x19e5, 0x19e5, 0x19e5, 0x19e5, 0x19e5, 0x19e5, 0x19e5, 0x19e5, 0x19e5, 0x19e5, 0x19e5, 0x19e5,
    0x19e5, 0x19e5, 0x19e5, 0x19e5, 0x19e5, 0x19e5, 0x19e5, 0x19e5, 0x19e5, 0x19e5, 0x19e5, 0x19e5, 0x19e5, 0x19e5, 0x19e5, 0x19e5,
    0x19e5, 0x19e5, 0x19e5, 0x19e5, 0x19e5, 0x19e5, 0x19e5, 0x19e5, 0x19e5, 0x19e5, 0x19e5, 0x19e5, 0x19e5, 0x19e5, 0x19e5, 0x19e5,
    0x19e5, 0x19e5, 0x19e5, 0x19e5, 0x19e5, 0x19e5, 0x19e5, 0x19e5, 0x19e5, 0x19e5, 0x19e5, 0x19e5, 0x19e5, 0x19e5, 0x19e5, 0x19e5,
    0x19e5, 0x19e5, 0x19e5, 0x19e5, 0x19e5, 0x19e5, 0x19e5, 0x19e5, 0x19e5, 0x19e5, 0x19e5, 0x19e5, 0x19e5, 0x19e5, 0x19e5, 0x19e5,
    0x19e5, 0x19e5, 0x19e5, 0x19e5, 0x19e5, 0x19e5, 0x19e5, 0x19e5, 0x19e5, 0x19e5, 0x19e5, 0x19e5, 0x19e5, 0x19e5, 0x19e5, 0x19e5,
    0x19e5, 0x19e5, 0x19e5, 0x19e5, 0x19e5, 0x19e5, 0x19e5, 0x19e5, 0x19e5, 0x19e5, 0x19e5, 0x19e5, 0x19e5, 0x19e5, 0x19e5, 0x19e5,
    0x19e5, 0x19e5, 0x19e5, 0x19e5, 0x19e5, 0x19e5, 0x19e5, 0x19e5, 0x19e5, 0x19e5, 0x19e5, 0x19e5, 0x21e6, 0x21e6, 0x11a4, 0x1184,
    0x21e6, 0x4b0a, 0x8470, 0xadb5, 0xce98, 0xe73b, 0xef7c, 0xf7bc, 0xffbd, 0xffbd, 0xffbd, 0xffbd, 0xffbd, 0xffbd, 0xffbd, 0xffbd,
    0xffbd, 0xffbd, 0xffbd, 0xffbd, 0xffbd, 0xffbd, 0xffbd, 0xffbd, 0xffbd, 0xffbd, 0xffbd, 0xffbd, 0xffbd, 0xffbd, 0xffbd, 0xffbd,
    0xffbd, 0xffbd, 0xffbd, 0xffbd, 0xffbd, 0xffbd, 0xffbd, 0xffbd, 0xffbd, 0xf7bc, 0xdefa, 0x7c4f, 0x11a4, 0x19e5, 0x19e5, 0x19e5,
    0x19e5, 0x19e5, 0x19e5, 0x19e5, 0x19e5, 0x19e5, 0x19e5, 0x19e5, 0x19e5, 0x2206, 0x1184, 0x6bee, 0xfffd, 0xf77c, 0xf79c, 0xf79c,
    0xf79c, 0xf77c, 0xffdd, 0xce77, 0x19c5, 0x19e5, 0x19e5, 0x19e5, 0x19e5, 0x19e5, 0x19e5, 0x19e5, 0x19e5, 0x19e5, 0x19e5, 0x19e5,
    0x19e5, 0x21e6, 0x11a4, 0x3aa9, 0xbe16, 0xf77c, 0xffbd, 0xffbd, 0xffbd, 0xffbd, 0xffbd, 0xffbd, 0xffbd, 0xffbd, 0xffbd, 0xffbd,
    0xffbd, 0xffbd, 0xffbd, 0xffbd, 0xffbd, 0xffbd, 0xffbd, 0xffbd, 0xf7bc, 0xef7c, 0xe73b, 0xce98, 0xadb5, 0x8470, 0x4b0a, 0x21e6,
    0x1184, 0x11a4, 0x21e6, 0x21e6, 0x19e5, 0x19e5, 0x19e5, 0x19e5, 0x19e5, 0x19e5, 0x19e5, 0x19e5, 0x19e5, 0x19e5, 0x19e5, 0x19e5,
    0x19e5, 0x19e5, 0x19e5, 0x19e5, 0x19e5, 0x19e5, 0x19e5, 0x19e5, 0x19e5, 0x19e5, 0x19e5, 0x19e5, 0x19e5, 0x19e5, 0x19e5, 0x19e5,
    0x19e5, 0x19e5, 0x19e5, 0x19e5, 0x19e5, 0x19e5, 0x19e5, 0x19e5, 0x19e5, 0x19e5, 0x19e5, 0x19e5, 0x19e5, 0x19e5, 0x19e5, 0x19e5,
    0x19e5, 0x19e5, 0x19e5, 0x19e5, 0x19e5, 0x19e5, 0x19e5, 0x19e5, 0x19e5, 0x19e5, 0x19e5, 0x19e5, 0x19e5, 0x19e5, 0x19e5, 0x19e5,
    0x19e5, 0x19e5, 0x19e5, 0x19e5, 0x19e5, 0x19e5, 0x19e5, 0x19e5, 0x19e5, 0x19e5, 0x19e5, 0x19e5, 0x19e5, 0x19e5, 0x19e5, 0x19e5,
    0x19e5, 0x19e5, 0x19e5, 0x19e5, 0x19e5, 0x19e5, 0x19e5, 0x19e5, 0x19e5, 0x19e5, 0x19e5, 0x19e5, 0x19e5, 0x19e5, 0x19e5, 0x19e5,
    0x19e5, 0x19e5, 0x19e5, 0x19e5, 0x19e5, 0x19e5, 0x19e5, 0x19e5, 0x19e5, 0x19e5, 0x19e5, 0x19e5, 0x19e5, 0x19e5, 0x19e5, 0x19e5,
    0x19e5, 0x19e5, 0x19e5, 0x19e5, 0x19e5, 0x19e5, 0x19e5, 0x19e5, 0x19e5, 0x19e5, 0x21e5, 0x21e6, 0x11a4, 0x11a4, 0x42c9, 0x94f2,
    0xd6b9, 0xffbd, 0xfffe, 0xfffd, 0xffdd, 0xf7bc, 0xf79c, 0xf79c, 0xf79c, 0xf79c, 0xf79c, 0xf79c, 0xf79c, 0xf79c, 0xf79c, 0xf79c,
    0xf79c, 0xf79c, 0xf79c, 0xf79c, 0xf79c, 0xf79c, 0xf79c, 0xf79c, 0xf79c, 0xf79c, 0xf79c, 0xf79c, 0xf79c, 0xf79c, 0xf79c, 0xf79c,
    0xf79c, 0xf79c, 0xf79c, 0xf79c, 0xf79c, 0xf79c, 0xf79c, 0xf79c, 0xf79c, 0xf79c, 0xffbd, 0xfffe, 0x8cd1, 0x1184, 0x21e6, 0x19e5,
    0x19e5, 0x19e5, 0x19e5, 0x19e5, 0x19e5, 0x19e5, 0x19e5, 0x19e5, 0x19e5, 0x2206, 0x1184, 0x6bee, 0xfffd, 0xf77c, 0xf79c, 0xf79c,
    0xf79c, 0xf77c, 0xffdd, 0xce77, 0x19c5, 0x19e5, 0x19e5, 0x19e5, 0x19e5, 0x19e5, 0x19e5, 0x19e5, 0x19e5, 0x19e5, 0x19e5, 0x19e5,
    0x21e6, 0x19a5, 0x3aa8, 0xe73b, 0xfffe, 0xf79c, 0xf79c, 0xf79c, 0xf79c, 0xf79c, 0xf79c, 0xf79c, 0xf79c, 0xf79c, 0xf79c, 0xf79c,
    0xf79c, 0xf79c, 0xf79c, 0xf79c, 0xf79c, 0xf79c, 0xf79c, 0xf79c, 0xf79c, 0xf79c, 0xf7bc, 0xffdd, 0xfffd, 0xfffe, 0xffbd, 0xd6b9,
    0x94f2, 0x42c9, 0x11a4, 0x11a4, 0x21e6, 0x21e5, 0x19e5, 0x19e5, 0x19e5, 0x19e5, 0x19e5, 0x19e5, 0x19e5, 0x19e5, 0x19e5, 0x19e5,
    0x19e5, 0x19e5, 0x19e5, 0x19e5, 0x19e5, 0x19e5, 0x19e5, 0x19e5, 0x19e5, 0x19e5, 0x19e5, 0x19e5, 0x19e5, 0x19e5, 0x19e5, 0x19e5,
    0x19e5, 0x19e5, 0x19e5, 0x19e5, 0x19e5, 0x19e5, 0x19e5, 0x19e5, 0x19e5, 0x19e5, 0x19e5, 0x19e5, 0x19e5, 0x19e5, 0x19e5, 0x19e5,
    0x19e5, 0x19e5, 0x19e5, 0x19e5, 0x19e5, 0x19e5, 0x19e5, 0x19e5, 0x19e5, 0x19e5, 0x19e5, 0x19e5, 0x19e5, 0x19e5, 0x19e5, 0x19e5,
    0x19e5, 0x19e5, 0x19e5, 0x19e5, 0x19e5, 0x19e5, 0x19e5, 0x19e5, 0x19e5, 0x19e5, 0x19e5, 0x19e5, 0x19e5, 0x19e5, 0x19e5, 0x19e5,
    0x19e5, 0x19e5, 0x19e5, 0x19e5, 0x19e5, 0x19e5, 0x19e5, 0x19e5, 0x19e5, 0x19e5, 0x19e5, 0x19e5, 0x19e5, 0x19e5, 0x19e5, 0x19e5,
    0x19e5, 0x19e5, 0x19e5, 0x19e5, 0x19e5, 0x19e5, 0x19e5, 0x19e5, 0x19e5, 0x19e5, 0x19e5, 0x19e5, 0x19e5, 0x19e5, 0x19e5, 0x19e5,
    0x19e5, 0x19e5, 0x19e5, 0x19e5, 0x19e5, 0x19e5, 0x19e5, 0x19e5, 0x19e5, 0x2206, 0x19c5, 0x1184, 0x4b2a, 0xb5d5, 0xf79c, 0xfffe,
    0xffbd, 0xf79c, 0xf77c, 0xf77c, 0xf77c, 0xf79c, 0xf79c, 0xf79c, 0xf79c, 0xf79c, 0xf79c, 0xf79c, 0xf79c, 0xf79c, 0xf79c, 0xf79c,
    0xf79c, 0xf79c, 0xf79c, 0xf79c, 0xf79c, 0xf79c, 0xf79c, 0xf79c, 0xf79c, 0xf79c, 0xf79c, 0xf79c, 0xf79c, 0xf79c, 0xf79c, 0xf79c,
    0xf79c, 0xf79c, 0xf79c, 0xf79c, 0xf79c, 0xf79c, 0xf79c, 0xf79c, 0xf79c, 0xf79c, 0xf77c, 0xf79c, 0xf7bc, 0x42c9, 0x11a4, 0x21e6,
    0x19e5, 0x19e5, 0x19e5, 0x19e5, 0x19e5, 0x19e5, 0x19e5, 0x19e5, 0x19e5, 0x2206, 0x1184, 0x6bee, 0xfffd, 0xf77c, 0xf79c, 0xf79c,
    0xf79c, 0xf77c, 0xffdd, 0xce77, 0x19c5, 0x19e5, 0x19e5, 0x19e5, 0x19e5, 0x19e5, 0x19e5, 0x19e5, 0x19e5, 0x19e5, 0x19e5, 0x19e5,
    0x21e6, 0x1184, 0xadd5, 0xfffe, 0xef7b, 0xf79c, 0xf79c, 0xf79c, 0xf79c, 0xf79c, 0xf79c, 0xf79c, 0xf79c, 0xf79c, 0xf79c, 0xf79c,
    0xf79c, 0xf79c, 0xf79c, 0xf79c, 0xf79c, 0xf79c, 0xf79c, 0xf79c, 0xf79c, 0xf79c, 0xf79c, 0xf77c, 0xf77c, 0xf77c, 0xf79c, 0xffbd,
    0xfffe, 0xf79c, 0xb5d5, 0x4b2a, 0x1184, 0x19c5, 0x2206, 0x19e5, 0x19e5, 0x19e5, 0x19e5, 0x19e5, 0x19e5, 0x19e5, 0x19e5, 0x19e5,
    0x19e5, 0x19e5, 0x19e5, 0x19e5, 0x19e5, 0x19e5, 0x19e5, 0x19e5, 0x19e5, 0x19e5, 0x19e5, 0x19e5, 0x19e5, 0x19e5, 0x19e5, 0x19e5,
    0x19e5, 0x19e5, 0x19e5, 0x19e5, 0x19e5, 0x19e5, 0x19e5, 0x19e5, 0x19e5, 0x19e5, 0x19e5, 0x19e5, 0x19e5, 0x19e5, 0x19e5, 0x19e5,
    0x19e5, 0x19e5, 0x19e5, 0x19e5, 0x19e5, 0x19e5, 0x19e5, 0x19e5, 0x19e5, 0x19e5, 0x19e5, 0x19e5, 0x19e5, 0x19e5, 0x19e5, 0x19e5,
    0x19e5, 0x19e5, 0x19e5, 0x19e5, 0x19e5, 0x19e5, 0x19e5, 0x19e5, 0x19e5, 0x19e5, 0x19e5, 0x19e5, 0x19e5, 0x19e5, 0x19e5, 0x19e5,
    0x19e5, 0x19e5, 0x19e5, 0x19e5, 0x19e5, 0x19e5, 0x19e5, 0x19e5, 0x19e5, 0x19e5, 0x19e5, 0x19e5, 0x19e5, 0x19e5, 0x19e5, 0x19e5,
    0x19e5, 0x19e5, 0x19e5, 0x19e5, 0x19e5, 0x19e5, 0x19e5, 0x19e5, 0x19e5, 0x19e5, 0x19e5, 0x19e5, 0x19e5, 0x19e5, 0x19e5, 0x19e5,
    0x19e5, 0x19e5, 0x19e5, 0x19e5, 0x19e5, 0x19e5, 0x19e5, 0x21e5, 0x21e6, 0x1184, 0x3268, 0xad94, 0xffbd, 0xfffd, 0xf79c, 0xef7c,
    0xf79c, 0xf79c, 0xf79c, 0xf79c, 0xf79c, 0xf79c, 0xf79c, 0xf79c, 0xf79c, 0xf79c, 0xf79c, 0xf79c, 0xf79c, 0xf79c, 0xf79c, 0xf79c,
    0xf79c, 0xf79c, 0xf79c, 0xf79c, 0xf79c, 0xf79c, 0xf79c, 0xf79c, 0xf79c, 0xf79c, 0xf79c, 0xf79c, 0xf79c, 0xf79c, 0xf79c, 0xf79c,
    0xf79c, 0xf79c, 0xf79c, 0xf79c, 0xf79c, 0xf79c, 0xf79c, 0xf79c, 0xf79c, 0xf79c, 0xf79c, 0xef7c, 0xfffe, 0x8490, 0x1184, 0x2206,
    0x19e5, 0x19e5, 0x19e5, 0x19e5, 0x19e5, 0x19e5, 0x19e5, 0x19e5, 0x19e5, 0x2206, 0x1184, 0x6bee, 0xfffd, 0xf77c, 0xf79c, 0xf79c,
    0xf79c, 0xf77c, 0xffdd, 0xce77, 0x19c5, 0x19e5, 0x19e5, 0x19e5, 0x19e5, 0x19e5, 0x19e5, 0x19e5, 0x19e5, 0x19e5, 0x19e5, 0x21e5,
    0x19c5, 0x2a47, 0xe73b, 0xf79c, 0xf79c, 0xf79c, 0xf79c, 0xf79c, 0xf79c, 0xf79c, 0xf79c, 0xf79c, 0xf79c, 0xf79c, 0xf79c, 0xf79c,
    0xf79c, 0xf79c, 0xf79c, 0xf79c, 0xf79c, 0xf79c, 0xf79c, 0xf79c, 0xf79c, 0xf79c, 0xf79c, 0xf79c, 0xf79c, 0xf79c, 0xf79c, 0xf79c,
    0xef7c, 0xf79c, 0xfffd, 0xffbd, 0xad94, 0x3268, 0x1184, 0x21e6, 0x21e5, 0x19e5, 0x19e5, 0x19e5, 0x19e5, 0x19e5, 0x19e5, 0x19e5,
    0x19e5, 0x19e5, 0x19e5, 0x19e5, 0x19e5, 0x19e5, 0x19e5, 0x19e5, 0x19e5, 0x19e5, 0x19e5, 0x19e5, 0x19e5, 0x19e5, 0x19e5, 0x19e5,
    0x19e5, 0x19e5, 0x19e5, 0x19e5, 0x19e5, 0x19e5, 0x19e5, 0x19e5, 0x19e5, 0x19e5, 0x19e5, 0x19e5, 0x19e5, 0x19e5, 0x19e5, 0x19e5,
    0x19e5, 0x19e5, 0x19e5, 0x19e5, 0x19e5, 0x19e5, 0x19e5, 0x19e5, 0x19e5, 0x19e5, 0x19e5, 0x19e5, 0x19e5, 0x19e5, 0x19e5, 0x19e5,
    0x19e5, 0x19e5, 0x19e5, 0x19e5, 0x19e5, 0x19e5, 0x19e5, 0x19e5, 0x19e5, 0x19e5, 0x19e5, 0x19e5, 0x19e5, 0x19e5, 0x19e5, 0x19e5,
    0x19e5, 0x19e5, 0x19e5, 0x19e5, 0x19e5, 0x19e5, 0x19e5, 0x19e5, 0x19e5, 0x19e5, 0x19e5, 0x19e5, 0x19e5, 0x19e5, 0x19e5, 0x19e5,
    0x19e5, 0x19e5, 0x19e5, 0x19e5, 0x19e5, 0x19e5, 0x19e5, 0x19e5, 0x19e5, 0x19e5, 0x19e5, 0x19e5, 0x19e5, 0x19e5, 0x19e5, 0x19e5,
    0x19e5, 0x19e5, 0x19e5, 0x19e5, 0x19e5, 0x19e5, 0x21e6, 0x19e5, 0x1184, 0x6c0e, 0xef5b, 0xfffe, 0xf79c, 0xf77c, 0xf79c, 0xf79c,
    0xf79c, 0xf79c, 0xf79c, 0xf79c, 0xf79c, 0xf79c, 0xf79c, 0xf79c, 0xf79c, 0xf79c, 0xf79c, 0xf79c, 0xf79c, 0xf79c, 0xf79c, 0xf79c,
    0xf79c, 0xf79c, 0xf79c, 0xf79c, 0xf79c, 0xf79c, 0xf79c, 0xf79c, 0xf79c, 0xf79c, 0xf79c, 0xf79c, 0xf79c, 0xf79c, 0xf79c, 0xf79c,
    0xf79c, 0xf79c, 0xf79c, 0xf79c, 0xf79c, 0xf79c, 0xf79c, 0xf79c, 0xf79c, 0xf79c, 0xf79c, 0xf77c, 0xfffe, 0x94f2, 0x1184, 0x2206,
    0x19e5, 0x19e5, 0x19e5, 0x19e5, 0x19e5, 0x19e5, 0x19e5, 0x19e5, 0x19e5, 0x2206, 0x1184, 0x6bee, 0xfffd, 0xf77c, 0xf79c, 0xf79c,
    0xf79c, 0xf77c, 0xffdd, 0xce77, 0x19c5, 0x19e5, 0x19e5, 0x19e5, 0x19e5, 0x19e5, 0x19e5, 0x19e5, 0x19e5, 0x19e5, 0x19e5, 0x21e5,
    0x19c5, 0x3aa8, 0xef5b, 0xf79c, 0xf79c, 0xf79c, 0xf79c, 0xf79c, 0xf79c, 0xf79c, 0xf79c, 0xf79c, 0xf79c, 0xf79c, 0xf79c, 0xf79c,
    0xf79c, 0xf79c, 0xf79c, 0xf79c, 0xf79c, 0xf79c, 0xf79c, 0xf79c, 0xf79c, 0xf79c, 0xf79c, 0xf79c, 0xf79c, 0xf79c, 0xf79c, 0xf79c,
    0xf79c, 0xf79c, 0xf77c, 0xf79c, 0xfffe, 0xef5b, 0x6bee, 0x1184, 0x19e5, 0x21e6, 0x19e5, 0x19e5, 0x19e5, 0x19e5, 0x19e5, 0x19e5,
    0x19e5, 0x19e5, 0x19e5, 0x19e5, 0x19e5, 0x19e5, 0x19e5, 0x19e5, 0x19e5, 0x19e5, 0x19e5, 0x19e5, 0x19e5, 0x19e5, 0x19e5, 0x19e5,
    0x19e5, 0x19e5, 0x19e5, 0x19e5, 0x19e5, 0x19e5, 0x19e5, 0x19e5, 0x19e5, 0x19e5, 0x19e5, 0x19e5, 0x19e5, 0x19e5, 0x19e5, 0x19e5,
    0x19e5, 0x19e5, 0x19e5, 0x19e5, 0x19e5, 0x19e5, 0x19e5, 0x19e5, 0x19e5, 0x19e5, 0x19e5, 0x19e5, 0x19e5, 0x19e5, 0x19e5, 0x19e5,
    0x19e5, 0x19e5, 0x19e5, 0x19e5, 0x19e5, 0x19e5, 0x19e5, 0x19e5, 0x19e5, 0x19e5, 0x19e5, 0x19e5, 0x19e5, 0x19e5, 0x19e5, 0x19e5,
    0x19e5, 0x19e5, 0x19e5, 0x19e5, 0x19e5, 0x19e5, 0x19e5, 0x19e5, 0x19e5, 0x19e5, 0x19e5, 0x19e5, 0x19e5, 0x19e5, 0x19e5, 0x19e5,
    0x19e5, 0x19e5, 0x19e5, 0x19e5, 0x19e5, 0x19e5, 0x19e5, 0x19e5, 0x19e5, 0x19e5, 0x19e5, 0x19e5, 0x19e5, 0x19e5, 0x19e5, 0x19e5,
    0x19e5, 0x19e5, 0x19e5, 0x19e5, 0x19e5, 0x21e6, 0x19c5, 0x19e5, 0xa573, 0xfffe, 0xf7bc, 0xef7c, 0xf79c, 0xf79c, 0xf79c, 0xf79c,
    0xf79c, 0xf79c, 0xf79c, 0xf79c, 0xf79c, 0xf79c, 0xf79c, 0xf79c, 0xf79c, 0xf79c, 0xf79c, 0xf79c, 0xf79c, 0xf79c, 0xf79c, 0xf79c,
    0xf79c, 0xf79c, 0xf79c, 0xf79c, 0xf79c, 0xf79c, 0xf79c, 0xf79c, 0xf79c, 0xf79c, 0xf79c, 0xf79c, 0xf79c, 0xf79c, 0xf79c, 0xf79c,
    0xf79c, 0xf79c, 0xf79c, 0xf79c, 0xf79c, 0xf79c, 0xf79c, 0xf79c, 0xf79c, 0xf79c, 0xf79c, 0xef7c, 0xfffe, 0x742e, 0x1184, 0x2206,
    0x19e5, 0x19e5, 0x19e5, 0x19e5, 0x19e5, 0x19e5, 0x19e5, 0x19e5, 0x19e5, 0x2206, 0x1184, 0x6bee, 0xfffd, 0xf77c, 0xf79c, 0xf79c,
    0xf79c, 0xf77c, 0xffdd, 0xce77, 0x19c5, 0x19e5, 0x19e5, 0x19e5, 0x19e5, 0x19e5, 0x19e5, 0x19e5, 0x19e5, 0x19e5, 0x19e5, 0x21e5,
    0x19c5, 0x2206, 0xdefa, 0xf7bd, 0xf79c, 0xf79c, 0xf79c, 0xf79c, 0xf79c, 0xf79c, 0xf79c, 0xf79c, 0xf79c, 0xf79c, 0xf79c, 0xf79c,
    0xf79c, 0xf79c, 0xf79c, 0xf79c, 0xf79c, 0xf79c, 0xf79c, 0xf79c, 0xf79c, 0xf79c, 0xf79c, 0xf79c, 0xf79c, 0xf79c, 0xf79c, 0xf79c,
    0xf79c, 0xf79c, 0xf79c, 0xf79c, 0xef7c, 0xf7bc, 0xfffe, 0xa553, 0x19e5, 0x19c5, 0x21e6, 0x19e5, 0x19e5, 0x19e5, 0x19e5, 0x19e5,
    0x19e5, 0x19e5, 0x19e5, 0x19e5, 0x19e5, 0x19e5, 0x19e5, 0x19e5, 0x19e5, 0x19e5, 0x19e5, 0x19e5, 0x19e5, 0x19e5, 0x19e5, 0x19e5,
    0x19e5, 0x19e5, 0x19e5, 0x19e5, 0x19e5, 0x19e5, 0x19e5, 0x19e5, 0x19e5, 0x19e5, 0x19e5, 0x19e5, 0x19e5, 0x19e5, 0x19e5, 0x19e5,
    0x19e5, 0x19e5, 0x19e5, 0x19e5, 0x19e5, 0x19e5, 0x19e5, 0x19e5, 0x19e5, 0x19e5, 0x19e5, 0x19e5, 0x19e5, 0x19e5, 0x19e5, 0x19e5,
    0x19e5, 0x19e5, 0x19e5, 0x19e5, 0x19e5, 0x19e5, 0x19e5, 0x19e5, 0x19e5, 0x19e5, 0x19e5, 0x19e5, 0x19e5, 0x19e5, 0x19e5, 0x19e5,
    0x19e5, 0x19e5, 0x19e5, 0x19e5, 0x19e5, 0x19e5, 0x19e5, 0x19e5, 0x19e5, 0x19e5, 0x19e5, 0x19e5, 0x19e5, 0x19e5, 0x19e5, 0x19e5,
    0x19e5, 0x19e5, 0x19e5, 0x19e5, 0x19e5, 0x19e5, 0x19e5, 0x19e5, 0x19e5, 0x19e5, 0x19e5, 0x19e5, 0x19e5, 0x19e5, 0x19e5, 0x19e5,
    0x19e5, 0x19e5, 0x19e5, 0x19e5, 0x21e6, 0x19a5, 0x2a26, 0xc657, 0xfffe, 0xf77c, 0xf79c, 0xf79c, 0xf79c, 0xf79c, 0xf79c, 0xf79c,
    0xf79c, 0xf79c, 0xf79c, 0xf79c, 0xf79c, 0xf79c, 0xf79c, 0xf79c, 0xf79c, 0xf79c, 0xf79c, 0xf79c, 0xf79c, 0xf79c, 0xf79c, 0xf79c,
    0xf79c, 0xf79c, 0xf79c, 0xf79c, 0xf79c, 0xf79c, 0xf79c, 0xf79c, 0xf79c, 0xf79c, 0xf79c, 0xf79c, 0xf79c, 0xf79c, 0xf79c, 0xf79c,
    0xf79c, 0xf79c, 0xf79c, 0xf79c, 0xf79c, 0xf79c, 0xf79c, 0xf79c, 0xf79c, 0xf79c, 0xef7c, 0xffbd, 0xe73b, 0x2a47, 0x19c5, 0x21e5,
    0x19e5, 0x19e5, 0x19e5, 0x19e5, 0x19e5, 0x19e5, 0x19e5, 0x19e5, 0x19e5, 0x2206, 0x1184, 0x6bee, 0xfffd, 0xf77c, 0xf79c, 0xf79c,
    0xf79c, 0xf77c, 0xffdd, 0xce77, 0x19c5, 0x19e5, 0x19e5, 0x19e5, 0x19e5, 0x19e5, 0x19e5, 0x19e5, 0x19e5, 0x19e5, 0x19e5, 0x19e5,
    0x2206, 0x1184, 0x8cf1, 0xfffe, 0xef7b, 0xf77c, 0xf79c, 0xf79c, 0xf79c, 0xf79c, 0xf79c, 0xf79c, 0xf79c, 0xf79c, 0xf79c, 0xf79c,
    0xf79c, 0xf79c, 0xf79c, 0xf79c, 0xf79c, 0xf79c, 0xf79c, 0xf79c, 0xf79c, 0xf79c, 0xf79c, 0xf79c, 0xf79c, 0xf79c, 0xf79c, 0xf79c,
    0xf79c, 0xf79c, 0xf79c, 0xf79c, 0xf79c, 0xf79c, 0xf77c, 0xfffe, 0xc637, 0x2a26, 0x19a5, 0x21e6, 0x19e5, 0x19e5, 0x19e5, 0x19e5,
    0x19e5, 0x19e5, 0x19e5, 0x19e5, 0x19e5, 0x19e5, 0x19e5, 0x19e5, 0x19e5, 0x19e5, 0x19e5, 0x19e5, 0x19e5, 0x19e5, 0x19e5, 0x19e5,
    0x19e5, 0x19e5, 0x19e5, 0x19e5, 0x19e5, 0x19e5, 0x19e5, 0x19e5, 0x19e5, 0x19e5, 0x19e5, 0x19e5, 0x19e5, 0x19e5, 0x19e5, 0x19e5,
    0x19e5, 0x19e5, 0x19e5, 0x19e5, 0x19e5, 0x19e5, 0x19e5, 0x19e5, 0x19e5, 0x19e5, 0x19e5, 0x19e5, 0x19e5, 0x19e5, 0x19e5, 0x19e5,
    0x19e5, 0x19e5, 0x19e5, 0x19e5, 0x19e5, 0x19e5, 0x19e5, 0x19e5, 0x19e5, 0x19e5, 0x19e5, 0x19e5, 0x19e5, 0x19e5, 0x19e5, 0x19e5,
    0x19e5, 0x19e5, 0x19e5, 0x19e5, 0x19e5, 0x19e5, 0x19e5, 0x19e5, 0x19e5, 0x19e5, 0x19e5, 0x19e5, 0x19e5, 0x19e5, 0x19e5, 0x19e5,
    0x19e5, 0x19e5, 0x19e5, 0x19e5, 0x19e5, 0x19e5, 0x19e5, 0x19e5, 0x19e5, 0x19e5, 0x19e5, 0x19e5, 0x19e5, 0x19e5, 0x19e5, 0x19e5,
    0x19e5, 0x19e5, 0x19e5, 0x21e6, 0x19c5, 0x2a27, 0xce98, 0xfffe, 0xef7c, 0xf79c, 0xf79c, 0xf79c, 0xf79c, 0xf79c, 0xf79c, 0xf79c,
    0xf79c, 0xf79c, 0xf79c, 0xf77c, 0xf77c, 0xf79c, 0xf79c, 0xffbd, 0xffbd, 0xffbd, 0xffbd, 0xffbd, 0xffbd, 0xffbd, 0xffbd, 0xffbd,
    0xffbd, 0xffbd, 0xffbd, 0xffbd, 0xffbd, 0xffbd, 0xffbd, 0xffbd, 0xffbd, 0xffbd, 0xffbd, 0xffbd, 0xffbd, 0xffbd, 0xffbd, 0xffbd,
    0xffbd, 0xffbd, 0xffbd, 0xffbd, 0xffbd, 0xffbd, 0xffbd, 0xffbd, 0xffbd, 0xffbd, 0xfffe, 0xf79c, 0x5b6c, 0x11a4, 0x21e6, 0x19e5,
    0x19e5, 0x19e5, 0x19e5, 0x19e5, 0x19e5, 0x19e5, 0x19e5, 0x19e5, 0x19e5, 0x2206, 0x1184, 0x6bee, 0xfffd, 0xf77c, 0xf79c, 0xf79c,
    0xf79c, 0xf77c, 0xffdd, 0xce77, 0x19c5, 0x19e5, 0x19e5, 0x19e5, 0x19e5, 0x19e5, 0x19e5, 0x19e5, 0x19e5, 0x19e5, 0x19e5, 0x19e5,
    0x21e5, 0x19e5, 0x21e6, 0xbe16, 0xfffe, 0xffdd, 0xffbd, 0xffbd, 0xffbd, 0xffbd, 0xffbd, 0xffbd, 0xffbd, 0xffbd, 0xffbd, 0xffbd,
    0xffbd, 0xffbd, 0xffbd, 0xffbd, 0xffbd, 0xffbd, 0xffbd, 0xffbd, 0xffbd, 0xf79c, 0xf79c, 0xf77c, 0xf77c, 0xf79c, 0xf79c, 0xf79c,
    0xf79c, 0xf79c, 0xf79c, 0xf79c, 0xf79c, 0xf79c, 0xf79c, 0xef7c, 0xfffe, 0xce98, 0x2a27, 0x19c5, 0x21e6, 0x19e5, 0x19e5, 0x19e5,
    0x19e5, 0x19e5, 0x19e5, 0x19e5, 0x19e5, 0x19e5, 0x19e5, 0x19e5, 0x19e5, 0x19e5, 0x19e5, 0x19e5, 0x19e5, 0x19e5, 0x19e5, 0x19e5,
    0x19e5, 0x19e5, 0x19e5, 0x19e5, 0x19e5, 0x19e5, 0x19e5, 0x19e5, 0x19e5, 0x19e5, 0x19e5, 0x19e5, 0x19e5, 0x19e5, 0x19e5, 0x19e5,
    0x19e5, 0x19e5, 0x19e5, 0x19e5, 0x19e5, 0x19e5, 0x19e5, 0x19e5, 0x19e5, 0x19e5, 0x19e5, 0x19e5, 0x19e5, 0x19e5, 0x19e5, 0x19e5,
    0x19e5, 0x19e5, 0x19e5, 0x19e5, 0x19e5, 0x19e5, 0x19e5, 0x19e5, 0x19e5, 0x19e5, 0x19e5, 0x19e5, 0x19e5, 0x19e5, 0x19e5, 0x19e5,
    0x19e5, 0x19e5, 0x19e5, 0x19e5, 0x19e5, 0x19e5, 0x19e5, 0x19e5, 0x19e5, 0x19e5, 0x19e5, 0x19e5, 0x19e5, 0x19e5, 0x19e5, 0x19e5,
    0x19e5, 0x19e5, 0x19e5, 0x19e5, 0x19e5, 0x19e5, 0x19e5, 0x19e5, 0x19e5, 0x19e5, 0x19e5, 0x19e5, 0x19e5, 0x19e5, 0x19e5, 0x19e5,
    0x19e5, 0x19e5, 0x21e6, 0x19c5, 0x2206, 0xce78, 0xfffe, 0xef7c, 0xf79c, 0xf79c, 0xf79c, 0xf79c, 0xf79c, 0xf79c, 0xf79c, 0xf79c,
    0xf79c, 0xf77c, 0xf79c, 0xfffd, 0xfffe, 0xffbd, 0xef5b, 0xdefa, 0xd6b9, 0xd6b9, 0xd6b9, 0xd6b9, 0xd6b9, 0xd6b9, 0xd6b9, 0xd6b9,
    0xd6b9, 0xd6b9, 0xd6b9, 0xd6b9, 0xd6b9, 0xd6b9, 0xd6b9, 0xd6b9, 0xd6b9, 0xd6b9, 0xd6b9, 0xd6b9, 0xd6b9, 0xd6b9, 0xd6b9, 0xd6b9,
    0xd6b9, 0xd6b9, 0xd6b9, 0xd6b9, 0xd6b9, 0xd6b9, 0xd6b9, 0xd6b9, 0xd6b9, 0xd698, 0xa594, 0x42c9, 0x11a4, 0x21e6, 0x19e5, 0x19e5,
    0x19e5, 0x19e5, 0x19e5, 0x19e5, 0x19e5, 0x19e5, 0x19e5, 0x19e5, 0x19e5, 0x2206, 0x1184, 0x6bee, 0xfffd, 0xf77c, 0xf79c, 0xf79c,
    0xf79c, 0xf77c, 0xffdd, 0xce77, 0x19c5, 0x19e5, 0x19e5, 0x19e5, 0x19e5, 0x19e5, 0x19e5, 0x19e5, 0x19e5, 0x19e5, 0x19e5, 0x19e5,
    0x19e5, 0x21e5, 0x19c5, 0x19e5, 0x7c6f, 0xc657, 0xd6b9, 0xd6b9, 0xd6b9, 0xd6b9, 0xd6b9, 0xd6b9, 0xd6b9, 0xd6b9, 0xd6b9, 0xd6b9,
    0xd6b9, 0xd6b9, 0xd6b9, 0xd6b9, 0xd6b9, 0xd6b9, 0xd6b9, 0xd6b9, 0xdefa, 0xef5b, 0xffbd, 0xfffe, 0xfffd, 0xf79c, 0xf77c, 0xf79c,
    0xf79c, 0xf79c, 0xf79c, 0xf79c, 0xf79c, 0xf79c, 0xf79c, 0xf79c, 0xef7c, 0xfffe, 0xce78, 0x2206, 0x19c5, 0x21e6, 0x19e5, 0x19e5,
    0x19e5, 0x19e5, 0x19e5, 0x19e5, 0x19e5, 0x19e5, 0x19e5, 0x19e5, 0x19e5, 0x19e5, 0x19e5, 0x19e5, 0x19e5, 0x19e5, 0x19e5, 0x19e5,
    0x19e5, 0x19e5, 0x19e5, 0x19e5, 0x19e5, 0x19e5, 0x19e5, 0x19e5, 0x19e5, 0x19e5, 0x19e5, 0x19e5, 0x19e5, 0x19e5, 0x19e5, 0x19e5,
    0x19e5, 0x19e5, 0x19e5, 0x19e5, 0x19e5, 0x19e5, 0x19e5, 0x19e5, 0x19e5, 0x19e5, 0x19e5, 0x19e5, 0x19e5, 0x19e5, 0x19e5, 0x19e5,
    0x19e5, 0x19e5, 0x19e5, 0x19e5, 0x19e5, 0x19e5, 0x19e5, 0x19e5, 0x19e5, 0x19e5, 0x19e5, 0x19e5, 0x19e5, 0x19e5, 0x19e5, 0x19e5,
    0x19e5, 0x19e5, 0x19e5, 0x19e5, 0x19e5, 0x19e5, 0x19e5, 0x19e5, 0x19e5, 0x19e5, 0x19e5, 0x19e5, 0x19e5, 0x19e5, 0x19e5, 0x19e5,
    0x19e5, 0x19e5, 0x19e5, 0x19e5, 0x19e5, 0x19e5, 0x19e5, 0x19e5, 0x19e5, 0x19e5, 0x19e5, 0x19e5, 0x19e5, 0x19e5, 0x19e5, 0x19e5,
    0x19e5, 0x19e5, 0x21e5, 0x11a4, 0xb5d5, 0xfffe, 0xef7c, 0xf79c, 0xf79c, 0xf79c, 0xf79c, 0xf79c, 0xf79c, 0xf79c, 0xf79c, 0xf77c,
    0xffbd, 0xfffe, 0xef5b, 0xb5d5, 0x744f, 0x4b0a, 0x3267, 0x2206, 0x2206, 0x21e6, 0x2206, 0x2206, 0x2206, 0x2206, 0x2206, 0x2206,
    0x2206, 0x2206, 0x2206, 0x2206, 0x2206, 0x2206, 0x2206, 0x2206, 0x2206, 0x2206, 0x2206, 0x2206, 0x2206, 0x2206, 0x2206, 0x2206,
    0x2206, 0x2206, 0x2206, 0x2206, 0x2206, 0x2206, 0x2206, 0x21e6, 0x2206, 0x21e5, 0x1184, 0x11a4, 0x21e6, 0x19e5, 0x19e5, 0x19e5,
    0x19e5, 0x19e5, 0x19e5, 0x19e5, 0x19e5, 0x19e5, 0x19e5, 0x19e5, 0x19e5, 0x2206, 0x1184, 0x6bee, 0xfffd, 0xf77c, 0xf79c, 0xf79c,
    0xf79c, 0xf77c, 0xffdd, 0xce77, 0x19c5, 0x19e5, 0x19e5, 0x19e5, 0x19e5, 0x19e5, 0x19e5, 0x19e5, 0x19e5, 0x19e5, 0x19e5, 0x19e5,
    0x19e5, 0x19e5, 0x21e5, 0x19e5, 0x1184, 0x19c5, 0x2206, 0x21e6, 0x2206, 0x2206, 0x2206, 0x2206, 0x2206, 0x2206, 0x2206, 0x2206,
    0x2206, 0x2206, 0x2206, 0x2206, 0x2206, 0x2206, 0x21e6, 0x2206, 0x2206, 0x3267, 0x4b0a, 0x7c4f, 0xb5d5, 0xef5b, 0xfffe, 0xffbd,
    0xf77c, 0xf79c, 0xf79c, 0xf79c, 0xf79c, 0xf79c, 0xf79c, 0xf79c, 0xf79c, 0xef7c, 0xfffe, 0xb5d5, 0x11a4, 0x21e5, 0x19e5, 0x19e5,
    0x19e5, 0x19e5, 0x19e5, 0x19e5, 0x19e5, 0x19e5, 0x19e5, 0x19e5, 0x19e5, 0x19e5, 0x19e5, 0x19e5, 0x19e5, 0x19e5, 0x19e5, 0x19e5,
    0x19e5, 0x19e5, 0x19e5, 0x19e5, 0x19e5, 0x19e5, 0x19e5, 0x19e5, 0x19e5, 0x19e5, 0x19e5, 0x19e5, 0x19e5, 0x19e5, 0x19e5, 0x19e5,
    0x19e5, 0x19e5, 0x19e5, 0x19e5, 0x19e5, 0x19e5, 0x19e5, 0x19e5, 0x19e5, 0x19e5, 0x19e5, 0x19e5, 0x19e5, 0x19e5, 0x19e5, 0x19e5,
    0x19e5, 0x19e5, 0x19e5, 0x19e5, 0x19e5, 0x19e5, 0x19e5, 0x19e5, 0x19e5, 0x19e5, 0x19e5, 0x19e5, 0x19e5, 0x19e5, 0x19e5, 0x19e5,
    0x19e5, 0x19e5, 0x19e5, 0x19e5, 0x19e5, 0x19e5, 0x19e5, 0x19e5, 0x19e5, 0x19e5, 0x19e5, 0x19e5, 0x19e5, 0x19e5, 0x19e5, 0x19e5,
    0x19e5, 0x19e5, 0x19e5, 0x19e5, 0x19e5, 0x19e5, 0x19e5, 0x19e5, 0x19e5, 0x19e5, 0x19e5, 0x19e5, 0x19e5, 0x19e5, 0x19e5, 0x19e5,
    0x19e5, 0x2206, 0x1184, 0x8cb1, 0xfffe, 0xef7c, 0xf79c, 0xf79c, 0xf79c, 0xf79c, 0xf79c, 0xf79c, 0xf79c, 0xf79c, 0xf79c, 0xfffe,
    0xe71a, 0x8490, 0x3288, 0x11a4, 0x1184, 0x11a4, 0x19c5, 0x19c5, 0x19e5, 0x19e5, 0x19e5, 0x19e5, 0x19e5, 0x19e5, 0x19e5, 0x19e5,
    0x19e5, 0x19e5, 0x19e5, 0x19e5, 0x19e5, 0x19e5, 0x19e5, 0x19e5, 0x19e5, 0x19e5, 0x19e5, 0x19e5, 0x19e5, 0x19e5, 0x19e5, 0x19e5,
    0x19e5, 0x19e5, 0x19e5, 0x19e5, 0x19e5, 0x19e5, 0x19e5, 0x19e5, 0x19e5, 0x19e5, 0x21e6, 0x21e6, 0x19e5, 0x19e5, 0x19e5, 0x19e5,
    0x19e5, 0x19e5, 0x19e5, 0x19e5, 0x19e5, 0x19e5, 0x19e5, 0x19e5, 0x19e5, 0x2206, 0x1184, 0x6bee, 0xfffd, 0xf77c, 0xf79c, 0xf79c,
    0xf79c, 0xf77c, 0xffdd, 0xce77, 0x19c5, 0x19e5, 0x19e5, 0x19e5, 0x19e5, 0x19e5, 0x19e5, 0x19e5, 0x19e5, 0x19e5, 0x19e5, 0x19e5,
    0x19e5, 0x19e5, 0x19e5, 0x21e5, 0x2206, 0x21e5, 0x19e5, 0x19e5, 0x19e5, 0x19e5, 0x19e5, 0x19e5, 0x19e5, 0x19e5, 0x19e5, 0x19e5,
    0x19e5, 0x19e5, 0x19e5, 0x19e5, 0x19e5, 0x19e5, 0x19e5, 0x19e5, 0x19c5, 0x19c5, 0x11a4, 0x1184, 0x11a4, 0x3288, 0x8490, 0xe71a,
    0xfffe, 0xf79c, 0xf79c, 0xf79c, 0xf79c, 0xf79c, 0xf79c, 0xf79c, 0xf79c, 0xf79c, 0xef7c, 0xfffe, 0x84b0, 0x1184, 0x2206, 0x19e5,
    0x19e5, 0x19e5, 0x19e5, 0x19e5, 0x19e5, 0x19e5, 0x19e5, 0x19e5, 0x19e5, 0x19e5, 0x19e5, 0x19e5, 0x19e5, 0x19e5, 0x19e5, 0x19e5,
    0x19e5, 0x19e5, 0x19e5, 0x19e5, 0x19e5, 0x19e5, 0x19e5, 0x19e5, 0x19e5, 0x19e5, 0x19e5, 0x19e5, 0x19e5, 0x19e5, 0x19e5, 0x19e5,
    0x19e5, 0x19e5, 0x19e5, 0x19e5, 0x19e5, 0x19e5, 0x19e5, 0x19e5, 0x19e5, 0x19e5, 0x19e5, 0x19e5, 0x19e5, 0x19e5, 0x19e5, 0x19e5,
    0x19e5, 0x19e5, 0x19e5, 0x19e5, 0x19e5, 0x19e5, 0x19e5, 0x19e5, 0x19e5, 0x19e5, 0x19e5, 0x19e5, 0x19e5, 0x19e5, 0x19e5, 0x19e5,
    0x19e5, 0x19e5, 0x19e5, 0x19e5, 0x19e5, 0x19e5, 0x19e5, 0x19e5, 0x19e5, 0x19e5, 0x19e5, 0x19e5, 0x19e5, 0x19e5, 0x19e5, 0x19e5,
    0x19e5, 0x19e5, 0x19e5, 0x19e5, 0x19e5, 0x19e5, 0x19e5, 0x19e5, 0x19e5, 0x19e5, 0x19e5, 0x19e5, 0x19e5, 0x19e5, 0x19e5, 0x19e5,
    0x21e6, 0x11a4, 0x4b2a, 0xffbd, 0xf79c, 0xf79c, 0xf79c, 0xf79c, 0xf79c, 0xf79c, 0xf79c, 0xf79c, 0xf77c, 0xffbd, 0xffbd, 0x9512,
    0x2a26, 0x1184, 0x19c5, 0x21e6, 0x2206, 0x21e6, 0x21e5, 0x21e5, 0x21e5, 0x21e5, 0x21e5, 0x21e5, 0x21e5, 0x21e5, 0x21e5, 0x21e5,
    0x21e5, 0x21e5, 0x21e5, 0x21e5, 0x21e5, 0x21e5, 0x21e5, 0x21e5, 0x21e5, 0x21e5, 0x21e5, 0x21e5, 0x21e5, 0x21e5, 0x21e5, 0x21e5,
    0x21e5, 0x21e5, 0x21e5, 0x21e5, 0x21e5, 0x21e5, 0x21e5, 0x21e5, 0x21e5, 0x19e5, 0x19e5, 0x19e5, 0x19e5, 0x19e5, 0x19e5, 0x19e5,
    0x19e5, 0x19e5, 0x19e5, 0x19e5, 0x19e5, 0x19e5, 0x19e5, 0x19e5, 0x19e5, 0x2206, 0x1184, 0x6bee, 0xfffd, 0xf77c, 0xf79c, 0xf79c,
    0xf79c, 0xf77c, 0xffdd, 0xce77, 0x19c5, 0x19e5, 0x19e5, 0x19e5, 0x19e5, 0x19e5, 0x19e5, 0x19e5, 0x19e5, 0x19e5, 0x19e5, 0x19e5,
    0x19e5, 0x19e5, 0x19e5, 0x19e5, 0x19e5, 0x19e5, 0x21e5, 0x21e5, 0x21e5, 0x21e5, 0x21e5, 0x21e5, 0x21e5, 0x21e5, 0x21e5, 0x21e5,
    0x21e5, 0x21e5, 0x21e5, 0x21e5, 0x21e5, 0x21e5, 0x21e5, 0x21e5, 0x21e5, 0x21e5, 0x21e6, 0x2206, 0x21e6, 0x19c5, 0x0984, 0x2a27,
    0x9512, 0xffbd, 0xffbd, 0xf77c, 0xf79c, 0xf79c, 0xf79c, 0xf79c, 0xf79c, 0xf79c, 0xf79c, 0xf79c, 0xf7bd, 0x4b2a, 0x11a4, 0x21e6,
    0x19e5, 0x19e5, 0x19e5, 0x19e5, 0x19e5, 0x19e5, 0x19e5, 0x19e5, 0x19e5, 0x19e5, 0x19e5, 0x19e5, 0x19e5, 0x19e5, 0x19e5, 0x19e5,
    0x19e5, 0x19e5, 0x19e5, 0x19e5, 0x19e5, 0x19e5, 0x19e5, 0x19e5, 0x19e5, 0x19e5, 0x19e5, 0x19e5, 0x19e5, 0x19e5, 0x19e5, 0x19e5,
    0x19e5, 0x19e5, 0x19e5, 0x19e5, 0x19e5, 0x19e5, 0x19e5, 0x19e5, 0x19e5, 0x19e5, 0x19e5, 0x19e5, 0x19e5, 0x19e5, 0x19e5, 0x19e5,
    0x19e5, 0x19e5, 0x19e5, 0x19e5, 0x19e5, 0x19e5, 0x19e5, 0x19e5, 0x19e5, 0x19e5, 0x19e5, 0x19e5, 0x19e5, 0x19e5, 0x19e5, 0x19e5,
    0x19e5, 0x19e5, 0x19e5, 0x19e5, 0x19e5, 0x19e5, 0x19e5, 0x19e5, 0x19e5, 0x19e5, 0x19e5, 0x19e5, 0x19e5, 0x19e5, 0x19e5, 0x19e5,
    0x19e5, 0x19e5, 0x19e5, 0x19e5, 0x19e5, 0x19e5, 0x19e5, 0x19e5, 0x19e5, 0x19e5, 0x19e5, 0x19e5, 0x19e5, 0x19e5, 0x19e5, 0x21e5,
    0x19e5, 0x19e5, 0xce98, 0xffdd, 0xf77c, 0xf79c, 0xf79c, 0xf79c, 0xf79c, 0xf79c, 0xf79c, 0xf77c, 0xffdd, 0xe73a, 0x536b, 0x0964,
    0x19c5, 0x2206, 0x21e5, 0x19e5, 0x19e5, 0x19e5, 0x19e5, 0x19e5, 0x19e5, 0x19e5, 0x19e5, 0x19e5, 0x19e5, 0x19e5, 0x19e5, 0x19e5,
    0x19e5, 0x19e5, 0x19e5, 0x19e5, 0x19e5, 0x19e5, 0x19e5, 0x19e5, 0x19e5, 0x19e5, 0x19e5, 0x19e5, 0x19e5, 0x19e5, 0x19e5, 0x19e5,
    0x19e5, 0x19e5, 0x19e5, 0x19e5, 0x19e5, 0x19e5, 0x19e5, 0x19e5, 0x19e5, 0x19e5, 0x19e5, 0x19e5, 0x19e5, 0x19e5, 0x19e5, 0x19e5,
    0x19e5, 0x19e5, 0x19e5, 0x19e5, 0x19e5, 0x19e5, 0x19e5, 0x19e5, 0x19e5, 0x2206, 0x1184, 0x6bee, 0xfffd, 0xf77c, 0xf79c, 0xf79c,
    0xf79c, 0xf77c, 0xffdd, 0xce77, 0x19c5, 0x19e5, 0x19e5, 0x19e5, 0x19e5, 0x19e5, 0x19e5, 0x19e5, 0x19e5, 0x19e5, 0x19e5, 0x19e5,
    0x19e5, 0x19e5, 0x19e5, 0x19e5, 0x19e5, 0x19e5, 0x19e5, 0x19e5, 0x19e5, 0x19e5, 0x19e5, 0x19e5, 0x19e5, 0x19e5, 0x19e5, 0x19e5,
    0x19e5, 0x19e5, 0x19e5, 0x19e5, 0x19e5, 0x19e5, 0x19e5, 0x19e5, 0x19e5, 0x19e5, 0x19e5, 0x19e5, 0x19e5, 0x21e5, 0x2206, 0x19c5,
    0x0964, 0x536b, 0xe73b, 0xffdd, 0xf77c, 0xf79c, 0xf79c, 0xf79c, 0xf79c, 0xf79c, 0xf79c, 0xf77c, 0xffdd, 0xce78, 0x19c5, 0x19e5,
    0x21e5, 0x19e5, 0x19e5, 0x19e5, 0x19e5, 0x19e5, 0x19e5, 0x19e5, 0x19e5, 0x19e5, 0x19e5, 0x19e5, 0x19e5, 0x19e5, 0x19e5, 0x19e5,
    0x19e5, 0x19e5, 0x19e5, 0x19e5, 0x19e5, 0x19e5, 0x19e5, 0x19e5, 0x19e5, 0x19e5, 0x19e5, 0x19e5, 0x19e5, 0x19e5, 0x19e5, 0x19e5,
    0x19e5, 0x19e5, 0x19e5, 0x19e5, 0x19e5, 0x19e5, 0x19e5, 0x19e5, 0x19e5, 0x19e5, 0x19e5, 0x19e5, 0x19e5, 0x19e5, 0x19e5, 0x19e5,
    0x19e5, 0x19e5, 0x19e5, 0x19e5, 0x19e5, 0x19e5, 0x19e5, 0x19e5, 0x19e5, 0x19e5, 0x19e5, 0x19e5, 0x19e5, 0x19e5, 0x19e5, 0x19e5,
    0x19e5, 0x19e5, 0x19e5, 0x19e5, 0x19e5, 0x19e5, 0x19e5, 0x19e5, 0x19e5, 0x19e5, 0x19e5, 0x19e5, 0x19e5, 0x19e5, 0x19e5, 0x19e5,
    0x19e5, 0x19e5, 0x19e5, 0x19e5, 0x19e5, 0x19e5, 0x19e5, 0x19e5, 0x19e5, 0x19e5, 0x19e5, 0x19e5, 0x19e5, 0x19e5, 0x19e5, 0x2206,
    0x1184, 0x744f, 0xfffe, 0xf77c, 0xf79c, 0xf79c, 0xf79c, 0xf79c, 0xf79c, 0xf79c, 0xf77c, 0xffdd, 0xd6d9, 0x3288, 0x1184, 0x2206,
    0x21e5, 0x19e5, 0x19e5, 0x19e5, 0x19e5, 0x19e5, 0x19e5, 0x19e5, 0x19e5, 0x19e5, 0x19e5, 0x19e5, 0x19e5, 0x19e5, 0x19e5, 0x19e5,
    0x19e5, 0x19e5, 0x19e5, 0x19e5, 0x19e5, 0x19e5, 0x19e5, 0x19e5, 0x19e5, 0x19e5, 0x19e5, 0x19e5, 0x19e5, 0x19e5, 0x19e5, 0x19e5,
    0x19e5, 0x19e5, 0x19e5, 0x19e5, 0x19e5, 0x19e5, 0x19e5, 0x19e5, 0x19e5, 0x19e5, 0x19e5, 0x19e5, 0x19e5, 0x19e5, 0x19e5, 0x19e5,
    0x19e5, 0x19e5, 0x19e5, 0x19e5, 0x19e5, 0x19e5, 0x19e5, 0x19e5, 0x19e5, 0x2206, 0x1184, 0x6bee, 0xfffd, 0xf77c, 0xf79c, 0xf79c,
    0xf79c, 0xf77c, 0xffdd, 0xce77, 0x19c5, 0x19e5, 0x19e5, 0x19e5, 0x19e5, 0x19e5, 0x19e5, 0x19e5, 0x19e5, 0x19e5, 0x19e5, 0x19e5,
    0x19e5, 0x19e5, 0x19e5, 0x19e5, 0x19e5, 0x19e5, 0x19e5, 0x19e5, 0x19e5, 0x19e5, 0x19e5, 0x19e5, 0x19e5, 0x19e5, 0x19e5, 0x19e5,
    0x19e5, 0x19e5, 0x19e5, 0x19e5, 0x19e5, 0x19e5, 0x19e5, 0x19e5, 0x19e5, 0x19e5, 0x19e5, 0x19e5, 0x19e5, 0x19e5, 0x19e5, 0x21e5,
    0x2206, 0x1184, 0x3288, 0xd6d9, 0xffdd, 0xf77c, 0xf79c, 0xf79c, 0xf79c, 0xf79c, 0xf79c, 0xf79c, 0xf77c, 0xfffe, 0x742f, 0x1184,
    0x2206, 0x19e5, 0x19e5, 0x19e5, 0x19e5, 0x19e5, 0x19e5, 0x19e5, 0x19e5, 0x19e5, 0x19e5, 0x19e5, 0x19e5, 0x19e5, 0x19e5, 0x19e5,
    0x19e5, 0x19e5, 0x19e5, 0x19e5, 0x19e5, 0x19e5, 0x19e5, 0x19e5, 0x19e5, 0x19e5, 0x19e5, 0x19e5, 0x19e5, 0x19e5, 0x19e5, 0x19e5,
    0x19e5, 0x19e5, 0x19e5, 0x19e5, 0x19e5, 0x19e5, 0x19e5, 0x19e5, 0x19e5, 0x19e5, 0x19e5, 0x19e5, 0x19e5, 0x19e5, 0x19e5, 0x19e5,
    0x19e5, 0x19e5, 0x19e5, 0x19e5, 0x19e5, 0x19e5, 0x19e5, 0x19e5, 0x19e5, 0x19e5, 0x19e5, 0x19e5, 0x19e5, 0x19e5, 0x19e5, 0x19e5,
    0x19e5, 0x19e5, 0x19e5, 0x19e5, 0x19e5, 0x19e5, 0x19e5, 0x19e5, 0x19e5, 0x19e5, 0x19e5, 0x19e5, 0x19e5, 0x19e5, 0x19e5, 0x19e5,
    0x19e5, 0x19e5, 0x19e5, 0x19e5, 0x19e5, 0x19e5, 0x19e5, 0x19e5, 0x19e5, 0x19e5, 0x19e5, 0x19e5, 0x19e5, 0x19e5, 0x21e5, 0x19c5,
    0x2226, 0xdefa, 0xffbd, 0xf79c, 0xf79c, 0xf79c, 0xf79c, 0xf79c, 0xf79c, 0xf77c, 0xffbd, 0xdefa, 0x3267, 0x11a4, 0x2206, 0x19e5,
    0x19e5, 0x19e5, 0x19e5, 0x19e5, 0x19e5, 0x19e5, 0x19e5, 0x19e5, 0x19e5, 0x19e5, 0x19e5, 0x19e5, 0x19e5, 0x19e5, 0x19e5, 0x19e5,
    0x19e5, 0x19e5, 0x19e5, 0x19e5, 0x19e5, 0x19e5, 0x19e5, 0x19e5, 0x19e5, 0x19e5, 0x19e5, 0x19e5, 0x19e5, 0x19e5, 0x19e5, 0x19e5,
    0x19e5, 0x19e5, 0x19e5, 0x19e5, 0x19e5, 0x19e5, 0x19e5, 0x19e5, 0x19e5, 0x19e5, 0x19e5, 0x19e5, 0x19e5, 0x19e5, 0x19e5, 0x19e5,
    0x19e5, 0x19e5, 0x19e5, 0x19e5, 0x19e5, 0x19e5, 0x19e5, 0x19e5, 0x19e5, 0x2206, 0x1184, 0x6bee, 0xfffd, 0xf77c, 0xf79c, 0xf79c,
    0xf79c, 0xf77c, 0xffdd, 0xce77, 0x19c5, 0x19e5, 0x19e5, 0x19e5, 0x19e5, 0x19e5, 0x19e5, 0x19e5, 0x19e5, 0x19e5, 0x19e5, 0x19e5,
    0x19e5, 0x19e5, 0x19e5, 0x19e5, 0x19e5, 0x19e5, 0x19e5, 0x19e5, 0x19e5, 0x19e5, 0x19e5, 0x19e5, 0x19e5, 0x19e5, 0x19e5, 0x19e5,
    0x19e5, 0x19e5, 0x19e5, 0x19e5, 0x19e5, 0x19e5, 0x19e5, 0x19e5, 0x19e5, 0x19e5, 0x19e5, 0x19e5, 0x19e5, 0x19e5, 0x19e5, 0x19e5,
    0x19e5, 0x2206, 0x11a4, 0x3267, 0xdefa, 0xffbd, 0xf77c, 0xf79c, 0xf79c, 0xf79c, 0xf79c, 0xf79c, 0xf79c, 0xffbd, 0xdef9, 0x2206,
    0x19c5, 0x21e5, 0x19e5, 0x19e5, 0x19e5, 0x19e5, 0x19e5, 0x19e5, 0x19e5, 0x19e5, 0x19e5, 0x19e5, 0x19e5, 0x19e5, 0x19e5, 0x19e5,
    0x19e5, 0x19e5, 0x19e5, 0x19e5, 0x19e5, 0x19e5, 0x19e5, 0x19e5, 0x19e5, 0x19e5, 0x19e5, 0x19e5, 0x19e5, 0x19e5, 0x19e5, 0x19e5,
    0x19e5, 0x19e5, 0x19e5, 0x19e5, 0x19e5, 0x19e5, 0x19e5, 0x19e5, 0x19e5, 0x19e5, 0x19e5, 0x19e5, 0x19e5, 0x19e5, 0x19e5, 0x19e5,
    0x19e5, 0x19e5, 0x19e5, 0x19e5, 0x19e5, 0x19e5, 0x19e5, 0x19e5, 0x19e5, 0x19e5, 0x19e5, 0x19e5, 0x19e5, 0x19e5, 0x19e5, 0x19e5,
    0x19e5, 0x19e5, 0x19e5, 0x19e5, 0x19e5, 0x19e5, 0x19e5, 0x19e5, 0x19e5, 0x19e5, 0x19e5, 0x19e5, 0x19e5, 0x19e5, 0x19e5, 0x19e5,
    0x19e5, 0x19e5, 0x19e5, 0x19e5, 0x19e5, 0x19e5, 0x19e5, 0x19e5, 0x19e5, 0x19e5, 0x19e5, 0x19e5, 0x19e5, 0x19e5, 0x2206, 0x1184,
    0x742f, 0xfffe, 0xf77c, 0xf79c, 0xf79c, 0xf79c, 0xf79c, 0xf79c, 0xf79c, 0xf79c, 0xef7c, 0x42e9, 0x1184, 0x2206, 0x19e5, 0x19e5,
    0x19e5, 0x19e5, 0x19e5, 0x19e5, 0x19e5, 0x19e5, 0x19e5, 0x19e5, 0x19e5, 0x19e5, 0x19e5, 0x19e5, 0x19e5, 0x19e5, 0x19e5, 0x19e5,
    0x19e5, 0x19e5, 0x19e5, 0x19e5, 0x19e5, 0x19e5, 0x19e5, 0x19e5, 0x19e5, 0x19e5, 0x19e5, 0x19e5, 0x19e5, 0x19e5, 0x19e5, 0x19e5,
    0x19e5, 0x19e5, 0x19e5, 0x19e5, 0x19e5, 0x19e5, 0x19e5, 0x19e5, 0x19e5, 0x19e5, 0x19e5, 0x19e5, 0x19e5, 0x19e5, 0x19e5, 0x19e5,
    0x19e5, 0x19e5, 0x19e5, 0x19e5, 0x19e5, 0x19e5, 0x19e5, 0x19e5, 0x19e5, 0x2206, 0x1184, 0x6bee, 0xfffd, 0xf77c, 0xf79c, 0xf79c,
    0xf79c, 0xf77c, 0xffdd, 0xce77, 0x19c5, 0x19e5, 0x19e5, 0x19e5, 0x19e5, 0x19e5, 0x19e5, 0x19e5, 0x19e5, 0x19e5, 0x19e5, 0x19e5,
    0x19e5, 0x19e5, 0x19e5, 0x19e5, 0x19e5, 0x19e5, 0x19e5, 0x19e5, 0x19e5, 0x19e5, 0x19e5, 0x19e5, 0x19e5, 0x19e5, 0x19e5, 0x19e5,
    0x19e5, 0x19e5, 0x19e5, 0x19e5, 0x19e5, 0x19e5, 0x19e5, 0x19e5, 0x19e5, 0x19e5, 0x19e5, 0x19e5, 0x19e5, 0x19e5, 0x19e5, 0x19e5,
    0x19e5, 0x19e5, 0x2206, 0x1184, 0x42e9, 0xef7c, 0xf79c, 0xf79c, 0xf79c, 0xf79c, 0xf79c, 0xf79c, 0xf79c, 0xf77c, 0xfffe, 0x742e,
    0x1184, 0x2206, 0x19e5, 0x19e5, 0x19e5, 0x19e5, 0x19e5, 0x19e5, 0x19e5, 0x19e5, 0x19e5, 0x19e5, 0x19e5, 0x19e5, 0x19e5, 0x19e5,
    0x19e5, 0x19e5, 0x19e5, 0x19e5, 0x19e5, 0x19e5, 0x19e5, 0x19e5, 0x19e5, 0x19e5, 0x19e5, 0x19e5, 0x19e5, 0x19e5, 0x19e5, 0x19e5,
    0x19e5, 0x19e5, 0x19e5, 0x19e5, 0x19e5, 0x19e5, 0x19e5, 0x19e5, 0x19e5, 0x19e5, 0x19e5, 0x19e5, 0x19e5, 0x19e5, 0x19e5, 0x19e5,
    0x19e5, 0x19e5, 0x19e5, 0x19e5, 0x19e5, 0x19e5, 0x19e5, 0x19e5, 0x19e5, 0x19e5, 0x19e5, 0x19e5, 0x19e5, 0x19e5, 0x19e5, 0x19e5,
    0x19e5, 0x19e5, 0x19e5, 0x19e5, 0x19e5, 0x19e5, 0x19e5, 0x19e5, 0x19e5, 0x19e5, 0x19e5, 0x19e5, 0x19e5, 0x19e5, 0x19e5, 0x19e5,
    0x19e5, 0x19e5, 0x19e5, 0x19e5, 0x19e5, 0x19e5, 0x19e5, 0x19e5, 0x19e5, 0x19e5, 0x19e5, 0x19e5, 0x19e5, 0x19e5, 0x21e5, 0x19c5,
    0xce78, 0xffdd, 0xf77c, 0xf79c, 0xf79c, 0xf79c, 0xf79c, 0xf79c, 0xf77c, 0xfffe, 0x742e, 0x0964, 0x2206, 0x19e5, 0x19e5, 0x19e5,
    0x19e5, 0x19e5, 0x19e5, 0x19e5, 0x19e5, 0x19e5, 0x19e5, 0x19e5, 0x19e5, 0x19e5, 0x19e5, 0x19e5, 0x19e5, 0x19e5, 0x19e5, 0x19e5,
    0x19e5, 0x19e5, 0x19e5, 0x19e5, 0x19e5, 0x19e5, 0x19e5, 0x19e5, 0x19e5, 0x19e5, 0x19e5, 0x19e5, 0x19e5, 0x19e5, 0x19e5, 0x19e5,
    0x19e5, 0x19e5, 0x19e5, 0x19e5, 0x19e5, 0x19e5, 0x19e5, 0x19e5, 0x19e5, 0x19e5, 0x19e5, 0x19e5, 0x19e5, 0x19e5, 0x19e5, 0x19e5,
    0x19e5, 0x19e5, 0x19e5, 0x19e5, 0x19e5, 0x19e5, 0x19e5, 0x19e5, 0x19e5, 0x2206, 0x1184, 0x6bee, 0xfffd, 0xf77c, 0xf79c, 0xf79c,
    0xf79c, 0xf77c, 0xffdd, 0xce77, 0x19c5, 0x19e5, 0x19e5, 0x19e5, 0x19e5, 0x19e5, 0x19e5, 0x19e5, 0x19e5, 0x19e5, 0x19e5, 0x19e5,
    0x19e5, 0x19e5, 0x19e5, 0x19e5, 0x19e5, 0x19e5, 0x19e5, 0x19e5, 0x19e5, 0x19e5, 0x19e5, 0x19e5, 0x19e5, 0x19e5, 0x19e5, 0x19e5,
    0x19e5, 0x19e5, 0x19e5, 0x19e5, 0x19e5, 0x19e5, 0x19e5, 0x19e5, 0x19e5, 0x19e5, 0x19e5, 0x19e5, 0x19e5, 0x19e5, 0x19e5, 0x19e5,
    0x19e5, 0x19e5, 0x19e5, 0x2206, 0x0964, 0x742f, 0xfffe, 0xf77c, 0xf79c, 0xf79c, 0xf79c, 0xf79c, 0xf79c, 0xf77c, 0xffdd, 0xce77,
    0x19c5, 0x21e5, 0x19e5, 0x19e5, 0x19e5, 0x19e5, 0x19e5, 0x19e5, 0x19e5, 0x19e5, 0x19e5, 0x19e5, 0x19e5, 0x19e5, 0x19e5, 0x19e5,
    0x19e5, 0x19e5, 0x19e5, 0x19e5, 0x19e5, 0x19e5, 0x19e5, 0x19e5, 0x19e5, 0x19e5, 0x19e5, 0x19e5, 0x19e5, 0x19e5, 0x19e5, 0x19e5,
    0x19e5, 0x19e5, 0x19e5, 0x19e5, 0x19e5, 0x19e5, 0x19e5, 0x19e5, 0x19e5, 0x19e5, 0x19e5, 0x19e5, 0x19e5, 0x19e5, 0x19e5, 0x19e5,
    0x19e5, 0x19e5, 0x19e5, 0x19e5, 0x19e5, 0x19e5, 0x19e5, 0x19e5, 0x19e5, 0x19e5, 0x19e5, 0x19e5, 0x19e5, 0x19e5, 0x19e5, 0x19e5,
    0x19e5, 0x19e5, 0x19e5, 0x19e5, 0x19e5, 0x19e5, 0x19e5, 0x19e5, 0x19e5, 0x19e5, 0x19e5, 0x19e5, 0x19e5, 0x19e5, 0x19e5, 0x19e5,
    0x19e5, 0x19e5, 0x19e5, 0x19e5, 0x19e5, 0x19e5, 0x19e5, 0x19e5, 0x19e5, 0x19e5, 0x19e5, 0x19e5, 0x19e5, 0x21e6, 0x11a4, 0x4b0a,
    0xf7bd, 0xf79c, 0xf79c, 0xf79c, 0xf79c, 0xf79c, 0xf79c, 0xf77c, 0xffdd, 0xbe37, 0x11a4, 0x21e6, 0x19e5, 0x19e5, 0x19e5, 0x19e5,
    0x19e5, 0x19e5, 0x19e5, 0x19e5, 0x19e5, 0x19e5, 0x19e5, 0x19e5, 0x19e5, 0x19e5, 0x19e5, 0x19e5, 0x19e5, 0x19e5, 0x19e5, 0x19e5,
    0x19e5, 0x19e5, 0x19e5, 0x19e5, 0x19e5, 0x19e5, 0x19e5, 0x19e5, 0x19e5, 0x19e5, 0x19e5, 0x19e5, 0x19e5, 0x19e5, 0x19e5, 0x19e5,
    0x19e5, 0x19e5, 0x19e5, 0x19e5, 0x19e5, 0x19e5, 0x19e5, 0x19e5, 0x19e5, 0x19e5, 0x19e5, 0x19e5, 0x19e5, 0x19e5, 0x19e5, 0x19e5,
    0x19e5, 0x19e5, 0x19e5, 0x19e5, 0x19e5, 0x19e5, 0x19e5, 0x19e5, 0x19e5, 0x2206, 0x1184, 0x6bee, 0xfffd, 0xf77c, 0xf79c, 0xf79c,
    0xf79c, 0xf77c, 0xffdd, 0xce77, 0x19c5, 0x19e5, 0x19e5, 0x19e5, 0x19e5, 0x19e5, 0x19e5, 0x19e5, 0x19e5, 0x19e5, 0x19e5, 0x19e5,
    0x19e5, 0x19e5, 0x19e5, 0x19e5, 0x19e5, 0x19e5, 0x19e5, 0x19e5, 0x19e5, 0x19e5, 0x19e5, 0x19e5, 0x19e5, 0x19e5, 0x19e5, 0x19e5,
    0x19e5, 0x19e5, 0x19e5, 0x19e5, 0x19e5, 0x19e5, 0x19e5, 0x19e5, 0x19e5, 0x19e5, 0x19e5, 0x19e5, 0x19e5, 0x19e5, 0x19e5, 0x19e5,
    0x19e5, 0x19e5, 0x19e5, 0x19e5, 0x21e6, 0x11a4, 0xc637, 0xffdd, 0xf77c, 0xf79c, 0xf79c, 0xf79c, 0xf79c, 0xf79c, 0xf79c, 0xf7bd,
    0x4b0a, 0x11a4, 0x21e6, 0x19e5, 0x19e5, 0x19e5, 0x19e5, 0x19e5, 0x19e5, 0x19e5, 0x19e5, 0x19e5, 0x19e5, 0x19e5, 0x19e5, 0x19e5,
    0x19e5, 0x19e5, 0x19e5, 0x19e5, 0x19e5, 0x19e5, 0x19e5, 0x19e5, 0x19e5, 0x19e5, 0x19e5, 0x19e5, 0x19e5, 0x19e5, 0x19e5, 0x19e5,
    0x19e5, 0x19e5, 0x19e5, 0x19e5, 0x19e5, 0x19e5, 0x19e5, 0x19e5, 0x19e5, 0x19e5, 0x19e5, 0x19e5, 0x19e5, 0x19e5, 0x19e5, 0x19e5,
    0x19e5, 0x19e5, 0x19e5, 0x19e5, 0x19e5, 0x19e5, 0x19e5, 0x19e5, 0x19e5, 0x19e5, 0x19e5, 0x19e5, 0x19e5, 0x19e5, 0x19e5, 0x19e5,
    0x19e5, 0x19e5, 0x19e5, 0x19e5, 0x19e5, 0x19e5, 0x19e5, 0x19e5, 0x19e5, 0x19e5, 0x19e5, 0x19e5, 0x19e5, 0x19e5, 0x19e5, 0x19e5,
    0x19e5, 0x19e5, 0x19e5, 0x19e5, 0x19e5, 0x19e5, 0x19e5, 0x19e5, 0x19e5, 0x19e5, 0x19e5, 0x19e5, 0x19e5, 0x2206, 0x1184, 0x8cd1,
    0xfffe, 0xf77c, 0xf79c, 0xf79c, 0xf79c, 0xf79c, 0xf79c, 0xf79c, 0xffbd, 0x534b, 0x11a4, 0x2206, 0x19e5, 0x19e5, 0x19e5, 0x19e5,
    0x19e5, 0x19e5, 0x19e5, 0x19e5, 0x19e5, 0x19e5, 0x19e5, 0x19e5, 0x19e5, 0x19e5, 0x19e5, 0x19e5, 0x19e5, 0x19e5, 0x19e5, 0x19e5,
    0x19e5, 0x19e5, 0x19e5, 0x19e5, 0x19e5, 0x19e5, 0x19e5, 0x19e5, 0x19e5, 0x19e5, 0x19e5, 0x19e5, 0x19e5, 0x19e5, 0x19e5, 0x19e5,
    0x19e5, 0x19e5, 0x19e5, 0x19e5, 0x19e5, 0x19e5, 0x19e5, 0x19e5, 0x19e5, 0x19e5, 0x19e5, 0x19e5, 0x19e5, 0x19e5, 0x19e5, 0x19e5,
    0x19e5, 0x19e5, 0x19e5, 0x19e5, 0x19e5, 0x19e5, 0x19e5, 0x19e5, 0x19e5, 0x2206, 0x1184, 0x6bee, 0xfffd, 0xf77c, 0xf79c, 0xf79c,
    0xf79c, 0xf77c, 0xffdd, 0xce77, 0x19c5, 0x19e5, 0x19e5, 0x19e5, 0x19e5, 0x19e5, 0x19e5, 0x19e5, 0x19e5, 0x19e5, 0x19e5, 0x19e5,
    0x19e5, 0x19e5, 0x19e5, 0x19e5, 0x19e5, 0x19e5, 0x19e5, 0x19e5, 0x19e5, 0x19e5, 0x19e5, 0x19e5, 0x19e5, 0x19e5, 0x19e5, 0x19e5,
    0x19e5, 0x19e5, 0x19e5, 0x19e5, 0x19e5, 0x19e5, 0x19e5, 0x19e5, 0x19e5, 0x19e5, 0x19e5, 0x19e5, 0x19e5, 0x19e5, 0x19e5, 0x19e5,
    0x19e5, 0x19e5, 0x19e5, 0x19e5, 0x2206, 0x11a4, 0x534b, 0xffbd, 0xf79c, 0xf79c, 0xf79c, 0xf79c, 0xf79c, 0xf79c, 0xf77c, 0xfffe,
    0x8cd1, 0x1184, 0x2206, 0x19e5, 0x19e5, 0x19e5, 0x19e5, 0x19e5, 0x19e5, 0x19e5, 0x19e5, 0x19e5, 0x19e5, 0x19e5, 0x19e5, 0x19e5,
    0x19e5, 0x19e5, 0x19e5, 0x19e5, 0x19e5, 0x19e5, 0x19e5, 0x19e5, 0x19e5, 0x19e5, 0x19e5, 0x19e5, 0x19e5, 0x19e5, 0x19e5, 0x19e5,
    0x19e5, 0x19e5, 0x19e5, 0x19e5, 0x19e5, 0x19e5, 0x19e5, 0x19e5, 0x19e5, 0x19e5, 0x19e5, 0x19e5, 0x19e5, 0x19e5, 0x19e5, 0x19e5,
    0x19e5, 0x19e5, 0x19e5, 0x19e5, 0x19e5, 0x19e5, 0x19e5, 0x19e5, 0x19e5, 0x19e5, 0x19e5, 0x19e5, 0x19e5, 0x19e5, 0x19e5, 0x19e5,
    0x19e5, 0x19e5, 0x19e5, 0x19e5, 0x19e5, 0x19e5, 0x19e5, 0x19e5, 0x19e5, 0x19e5, 0x19e5, 0x19e5, 0x19e5, 0x19e5, 0x19e5, 0x19e5,
    0x19e5, 0x19e5, 0x19e5, 0x19e5, 0x19e5, 0x19e5, 0x19e5, 0x19e5, 0x19e5, 0x19e5, 0x19e5, 0x19e5, 0x19e5, 0x21e5, 0x19c5, 0xc657,
    0xffdd, 0xf77c, 0xf79c, 0xf79c, 0xf79c, 0xf79c, 0xf77c, 0xffdd, 0xc637, 0x19a5, 0x21e5, 0x19e5, 0x19e5, 0x19e5, 0x19e5, 0x19e5,
    0x19e5, 0x19e5, 0x19e5, 0x19e5, 0x19e5, 0x19e5, 0x19e5, 0x19e5, 0x19e5, 0x19e5, 0x19e5, 0x19e5, 0x19e5, 0x19e5, 0x19e5, 0x19e5,
    0x19e5, 0x19e5, 0x19e5, 0x19e5, 0x19e5, 0x19e5, 0x19e5, 0x19e5, 0x19e5, 0x19e5, 0x19e5, 0x19e5, 0x19e5, 0x19e5, 0x19e5, 0x19e5,
    0x19e5, 0x19e5, 0x19e5, 0x19e5, 0x19e5, 0x19e5, 0x19e5, 0x19e5, 0x19e5, 0x19e5, 0x19e5, 0x19e5, 0x19e5, 0x19e5, 0x19e5, 0x19e5,
    0x19e5, 0x19e5, 0x19e5, 0x19e5, 0x19e5, 0x19e5, 0x19e5, 0x19e5, 0x19e5, 0x2206, 0x1184, 0x6bee, 0xfffd, 0xf77c, 0xf79c, 0xf79c,
    0xf79c, 0xf77c, 0xffdd, 0xce77, 0x19c5, 0x19e5, 0x19e5, 0x19e5, 0x19e5, 0x19e5, 0x19e5, 0x19e5, 0x19e5, 0x19e5, 0x19e5, 0x19e5,
    0x19e5, 0x19e5, 0x19e5, 0x19e5, 0x19e5, 0x19e5, 0x19e5, 0x19e5, 0x19e5, 0x19e5, 0x19e5, 0x19e5, 0x19e5, 0x19e5, 0x19e5, 0x19e5,
    0x19e5, 0x19e5, 0x19e5, 0x19e5, 0x19e5, 0x19e5, 0x19e5, 0x19e5, 0x19e5, 0x19e5, 0x19e5, 0x19e5, 0x19e5, 0x19e5, 0x19e5, 0x19e5,
    0x19e5, 0x19e5, 0x19e5, 0x19e5, 0x19e5, 0x21e5, 0x19a5, 0xc637, 0xffdd, 0xf77c, 0xf79c, 0xf79c, 0xf79c, 0xf79c, 0xf77c, 0xffdd,
    0xc657, 0x19c5, 0x21e5, 0x19e5, 0x19e5, 0x19e5, 0x19e5, 0x19e5, 0x19e5, 0x19e5, 0x19e5, 0x19e5, 0x19e5, 0x19e5, 0x19e5, 0x19e5,
    0x19e5, 0x19e5, 0x19e5, 0x19e5, 0x19e5, 0x19e5, 0x19e5, 0x19e5, 0x19e5, 0x19e5, 0x19e5, 0x19e5, 0x19e5, 0x19e5, 0x19e5, 0x19e5,
    0x19e5, 0x19e5, 0x19e5, 0x19e5, 0x19e5, 0x19e5, 0x19e5, 0x19e5, 0x19e5, 0x19e5, 0x19e5, 0x19e5, 0x19e5, 0x19e5, 0x19e5, 0x19e5,
    0x19e5, 0x19e5, 0x19e5, 0x19e5, 0x19e5, 0x19e5, 0x19e5, 0x19e5, 0x19e5, 0x19e5, 0x19e5, 0x19e5, 0x19e5, 0x19e5, 0x19e5, 0x19e5,
    0x19e5, 0x19e5, 0x19e5, 0x19e5, 0x19e5, 0x19e5, 0x19e5, 0x19e5, 0x19e5, 0x19e5, 0x19e5, 0x19e5, 0x19e5, 0x19e5, 0x19e5, 0x19e5,
    0x19e5, 0x19e5, 0x19e5, 0x19e5, 0x19e5, 0x19e5, 0x19e5, 0x19e5, 0x19e5, 0x19e5, 0x19e5, 0x19e5, 0x21e5, 0x19c5, 0x3268, 0xef5b,
    0xf79c, 0xf79c, 0xf79c, 0xf79c, 0xf79c, 0xf79c, 0xf77c, 0xfffe, 0x740e, 0x1184, 0x2206, 0x19e5, 0x19e5, 0x19e5, 0x19e5, 0x19e5,
    0x19e5, 0x19e5, 0x19e5, 0x19e5, 0x19e5, 0x19e5, 0x19e5, 0x19e5, 0x19e5, 0x19e5, 0x19e5, 0x19e5, 0x19e5, 0x19e5, 0x19e5, 0x19e5,
    0x19e5, 0x19e5, 0x19e5, 0x19e5, 0x19e5, 0x19e5, 0x19e5, 0x19e5, 0x19e5, 0x19e5, 0x19e5, 0x19e5, 0x19e5, 0x19e5, 0x19e5, 0x19e5,
    0x19e5, 0x19e5, 0x19e5, 0x19e5, 0x19e5, 0x19e5, 0x19e5, 0x19e5, 0x19e5, 0x19e5, 0x19e5, 0x19e5, 0x19e5, 0x19e5, 0x19e5, 0x19e5,
    0x19e5, 0x19e5, 0x19e5, 0x19e5, 0x19e5, 0x19e5, 0x19e5, 0x19e5, 0x19e5, 0x2206, 0x1184, 0x6bee, 0xfffd, 0xf77c, 0xf79c, 0xf79c,
    0xf79c, 0xf77c, 0xffdd, 0xce77, 0x19c5, 0x19e5, 0x19e5, 0x19e5, 0x19e5, 0x19e5, 0x19e5, 0x19e5, 0x19e5, 0x19e5, 0x19e5, 0x19e5,
    0x19e5, 0x19e5, 0x19e5, 0x19e5, 0x19e5, 0x19e5, 0x19e5, 0x19e5, 0x19e5, 0x19e5, 0x19e5, 0x19e5, 0x19e5, 0x19e5, 0x19e5, 0x19e5,
    0x19e5, 0x19e5, 0x19e5, 0x19e5, 0x19e5, 0x19e5, 0x19e5, 0x19e5, 0x19e5, 0x19e5, 0x19e5, 0x19e5, 0x19e5, 0x19e5, 0x19e5, 0x19e5,
    0x19e5, 0x19e5, 0x19e5, 0x19e5, 0x19e5, 0x2206, 0x1184, 0x742e, 0xfffe, 0xf77c, 0xf79c, 0xf79c, 0xf79c, 0xf79c, 0xf79c, 0xf79c,
    0xef5b, 0x3267, 0x19c5, 0x21e5, 0x19e5, 0x19e5, 0x19e5, 0x19e5, 0x19e5, 0x19e5, 0x19e5, 0x19e5, 0x19e5, 0x19e5, 0x19e5, 0x19e5,
    0x19e5, 0x19e5, 0x19e5, 0x19e5, 0x19e5, 0x19e5, 0x19e5, 0x19e5, 0x19e5, 0x19e5, 0x19e5, 0x19e5, 0x19e5, 0x19e5, 0x19e5, 0x19e5,
    0x19e5, 0x19e5, 0x19e5, 0x19e5, 0x19e5, 0x19e5, 0x19e5, 0x19e5, 0x19e5, 0x19e5, 0x19e5, 0x19e5, 0x19e5, 0x19e5, 0x19e5, 0x19e5,
    0x19e5, 0x19e5, 0x19e5, 0x19e5, 0x19e5, 0x19e5, 0x19e5, 0x19e5, 0x19e5, 0x19e5, 0x19e5, 0x19e5, 0x19e5, 0x19e5, 0x19e5, 0x19e5,
    0x19e5, 0x19e5, 0x19e5, 0x19e5, 0x19e5, 0x19e5, 0x19e5, 0x19e5, 0x19e5, 0x19e5, 0x19e5, 0x19e5, 0x19e5, 0x19e5, 0x19e5, 0x19e5,
    0x19e5, 0x19e5, 0x19e5, 0x19e5, 0x19e5, 0x19e5, 0x19e5, 0x19e5, 0x19e5, 0x19e5, 0x19e5, 0x19e5, 0x21e6, 0x11a4, 0x534b, 0xffdd,
    0xf79c, 0xf79c, 0xf79c, 0xf79c, 0xf79c, 0xf79c, 0xf79c, 0xef7b, 0x3a88, 0x19c5, 0x21e5, 0x19e5, 0x19e5, 0x19e5, 0x19e5, 0x19e5,
    0x19e5, 0x19e5, 0x19e5, 0x19e5, 0x19e5, 0x19e5, 0x19e5, 0x19e5, 0x19e5, 0x19e5, 0x19e5, 0x19e5, 0x19e5, 0x19e5, 0x19e5, 0x19e5,
    0x19e5, 0x19e5, 0x19e5, 0x19e5, 0x19e5, 0x19e5, 0x19e5, 0x19e5, 0x19e5, 0x19e5, 0x19e5, 0x19e5, 0x19e5, 0x19e5, 0x19e5, 0x19e5,
    0x19e5, 0x19e5, 0x19e5, 0x19e5, 0x19e5, 0x19e5, 0x19e5, 0x19e5, 0x19e5, 0x19e5, 0x19e5, 0x19e5, 0x19e5, 0x19e5, 0x19e5, 0x19e5,
    0x19e5, 0x19e5, 0x19e5, 0x19e5, 0x19e5, 0x19e5, 0x19e5, 0x19e5, 0x19e5, 0x2206, 0x1184, 0x6bee, 0xfffd, 0xf77c, 0xf79c, 0xf79c,
    0xf79c, 0xf77c, 0xffdd, 0xce77, 0x19c5, 0x19e5, 0x19e5, 0x19e5, 0x19e5, 0x19e5, 0x19e5, 0x19e5, 0x19e5, 0x19e5, 0x19e5, 0x19e5,
    0x19e5, 0x19e5, 0x19e5, 0x19e5, 0x19e5, 0x19e5, 0x19e5, 0x19e5, 0x19e5, 0x19e5, 0x19e5, 0x19e5, 0x19e5, 0x19e5, 0x19e5, 0x19e5,
    0x19e5, 0x19e5, 0x19e5, 0x19e5, 0x19e5, 0x19e5, 0x19e5, 0x19e5, 0x19e5, 0x19e5, 0x19e5, 0x19e5, 0x19e5, 0x19e5, 0x19e5, 0x19e5,
    0x19e5, 0x19e5, 0x19e5, 0x19e5, 0x19e5, 0x21e5, 0x19c5, 0x3a88, 0xef7b, 0xf79c, 0xf79c, 0xf79c, 0xf79c, 0xf79c, 0xf79c, 0xf79c,
    0xffdd, 0x534b, 0x11a4, 0x21e6, 0x19e5, 0x19e5, 0x19e5, 0x19e5, 0x19e5, 0x19e5, 0x19e5, 0x19e5, 0x19e5, 0x19e5, 0x19e5, 0x19e5,
    0x19e5, 0x19e5, 0x19e5, 0x19e5, 0x19e5, 0x19e5, 0x19e5, 0x19e5, 0x19e5, 0x19e5, 0x19e5, 0x19e5, 0x19e5, 0x19e5, 0x19e5, 0x19e5,
    0x19e5, 0x19e5, 0x19e5, 0x19e5, 0x19e5, 0x19e5, 0x19e5, 0x19e5, 0x19e5, 0x19e5, 0x19e5, 0x19e5, 0x19e5, 0x19e5, 0x19e5, 0x19e5,
    0x19e5, 0x19e5, 0x19e5, 0x19e5, 0x19e5, 0x19e5, 0x19e5, 0x19e5, 0x19e5, 0x19e5, 0x19e5, 0x19e5, 0x19e5, 0x19e5, 0x19e5, 0x19e5,
    0x19e5, 0x19e5, 0x19e5, 0x19e5, 0x19e5, 0x19e5, 0x19e5, 0x19e5, 0x19e5, 0x19e5, 0x19e5, 0x19e5, 0x19e5, 0x19e5, 0x19e5, 0x19e5,
    0x19e5, 0x19e5, 0x19e5, 0x19e5, 0x19e5, 0x19e5, 0x19e5, 0x19e5, 0x19e5, 0x19e5, 0x19e5, 0x19e5, 0x2206, 0x1184, 0x742f, 0xfffe,
    0xf77c, 0xf79c, 0xf79c, 0xf79c, 0xf79c, 0xf77c, 0xffdd, 0xce78, 0x19c5, 0x19e5, 0x19e5, 0x19e5, 0x19e5, 0x19e5, 0x19e5, 0x19e5,
    0x19e5, 0x19e5, 0x19e5, 0x19e5, 0x19e5, 0x19e5, 0x19e5, 0x19e5, 0x19e5, 0x19e5, 0x19e5, 0x19e5, 0x19e5, 0x19e5, 0x19e5, 0x19e5,
    0x19e5, 0x19e5, 0x19e5, 0x19e5, 0x19e5, 0x19e5, 0x19e5, 0x19e5, 0x19e5, 0x19e5, 0x19e5, 0x19e5, 0x19e5, 0x19e5, 0x19e5, 0x19e5,
    0x19e5, 0x19e5, 0x19e5, 0x19e5, 0x19e5, 0x19e5, 0x19e5, 0x19e5, 0x19e5, 0x19e5, 0x19e5, 0x19e5, 0x19e5, 0x19e5, 0x19e5, 0x19e5,
    0x19e5, 0x19e5, 0x19e5, 0x19e5, 0x19e5, 0x19e5, 0x19e5, 0x19e5, 0x19e5, 0x2206, 0x1184, 0x6bee, 0xfffd, 0xf77c, 0xf79c, 0xf79c,
    0xf79c, 0xf77c, 0xffdd, 0xce77, 0x19c5, 0x19e5, 0x19e5, 0x19e5, 0x19e5, 0x19e5, 0x19e5, 0x19e5, 0x19e5, 0x19e5, 0x19e5, 0x19e5,
    0x19e5, 0x19e5, 0x19e5, 0x19e5, 0x19e5, 0x19e5, 0x19e5, 0x19e5, 0x19e5, 0x19e5, 0x19e5, 0x19e5, 0x19e5, 0x19e5, 0x19e5, 0x19e5,
    0x19e5, 0x19e5, 0x19e5, 0x19e5, 0x19e5, 0x19e5, 0x19e5, 0x19e5, 0x19e5, 0x19e5, 0x19e5, 0x19e5, 0x19e5, 0x19e5, 0x19e5, 0x19e5,
    0x19e5, 0x19e5, 0x19e5, 0x19e5, 0x19e5, 0x19e5, 0x19e5, 0x19c5, 0xce78, 0xffdd, 0xf77c, 0xf79c, 0xf79c, 0xf79c, 0xf79c, 0xf77c,
    0xfffe, 0x742e, 0x1184, 0x2206, 0x19e5, 0x19e5, 0x19e5, 0x19e5, 0x19e5, 0x19e5, 0x19e5, 0x19e5, 0x19e5, 0x19e5, 0x19e5, 0x19e5,
    0x19e5, 0x19e5, 0x19e5, 0x19e5, 0x19e5, 0x19e5, 0x19e5, 0x19e5, 0x19e5, 0x19e5, 0x19e5, 0x19e5, 0x19e5, 0x19e5, 0x19e5, 0x19e5,
    0x19e5, 0x19e5, 0x19e5, 0x19e5, 0x19e5, 0x19e5, 0x19e5, 0x19e5, 0x19e5, 0x19e5, 0x19e5, 0x19e5, 0x19e5, 0x19e5, 0x19e5, 0x19e5,
    0x19e5, 0x19e5, 0x19e5, 0x19e5, 0x19e5, 0x19e5, 0x19e5, 0x19e5, 0x19e5, 0x19e5, 0x19e5, 0x19e5, 0x19e5, 0x19e5, 0x19e5, 0x19e5,
    0x19e5, 0x19e5, 0x19e5, 0x19e5, 0x19e5, 0x19e5, 0x19e5, 0x19e5, 0x19e5, 0x19e5, 0x19e5, 0x19e5, 0x19e5, 0x19e5, 0x19e5, 0x19e5,
    0x19e5, 0x19e5, 0x19e5, 0x19e5, 0x19e5, 0x19e5, 0x19e5, 0x19e5, 0x19e5, 0x19e5, 0x19e5, 0x19e5, 0x2206, 0x1184, 0x8cd1, 0xfffe,
    0xf77c, 0xf79c, 0xf79c, 0xf79c, 0xf79c, 0xf77c, 0xfffe, 0xa594, 0x1184, 0x21e6, 0x19e5, 0x19e5, 0x19e5, 0x19e5, 0x19e5, 0x19e5,
    0x19e5, 0x19e5, 0x19e5, 0x19e5, 0x19e5, 0x19e5, 0x19e5, 0x19e5, 0x19e5, 0x19e5, 0x19e5, 0x19e5, 0x19e5, 0x19e5, 0x19e5, 0x19e5,
    0x19e5, 0x19e5, 0x19e5, 0x19e5, 0x19e5, 0x19e5, 0x19e5, 0x19e5, 0x19e5, 0x19e5, 0x19e5, 0x19e5, 0x19e5, 0x19e5, 0x19e5, 0x19e5,
    0x19e5, 0x19e5, 0x19e5, 0x19e5, 0x19e5, 0x19e5, 0x19e5, 0x19e5, 0x19e5, 0x19e5, 0x19e5, 0x19e5, 0x19e5, 0x19e5, 0x19e5, 0x19e5,
    0x19e5, 0x19e5, 0x19e5, 0x19e5, 0x19e5, 0x19e5, 0x19e5, 0x19e5, 0x19e5, 0x2206, 0x1184, 0x6bee, 0xfffd, 0xf77c, 0xf79c, 0xf79c,
    0xf79c, 0xf77c, 0xffdd, 0xce77, 0x19c5, 0x19e5, 0x19e5, 0x19e5, 0x19e5, 0x19e5, 0x19e5, 0x19e5, 0x19e5, 0x19e5, 0x19e5, 0x19e5,
    0x19e5, 0x19e5, 0x19e5, 0x19e5, 0x19e5, 0x19e5, 0x19e5, 0x19e5, 0x19e5, 0x19e5, 0x19e5, 0x19e5, 0x19e5, 0x19e5, 0x19e5, 0x19e5,
    0x19e5, 0x19e5, 0x19e5, 0x19e5, 0x19e5, 0x19e5, 0x19e5, 0x19e5, 0x19e5, 0x19e5, 0x19e5, 0x19e5, 0x19e5, 0x19e5, 0x19e5, 0x19e5,
    0x19e5, 0x19e5, 0x19e5, 0x19e5, 0x19e5, 0x19e5, 0x21e6, 0x1184, 0xa594, 0xfffe, 0xf77c, 0xf79c, 0xf79c, 0xf79c, 0xf79c, 0xf77c,
    0xfffe, 0x8cd1, 0x1184, 0x2206, 0x19e5, 0x19e5, 0x19e5, 0x19e5, 0x19e5, 0x19e5, 0x19e5, 0x19e5, 0x19e5, 0x19e5, 0x19e5, 0x19e5,
    0x19e5, 0x19e5, 0x19e5, 0x19e5, 0x19e5, 0x19e5, 0x19e5, 0x19e5, 0x19e5, 0x19e5, 0x19e5, 0x19e5, 0x19e5, 0x19e5, 0x19e5, 0x19e5,
    0x19e5, 0x19e5, 0x19e5, 0x19e5, 0x19e5, 0x19e5, 0x19e5, 0x19e5, 0x19e5, 0x19e5, 0x19e5, 0x19e5, 0x19e5, 0x19e5, 0x19e5, 0x19e5,
    0x19e5, 0x19e5, 0x19e5, 0x19e5, 0x19e5, 0x19e5, 0x19e5, 0x19e5, 0x19e5, 0x19e5, 0x19e5, 0x19e5, 0x19e5, 0x19e5, 0x19e5, 0x19e5,
    0x19e5, 0x19e5, 0x19e5, 0x19e5, 0x19e5, 0x19e5, 0x19e5, 0x19e5, 0x19e5, 0x19e5, 0x19e5, 0x19e5, 0x19e5, 0x19e5, 0x19e5, 0x19e5,
    0x19e5, 0x19e5, 0x19e5, 0x19e5, 0x19e5, 0x19e5, 0x19e5, 0x19e5, 0x19e5, 0x19e5, 0x19e5, 0x19e5, 0x2206, 0x1184, 0xa553, 0xfffe,
    0xf77c, 0xf79c, 0xf79c, 0xf79c, 0xf79c, 0xf77c, 0xfffe, 0x8cd1, 0x1184, 0x2206, 0x19e5, 0x19e5, 0x19e5, 0x19e5, 0x19e5, 0x19e5,
    0x19e5, 0x19e5, 0x19e5, 0x19e5, 0x19e5, 0x19e5, 0x19e5, 0x19e5, 0x19e5, 0x19e5, 0x19e5, 0x19e5, 0x19e5, 0x19e5, 0x19e5, 0x19e5,
    0x19e5, 0x19e5, 0x19e5, 0x19e5, 0x19e5, 0x19e5, 0x19e5, 0x19e5, 0x19e5, 0x19e5, 0x19e5, 0x19e5, 0x19e5, 0x19e5, 0x19e5, 0x19e5,
    0x19e5, 0x19e5, 0x19e5, 0x19e5, 0x19e5, 0x19e5, 0x19e5, 0x19e5, 0x19e5, 0x19e5, 0x19e5, 0x19e5, 0x19e5, 0x19e5, 0x19e5, 0x19e5,
    0x19e5, 0x19e5, 0x19e5, 0x19e5, 0x19e5, 0x19e5, 0x19e5, 0x19e5, 0x19e5, 0x2206, 0x1184, 0x6bee, 0xfffd, 0xf77c, 0xf79c, 0xf79c,
    0xf79c, 0xf77c, 0xffdd, 0xce77, 0x19c5, 0x19e5, 0x19e5, 0x19e5, 0x19e5, 0x19e5, 0x19e5, 0x19e5, 0x19e5, 0x19e5, 0x19e5, 0x19e5,
    0x19e5, 0x19e5, 0x19e5, 0x19e5, 0x19e5, 0x19e5, 0x19e5, 0x19e5, 0x19e5, 0x19e5, 0x19e5, 0x19e5, 0x19e5, 0x19e5, 0x19e5, 0x19e5,
    0x19e5, 0x19e5, 0x19e5, 0x19e5, 0x19e5, 0x19e5, 0x19e5, 0x19e5, 0x19e5, 0x19e5, 0x19e5, 0x19e5, 0x19e5, 0x19e5, 0x19e5, 0x19e5,
    0x19e5, 0x19e5, 0x19e5, 0x19e5, 0x19e5, 0x19e5, 0x2206, 0x1184, 0x8cd1, 0xfffe, 0xf77c, 0xf79c, 0xf79c, 0xf79c, 0xf79c, 0xf77c,
    0xfffe, 0x9d53, 0x1184, 0x2206, 0x19e5, 0x19e5, 0x19e5, 0x19e5, 0x19e5, 0x19e5, 0x19e5, 0x19e5, 0x19e5, 0x19e5, 0x19e5, 0x19e5,
    0x19e5, 0x19e5, 0x19e5, 0x19e5, 0x19e5, 0x19e5, 0x19e5, 0x19e5, 0x19e5, 0x19e5, 0x19e5, 0x19e5, 0x19e5, 0x19e5, 0x19e5, 0x19e5,
    0x19e5, 0x19e5, 0x19e5, 0x19e5, 0x19e5, 0x19e5, 0x19e5, 0x19e5, 0x19e5, 0x19e5, 0x19e5, 0x19e5, 0x19e5, 0x19e5, 0x19e5, 0x19e5,
    0x19e5, 0x19e5, 0x19e5, 0x19e5, 0x19e5, 0x19e5, 0x19e5, 0x19e5, 0x19e5, 0x19e5, 0x19e5, 0x19e5, 0x19e5, 0x19e5, 0x19e5, 0x19e5,
    0x19e5, 0x19e5, 0x19e5, 0x19e5, 0x19e5, 0x19e5, 0x19e5, 0x19e5, 0x19e5, 0x19e5, 0x19e5, 0x19e5, 0x19e5, 0x19e5, 0x19e5, 0x19e5,
    0x19e5, 0x19e5, 0x19e5, 0x19e5, 0x19e5, 0x19e5, 0x19e5, 0x19e5, 0x19e5, 0x19e5, 0x19e5, 0x19e5, 0x21e6, 0x1184, 0xad94, 0xfffe,
    0xf77c, 0xf79c, 0xf79c, 0xf79c, 0xf79c, 0xf77c, 0xfffe, 0x7c70, 0x1184, 0x2206, 0x19e5, 0x19e5, 0x19e5, 0x19e5, 0x19e5, 0x19e5,
    0x19e5, 0x19e5, 0x19e5, 0x19e5, 0x19e5, 0x19e5, 0x19e5, 0x19e5, 0x19e5, 0x19e5, 0x19e5, 0x19e5, 0x19e5, 0x19e5, 0x19e5, 0x19e5,
    0x19e5, 0x19e5, 0x19e5, 0x19e5, 0x19e5, 0x19e5, 0x19e5, 0x19e5, 0x19e5, 0x19e5, 0x19e5, 0x19e5, 0x19e5, 0x19e5, 0x19e5, 0x19e5,
    0x19e5, 0x19e5, 0x19e5, 0x19e5, 0x19e5, 0x19e5, 0x19e5, 0x19e5, 0x19e5, 0x19e5, 0x19e5, 0x19e5, 0x19e5, 0x19e5, 0x19e5, 0x19e5,
    0x19e5, 0x19e5, 0x19e5, 0x19e5, 0x19e5, 0x19e5, 0x19e5, 0x19e5, 0x19e5, 0x2206, 0x1184, 0x6bee, 0xfffd, 0xf77c, 0xf79c, 0xf79c,
    0xf79c, 0xf77c, 0xffdd, 0xce77, 0x19c5, 0x19e5, 0x19e5, 0x19e5, 0x19e5, 0x19e5, 0x19e5, 0x19e5, 0x19e5, 0x19e5, 0x19e5, 0x19e5,
    0x19e5, 0x19e5, 0x19e5, 0x19e5, 0x19e5, 0x19e5, 0x19e5, 0x19e5, 0x19e5, 0x19e5, 0x19e5, 0x19e5, 0x19e5, 0x19e5, 0x19e5, 0x19e5,
    0x19e5, 0x19e5, 0x19e5, 0x19e5, 0x19e5, 0x19e5, 0x19e5, 0x19e5, 0x19e5, 0x19e5, 0x19e5, 0x19e5, 0x19e5, 0x19e5, 0x19e5, 0x19e5,
    0x19e5, 0x19e5, 0x19e5, 0x19e5, 0x19e5, 0x19e5, 0x2206, 0x1184, 0x7c70, 0xfffe, 0xf77c, 0xf79c, 0xf79c, 0xf79c, 0xf79c, 0xf77c,
    0xfffe, 0xad94, 0x1184, 0x21e6, 0x19e5, 0x19e5, 0x19e5, 0x19e5, 0x19e5, 0x19e5, 0x19e5, 0x19e5, 0x19e5, 0x19e5, 0x19e5, 0x19e5,
    0x19e5, 0x19e5, 0x19e5, 0x19e5, 0x19e5, 0x19e5, 0x19e5, 0x19e5, 0x19e5, 0x19e5, 0x19e5, 0x19e5, 0x19e5, 0x19e5, 0x19e5, 0x19e5,
    0x19e5, 0x19e5, 0x19e5, 0x19e5, 0x19e5, 0x19e5, 0x19e5, 0x19e5, 0x19e5, 0x19e5, 0x19e5, 0x19e5, 0x19e5, 0x19e5, 0x19e5, 0x19e5,
    0x19e5, 0x19e5, 0x19e5, 0x19e5, 0x19e5, 0x19e5, 0x19e5, 0x19e5, 0x19e5, 0x19e5, 0x19e5, 0x19e5, 0x19e5, 0x19e5, 0x19e5, 0x19e5,
    0x19e5, 0x19e5, 0x19e5, 0x19e5, 0x19e5, 0x19e5, 0x19e5, 0x19e5, 0x19e5, 0x19e5, 0x19e5, 0x19e5, 0x19e5, 0x19e5, 0x19e5, 0x19e5,
    0x19e5, 0x19e5, 0x19e5, 0x19e5, 0x19e5, 0x19e5, 0x19e5, 0x19e5, 0x19e5, 0x19e5, 0x19e5, 0x19e5, 0x21e6, 0x1184, 0xad94, 0xfffe,
    0xf77c, 0xf79c, 0xf79c, 0xf79c, 0xf79c, 0xf77c, 0xfffe, 0x7c4f, 0x1184, 0x2206, 0x19e5, 0x19e5, 0x19e5, 0x19e5, 0x19e5, 0x19e5,
    0x19e5, 0x19e5, 0x19e5, 0x19e5, 0x19e5, 0x19e5, 0x19e5, 0x19e5, 0x19e5, 0x19e5, 0x19e5, 0x19e5, 0x19e5, 0x19e5, 0x19e5, 0x19e5,
    0x19e5, 0x19e5, 0x19e5, 0x19e5, 0x19e5, 0x19e5, 0x19e5, 0x19e5, 0x19e5, 0x19e5, 0x19e5, 0x19e5, 0x19e5, 0x19e5, 0x19e5, 0x19e5,
    0x19e5, 0x19e5, 0x19e5, 0x19e5, 0x19e5, 0x19e5, 0x19e5, 0x19e5, 0x19e5, 0x19e5, 0x19e5, 0x19e5, 0x19e5, 0x19e5, 0x19e5, 0x19e5,
    0x19e5, 0x19e5, 0x19e5, 0x19e5, 0x19e5, 0x19e5, 0x19e5, 0x19e5, 0x19e5, 0x2206, 0x1184, 0x6bee, 0xfffd, 0xf77c, 0xf79c, 0xf79c,
    0xf79c, 0xf77c, 0xffdd, 0xce77, 0x19c5, 0x19e5, 0x19e5, 0x19e5, 0x19e5, 0x19e5, 0x19e5, 0x19e5, 0x19e5, 0x19e5, 0x19e5, 0x19e5,
    0x19e5, 0x19e5, 0x19e5, 0x19e5, 0x19e5, 0x19e5, 0x19e5, 0x19e5, 0x19e5, 0x19e5, 0x19e5, 0x19e5, 0x19e5, 0x19e5, 0x19e5, 0x19e5,
    0x19e5, 0x19e5, 0x19e5, 0x19e5, 0x19e5, 0x19e5, 0x19e5, 0x19e5, 0x19e5, 0x19e5, 0x19e5, 0x19e5, 0x19e5, 0x19e5, 0x19e5, 0x19e5,
    0x19e5, 0x19e5, 0x19e5, 0x19e5, 0x19e5, 0x19e5, 0x2206, 0x1184, 0x7c4f, 0xfffe, 0xf77c, 0xf79c, 0xf79c, 0xf79c, 0xf79c, 0xf77c,
    0xfffe, 0xad94, 0x1184, 0x21e6, 0x19e5, 0x19e5, 0x19e5, 0x19e5, 0x19e5, 0x19e5, 0x19e5, 0x19e5, 0x19e5, 0x19e5, 0x19e5, 0x19e5,
    0x19e5, 0x19e5, 0x19e5, 0x19e5, 0x19e5, 0x19e5, 0x19e5, 0x19e5, 0x19e5, 0x19e5, 0x19e5, 0x19e5, 0x19e5, 0x19e5, 0x19e5, 0x19e5,
    0x19e5, 0x19e5, 0x19e5, 0x19e5, 0x19e5, 0x19e5, 0x19e5, 0x19e5, 0x19e5, 0x19e5, 0x19e5, 0x19e5, 0x19e5, 0x19e5, 0x19e5, 0x19e5,
    0x19e5, 0x19e5, 0x19e5, 0x19e5, 0x19e5, 0x19e5, 0x19e5, 0x19e5, 0x19e5, 0x19e5, 0x19e5, 0x19e5, 0x19e5, 0x19e5, 0x19e5, 0x19e5,
    0x19e5, 0x19e5, 0x19e5, 0x19e5, 0x19e5, 0x19e5, 0x19e5, 0x19e5, 0x19e5, 0x19e5, 0x19e5, 0x19e5, 0x19e5, 0x19e5, 0x19e5, 0x19e5,
    0x19e5, 0x19e5, 0x19e5, 0x19e5, 0x19e5, 0x19e5, 0x19e5, 0x19e5, 0x19e5, 0x19e5, 0x19e5, 0x19e5, 0x21e6, 0x1184, 0xad94, 0xfffe,
    0xf77c, 0xf79c, 0xf79c, 0xf79c, 0xf79c, 0xf77c, 0xfffe, 0x7c4f, 0x1184, 0x2206, 0x19e5, 0x19e5, 0x19e5, 0x19e5, 0x19e5, 0x19e5,
    0x19e5, 0x19e5, 0x19e5, 0x19e5, 0x19e5, 0x19e5, 0x19e5, 0x19e5, 0x19e5, 0x19e5, 0x19e5, 0x19e5, 0x19e5, 0x19e5, 0x19e5, 0x19e5,
    0x19e5, 0x19e5, 0x19e5, 0x19e5, 0x19e5, 0x19e5, 0x19e5, 0x19e5, 0x19e5, 0x19e5, 0x19e5, 0x19e5, 0x19e5, 0x19e5, 0x19e5, 0x19e5,
    0x19e5, 0x19e5, 0x19e5, 0x19e5, 0x19e5, 0x19e5, 0x19e5, 0x19e5, 0x19e5, 0x19e5, 0x19e5, 0x19e5, 0x19e5, 0x19e5, 0x19e5, 0x19e5,
    0x19e5, 0x19e5, 0x19e5, 0x19e5, 0x19e5, 0x19e5, 0x19e5, 0x19e5, 0x19e5, 0x2206, 0x1184, 0x6bee, 0xfffd, 0xf77c, 0xf79c, 0xf79c,
    0xf79c, 0xf77c, 0xffdd, 0xce77, 0x19c5, 0x19e5, 0x19e5, 0x19e5, 0x19e5, 0x19e5, 0x19e5, 0x19e5, 0x19e5, 0x19e5, 0x19e5, 0x19e5,
    0x19e5, 0x19e5, 0x19e5, 0x19e5, 0x19e5, 0x19e5, 0x19e5, 0x19e5, 0x19e5, 0x19e5, 0x19e5, 0x19e5, 0x19e5, 0x19e5, 0x19e5, 0x19e5,
    0x19e5, 0x19e5, 0x19e5, 0x19e5, 0x19e5, 0x19e5, 0x19e5, 0x19e5, 0x19e5, 0x19e5, 0x19e5, 0x19e5, 0x19e5, 0x19e5, 0x19e5, 0x19e5,
    0x19e5, 0x19e5, 0x19e5, 0x19e5, 0x19e5, 0x19e5, 0x2206, 0x1184, 0x7c4f, 0xfffe, 0xf77c, 0xf79c, 0xf79c, 0xf79c, 0xf79c, 0xf77c,
    0xfffe, 0xad94, 0x1184, 0x21e6, 0x19e5, 0x19e5, 0x19e5, 0x19e5, 0x19e5, 0x19e5, 0x19e5, 0x19e5, 0x19e5, 0x19e5, 0x19e5, 0x19e5,
    0x19e5, 0x19e5, 0x19e5, 0x19e5, 0x19e5, 0x19e5, 0x19e5, 0x19e5, 0x19e5, 0x19e5, 0x19e5, 0x19e5, 0x19e5, 0x19e5, 0x19e5, 0x19e5,
    0x19e5, 0x19e5, 0x19e5, 0x19e5, 0x19e5, 0x19e5, 0x19e5, 0x19e5, 0x19e5, 0x19e5, 0x19e5, 0x19e5, 0x19e5, 0x19e5, 0x19e5, 0x19e5,
    0x19e5, 0x19e5, 0x19e5, 0x19e5, 0x19e5, 0x19e5, 0x19e5, 0x19e5, 0x19e5, 0x19e5, 0x19e5, 0x19e5, 0x19e5, 0x19e5, 0x19e5, 0x19e5,
    0x19e5, 0x19e5, 0x19e5, 0x19e5, 0x19e5, 0x19e5, 0x19e5, 0x19e5, 0x19e5, 0x19e5, 0x19e5, 0x19e5, 0x19e5, 0x19e5, 0x19e5, 0x19e5,
    0x19e5, 0x19e5, 0x19e5, 0x19e5, 0x19e5, 0x19e5, 0x19e5, 0x19e5, 0x19e5, 0x19e5, 0x19e5, 0x19e5, 0x21e6, 0x1184, 0xad94, 0xfffe,
    0xf77c, 0xf79c, 0xf79c, 0xf79c, 0xf79c, 0xf77c, 0xfffe, 0x7c4f, 0x1184, 0x2206, 0x19e5, 0x19e5, 0x19e5, 0x19e5, 0x19e5, 0x19e5,
    0x19e5, 0x19e5, 0x19e5, 0x19e5, 0x19e5, 0x19e5, 0x19e5, 0x19e5, 0x19e5, 0x19e5, 0x19e5, 0x19e5, 0x19e5, 0x19e5, 0x19e5, 0x19e5,
    0x19e5, 0x19e5, 0x19e5, 0x19e5, 0x19e5, 0x19e5, 0x19e5, 0x19e5, 0x19e5, 0x19e5, 0x19e5, 0x19e5, 0x19e5, 0x19e5, 0x19e5, 0x19e5,
    0x19e5, 0x19e5, 0x19e5, 0x19e5, 0x19e5, 0x19e5, 0x19e5, 0x19e5, 0x19e5, 0x19e5, 0x19e5, 0x19e5, 0x19e5, 0x19e5, 0x19e5, 0x19e5,
    0x19e5, 0x19e5, 0x19e5, 0x19e5, 0x19e5, 0x19e5, 0x19e5, 0x19e5, 0x19e5, 0x2206, 0x1184, 0x6bee, 0xfffd, 0xf77c, 0xf79c, 0xf79c,
    0xf79c, 0xf77c, 0xffdd, 0xce77, 0x19c5, 0x19e5, 0x19e5, 0x19e5, 0x19e5, 0x19e5, 0x19e5, 0x19e5, 0x19e5, 0x19e5, 0x19e5, 0x19e5,
    0x19e5, 0x19e5, 0x19e5, 0x19e5, 0x19e5, 0x19e5, 0x19e5, 0x19e5, 0x19e5, 0x19e5, 0x19e5, 0x19e5, 0x19e5, 0x19e5, 0x19e5, 0x19e5,
    0x19e5, 0x19e5, 0x19e5, 0x19e5, 0x19e5, 0x19e5, 0x19e5, 0x19e5, 0x19e5, 0x19e5, 0x19e5, 0x19e5, 0x19e5, 0x19e5, 0x19e5, 0x19e5,
    0x19e5, 0x19e5, 0x19e5, 0x19e5, 0x19e5, 0x19e5, 0x2206, 0x1184, 0x7c4f, 0xfffe, 0xf77c, 0xf79c, 0xf79c, 0xf79c, 0xf79c, 0xf77c,
    0xfffe, 0xad94, 0x1184, 0x21e6, 0x19e5, 0x19e5, 0x19e5, 0x19e5, 0x19e5, 0x19e5, 0x19e5, 0x19e5, 0x19e5, 0x19e5, 0x19e5, 0x19e5,
    0x19e5, 0x19e5, 0x19e5, 0x19e5, 0x19e5, 0x19e5, 0x19e5, 0x19e5, 0x19e5, 0x19e5, 0x19e5, 0x19e5, 0x19e5, 0x19e5, 0x19e5, 0x19e5,
    0x19e5, 0x19e5, 0x19e5, 0x19e5, 0x19e5, 0x19e5, 0x19e5, 0x19e5, 0x19e5, 0x19e5, 0x19e5, 0x19e5, 0x19e5, 0x19e5, 0x19e5, 0x19e5,
    0x19e5, 0x19e5, 0x19e5, 0x19e5, 0x19e5, 0x19e5, 0x19e5, 0x19e5, 0x19e5, 0x19e5, 0x19e5, 0x19e5, 0x19e5, 0x19e5, 0x19e5, 0x19e5,
    0x19e5, 0x19e5, 0x19e5, 0x19e5, 0x19e5, 0x19e5, 0x19e5, 0x19e5, 0x19e5, 0x19e5, 0x19e5, 0x19e5, 0x19e5, 0x19e5, 0x19e5, 0x19e5,
    0x19e5, 0x19e5, 0x19e5, 0x19e5, 0x19e5, 0x19e5, 0x19e5, 0x19e5, 0x19e5, 0x19e5, 0x19e5, 0x19e5, 0x21e6, 0x1184, 0xad94, 0xfffe,
    0xf77c, 0xf79c, 0xf79c, 0xf79c, 0xf79c, 0xf77c, 0xfffe, 0x7c4f, 0x1184, 0x2206, 0x19e5, 0x19e5, 0x19e5, 0x19e5, 0x19e5, 0x19e5,
    0x19e5, 0x19e5, 0x19e5, 0x19e5, 0x19e5, 0x19e5, 0x19e5, 0x19e5, 0x19e5, 0x19e5, 0x19e5, 0x19e5, 0x19e5, 0x19e5, 0x19e5, 0x19e5,
    0x19e5, 0x19e5, 0x19e5, 0x19e5, 0x19e5, 0x19e5, 0x19e5, 0x19e5, 0x19e5, 0x19e5, 0x19e5, 0x19e5, 0x19e5, 0x19e5, 0x19e5, 0x19e5,
    0x19e5, 0x19e5, 0x19e5, 0x19e5, 0x19e5, 0x19e5, 0x19e5, 0x19e5, 0x19e5, 0x19e5, 0x19e5, 0x19e5, 0x19e5, 0x19e5, 0x19e5, 0x19e5,
    0x19e5, 0x19e5, 0x19e5, 0x19e5, 0x19e5, 0x19e5, 0x19e5, 0x19e5, 0x19e5, 0x2206, 0x1184, 0x6bee, 0xfffd, 0xf77c, 0xf79c, 0xf79c,
    0xf79c, 0xf77c, 0xffdd, 0xce77, 0x19c5, 0x19e5, 0x19e5, 0x19e5, 0x19e5, 0x19e5, 0x19e5, 0x19e5, 0x19e5, 0x19e5, 0x19e5, 0x19e5,
    0x19e5, 0x19e5, 0x19e5, 0x19e5, 0x19e5, 0x19e5, 0x19e5, 0x19e5, 0x19e5, 0x19e5, 0x19e5, 0x19e5, 0x19e5, 0x19e5, 0x19e5, 0x19e5,
    0x19e5, 0x19e5, 0x19e5, 0x19e5, 0x19e5, 0x19e5, 0x19e5, 0x19e5, 0x19e5, 0x19e5, 0x19e5, 0x19e5, 0x19e5, 0x19e5, 0x19e5, 0x19e5,
    0x19e5, 0x19e5, 0x19e5, 0x19e5, 0x19e5, 0x19e5, 0x2206, 0x1184, 0x7c4f, 0xfffe, 0xf77c, 0xf79c, 0xf79c, 0xf79c, 0xf79c, 0xf77c,
    0xfffe, 0xad94, 0x1184, 0x21e6, 0x19e5, 0x19e5, 0x19e5, 0x19e5, 0x19e5, 0x19e5, 0x19e5, 0x19e5, 0x19e5, 0x19e5, 0x19e5, 0x19e5,
    0x19e5, 0x19e5, 0x19e5, 0x19e5, 0x19e5, 0x19e5, 0x19e5, 0x19e5, 0x19e5, 0x19e5, 0x19e5, 0x19e5, 0x19e5, 0x19e5, 0x19e5, 0x19e5,
    0x19e5, 0x19e5, 0x19e5, 0x19e5, 0x19e5, 0x19e5, 0x19e5, 0x19e5, 0x19e5, 0x19e5, 0x19e5, 0x19e5, 0x19e5, 0x19e5, 0x19e5, 0x19e5,
    0x19e5, 0x19e5, 0x19e5, 0x19e5, 0x19e5, 0x19e5, 0x19e5, 0x19e5, 0x19e5, 0x19e5, 0x19e5, 0x19e5, 0x19e5, 0x19e5, 0x19e5, 0x19e5,
    0x19e5, 0x19e5, 0x19e5, 0x19e5, 0x19e5, 0x19e5, 0x19e5, 0x19e5, 0x19e5, 0x19e5, 0x19e5, 0x19e5, 0x19e5, 0x19e5, 0x19e5, 0x19e5,
    0x19e5, 0x19e5, 0x19e5, 0x19e5, 0x19e5, 0x19e5, 0x19e5, 0x19e5, 0x19e5, 0x19e5, 0x19e5, 0x19e5, 0x21e6, 0x1184, 0xad94, 0xfffe,
    0xf77c, 0xf79c, 0xf79c, 0xf79c, 0xf79c, 0xf77c, 0xfffe, 0x7c4f, 0x1184, 0x2206, 0x19e5, 0x19e5, 0x19e5, 0x19e5, 0x19e5, 0x19e5,
    0x19e5, 0x19e5, 0x19e5, 0x19e5, 0x19e5, 0x19e5, 0x19e5, 0x19e5, 0x19e5, 0x19e5, 0x19e5, 0x19e5, 0x19e5, 0x19e5, 0x19e5, 0x19e5,
    0x19e5, 0x19e5, 0x19e5, 0x19e5, 0x19e5, 0x19e5, 0x19e5, 0x19e5, 0x19e5, 0x19e5, 0x19e5, 0x19e5, 0x19e5, 0x19e5, 0x19e5, 0x19e5,
    0x19e5, 0x19e5, 0x19e5, 0x19e5, 0x19e5, 0x19e5, 0x19e5, 0x19e5, 0x19e5, 0x19e5, 0x19e5, 0x19e5, 0x19e5, 0x19e5, 0x19e5, 0x19e5,
    0x19e5, 0x19e5, 0x19e5, 0x19e5, 0x19e5, 0x19e5, 0x19e5, 0x19e5, 0x19e5, 0x2206, 0x1184, 0x6bee, 0xfffd, 0xf77c, 0xf79c, 0xf79c,
    0xf79c, 0xf77c, 0xffdd, 0xce77, 0x19c5, 0x19e5, 0x19e5, 0x19e5, 0x19e5, 0x19e5, 0x19e5, 0x19e5, 0x19e5, 0x19e5, 0x19e5, 0x19e5,
    0x19e5, 0x19e5, 0x19e5, 0x19e5, 0x19e5, 0x19e5, 0x19e5, 0x19e5, 0x19e5, 0x19e5, 0x19e5, 0x19e5, 0x19e5, 0x19e5, 0x19e5, 0x19e5,
    0x19e5, 0x19e5, 0x19e5, 0x19e5, 0x19e5, 0x19e5, 0x19e5, 0x19e5, 0x19e5, 0x19e5, 0x19e5, 0x19e5, 0x19e5, 0x19e5, 0x19e5, 0x19e5,
    0x19e5, 0x19e5, 0x19e5, 0x19e5, 0x19e5, 0x19e5, 0x2206, 0x1184, 0x7c4f, 0xfffe, 0xf77c, 0xf79c, 0xf79c, 0xf79c, 0xf79c, 0xf77c,
    0xfffe, 0xad94, 0x1184, 0x21e6, 0x19e5, 0x19e5, 0x19e5, 0x19e5, 0x19e5, 0x19e5, 0x19e5, 0x19e5, 0x19e5, 0x19e5, 0x19e5, 0x19e5,
    0x19e5, 0x19e5, 0x19e5, 0x19e5, 0x19e5, 0x19e5, 0x19e5, 0x19e5, 0x19e5, 0x19e5, 0x19e5, 0x19e5, 0x19e5, 0x19e5, 0x19e5, 0x19e5,
    0x19e5, 0x19e5, 0x19e5, 0x19e5, 0x19e5, 0x19e5, 0x19e5, 0x19e5, 0x19e5, 0x19e5, 0x19e5, 0x19e5, 0x19e5, 0x19e5, 0x19e5, 0x19e5,
    0x19e5, 0x19e5, 0x19e5, 0x19e5, 0x19e5, 0x19e5, 0x19e5, 0x19e5, 0x19e5, 0x19e5, 0x19e5, 0x19e5, 0x19e5, 0x19e5, 0x19e5, 0x19e5,
    0x19e5, 0x19e5, 0x19e5, 0x19e5, 0x19e5, 0x19e5, 0x19e5, 0x19e5, 0x19e5, 0x19e5, 0x19e5, 0x19e5, 0x19e5, 0x19e5, 0x19e5, 0x19e5,
    0x19e5, 0x19e5, 0x19e5, 0x19e5, 0x19e5, 0x19e5, 0x19e5, 0x19e5, 0x19e5, 0x19e5, 0x19e5, 0x19e5, 0x21e6, 0x1184, 0xad94, 0xfffe,
    0xf77c, 0xf79c, 0xf79c, 0xf79c, 0xf79c, 0xf77c, 0xfffe, 0x7c4f, 0x1184, 0x2206, 0x19e5, 0x19e5, 0x19e5, 0x19e5, 0x19e5, 0x19e5,
    0x19e5, 0x19e5, 0x19e5, 0x19e5, 0x19e5, 0x19e5, 0x19e5, 0x19e5, 0x19e5, 0x19e5, 0x19e5, 0x19e5, 0x19e5, 0x19e5, 0x19e5, 0x19e5,
    0x19e5, 0x19e5, 0x19e5, 0x19e5, 0x19e5, 0x19e5, 0x19e5, 0x19e5, 0x19e5, 0x19e5, 0x19e5, 0x19e5, 0x19e5, 0x19e5, 0x19e5, 0x19e5,
    0x19e5, 0x19e5, 0x19e5, 0x19e5, 0x19e5, 0x19e5, 0x19e5, 0x19e5, 0x19e5, 0x19e5, 0x19e5, 0x19e5, 0x19e5, 0x19e5, 0x19e5, 0x19e5,
    0x19e5, 0x19e5, 0x19e5, 0x19e5, 0x19e5, 0x19e5, 0x19e5, 0x19e5, 0x19e5, 0x2206, 0x1184, 0x6bee, 0xfffd, 0xf77c, 0xf79c, 0xf79c,
    0xf79c, 0xf77c, 0xffdd, 0xce77, 0x19c5, 0x19e5, 0x19e5, 0x19e5, 0x19e5, 0x19e5, 0x19e5, 0x19e5, 0x19e5, 0x19e5, 0x19e5, 0x19e5,
    0x19e5, 0x19e5, 0x19e5, 0x19e5, 0x19e5, 0x19e5, 0x19e5, 0x19e5, 0x19e5, 0x19e5, 0x19e5, 0x19e5, 0x19e5, 0x19e5, 0x19e5, 0x19e5,
    0x19e5, 0x19e5, 0x19e5, 0x19e5, 0x19e5, 0x19e5, 0x19e5, 0x19e5, 0x19e5, 0x19e5, 0x19e5, 0x19e5, 0x19e5, 0x19e5, 0x19e5, 0x19e5,
    0x19e5, 0x19e5, 0x19e5, 0x19e5, 0x19e5, 0x19e5, 0x2206, 0x1184, 0x7c4f, 0xfffe, 0xf77c, 0xf79c, 0xf79c, 0xf79c, 0xf79c, 0xf77c,
    0xfffe, 0xad94, 0x1184, 0x21e6, 0x19e5, 0x19e5, 0x19e5, 0x19e5, 0x19e5, 0x19e5, 0x19e5, 0x19e5, 0x19e5, 0x19e5, 0x19e5, 0x19e5,
    0x19e5, 0x19e5, 0x19e5, 0x19e5, 0x19e5, 0x19e5, 0x19e5, 0x19e5, 0x19e5, 0x19e5, 0x19e5, 0x19e5, 0x19e5, 0x19e5, 0x19e5, 0x19e5,
    0x19e5, 0x19e5, 0x19e5, 0x19e5, 0x19e5, 0x19e5, 0x19e5, 0x19e5, 0x19e5, 0x19e5, 0x19e5, 0x19e5, 0x19e5, 0x19e5, 0x19e5, 0x19e5,
    0x19e5, 0x19e5, 0x19e5, 0x19e5, 0x19e5, 0x19e5, 0x19e5, 0x19e5, 0x19e5, 0x19e5, 0x19e5, 0x19e5, 0x19e5, 0x19e5, 0x19e5, 0x19e5,
    0x19e5, 0x19e5, 0x19e5, 0x19e5, 0x19e5, 0x19e5, 0x19e5, 0x19e5, 0x19e5, 0x19e5, 0x19e5, 0x19e5, 0x19e5, 0x19e5, 0x19e5, 0x19e5,
    0x19e5, 0x19e5, 0x19e5, 0x19e5, 0x19e5, 0x19e5, 0x19e5, 0x19e5, 0x19e5, 0x19e5, 0x19e5, 0x19e5, 0x21e6, 0x1184, 0xad94, 0xfffe,
    0xf77c, 0xf79c, 0xf79c, 0xf79c, 0xf79c, 0xf77c, 0xfffe, 0x7c4f, 0x1184, 0x2206, 0x19e5, 0x19e5, 0x19e5, 0x19e5, 0x19e5, 0x19e5,
    0x19e5, 0x19e5, 0x19e5, 0x19e5, 0x19e5, 0x19e5, 0x19e5, 0x19e5, 0x19e5, 0x19e5, 0x19e5, 0x19e5, 0x19e5, 0x19e5, 0x19e5, 0x19e5,
    0x19e5, 0x19e5, 0x19e5, 0x19e5, 0x19e5, 0x19e5, 0x19e5, 0x19e5, 0x19e5, 0x19e5, 0x19e5, 0x19e5, 0x19e5, 0x19e5, 0x19e5, 0x19e5,
    0x19e5, 0x19e5, 0x19e5, 0x19e5, 0x19e5, 0x19e5, 0x19e5, 0x19e5, 0x19e5, 0x19e5, 0x19e5, 0x19e5, 0x19e5, 0x19e5, 0x19e5, 0x19e5,
    0x19e5, 0x19e5, 0x19e5, 0x19e5, 0x19e5, 0x19e5, 0x19e5, 0x19e5, 0x19e5, 0x2206, 0x1184, 0x6bee, 0xfffd, 0xf77c, 0xf79c, 0xf79c,
    0xf79c, 0xf77c, 0xffdd, 0xce77, 0x19c5, 0x19e5, 0x19e5, 0x19e5, 0x19e5, 0x19e5, 0x19e5, 0x19e5, 0x19e5, 0x19e5, 0x19e5, 0x19e5,
    0x19e5, 0x19e5, 0x19e5, 0x19e5, 0x19e5, 0x19e5, 0x19e5, 0x19e5, 0x19e5, 0x19e5, 0x19e5, 0x19e5, 0x19e5, 0x19e5, 0x19e5, 0x19e5,
    0x19e5, 0x19e5, 0x19e5, 0x19e5, 0x19e5, 0x19e5, 0x19e5, 0x19e5, 0x19e5, 0x19e5, 0x19e5, 0x19e5, 0x19e5, 0x19e5, 0x19e5, 0x19e5,
    0x19e5, 0x19e5, 0x19e5, 0x19e5, 0x19e5, 0x19e5, 0x2206, 0x1184, 0x7c4f, 0xfffe, 0xf77c, 0xf79c, 0xf79c, 0xf79c, 0xf79c, 0xf77c,
    0xfffe, 0xad94, 0x1184, 0x21e6, 0x19e5, 0x19e5, 0x19e5, 0x19e5, 0x19e5, 0x19e5, 0x19e5, 0x19e5, 0x19e5, 0x19e5, 0x19e5, 0x19e5,
    0x19e5, 0x19e5, 0x19e5, 0x19e5, 0x19e5, 0x19e5, 0x19e5, 0x19e5, 0x19e5, 0x19e5, 0x19e5, 0x19e5, 0x19e5, 0x19e5, 0x19e5, 0x19e5,
    0x19e5, 0x19e5, 0x19e5, 0x19e5, 0x19e5, 0x19e5, 0x19e5, 0x19e5, 0x19e5, 0x19e5, 0x19e5, 0x19e5, 0x19e5, 0x19e5, 0x19e5, 0x19e5,
    0x19e5, 0x19e5, 0x19e5, 0x19e5, 0x19e5, 0x19e5, 0x19e5, 0x19e5, 0x19e5, 0x19e5, 0x19e5, 0x19e5, 0x19e5, 0x19e5, 0x19e5, 0x19e5,
    0x19e5, 0x19e5, 0x19e5, 0x19e5, 0x19e5, 0x19e5, 0x19e5, 0x19e5, 0x19e5, 0x19e5, 0x19e5, 0x19e5, 0x19e5, 0x19e5, 0x19e5, 0x19e5,
    0x19e5, 0x19e5, 0x19e5, 0x19e5, 0x19e5, 0x19e5, 0x19e5, 0x19e5, 0x19e5, 0x19e5, 0x19e5, 0x19e5, 0x21e6, 0x1184, 0xad94, 0xfffe,
    0xf77c, 0xf79c, 0xf79c, 0xf79c, 0xf79c, 0xf77c, 0xfffe, 0x7c4f, 0x1184, 0x2206, 0x19e5, 0x19e5, 0x19e5, 0x19e5, 0x19e5, 0x19e5,
    0x19e5, 0x19e5, 0x19e5, 0x19e5, 0x19e5, 0x19e5, 0x19e5, 0x19e5, 0x19e5, 0x19e5, 0x19e5, 0x19e5, 0x19e5, 0x19e5, 0x19e5, 0x19e5,
    0x19e5, 0x19e5, 0x19e5, 0x19e5, 0x19e5, 0x19e5, 0x19e5, 0x19e5, 0x19e5, 0x19e5, 0x19e5, 0x19e5, 0x19e5, 0x19e5, 0x19e5, 0x19e5,
    0x19e5, 0x19e5, 0x19e5, 0x19e5, 0x19e5, 0x19e5, 0x19e5, 0x19e5, 0x19e5, 0x19e5, 0x19e5, 0x19e5, 0x19e5, 0x19e5, 0x19e5, 0x19e5,
    0x19e5, 0x19e5, 0x19e5, 0x19e5, 0x19e5, 0x19e5, 0x19e5, 0x19e5, 0x19e5, 0x2206, 0x1184, 0x6bee, 0xfffd, 0xf77c, 0xf79c, 0xf79c,
    0xf79c, 0xf77c, 0xffdd, 0xce77, 0x19c5, 0x19e5, 0x19e5, 0x19e5, 0x19e5, 0x19e5, 0x19e5, 0x19e5, 0x19e5, 0x19e5, 0x19e5, 0x19e5,
    0x19e5, 0x19e5, 0x19e5, 0x19e5, 0x19e5, 0x19e5, 0x19e5, 0x19e5, 0x19e5, 0x19e5, 0x19e5, 0x19e5, 0x19e5, 0x19e5, 0x19e5, 0x19e5,
    0x19e5, 0x19e5, 0x19e5, 0x19e5, 0x19e5, 0x19e5, 0x19e5, 0x19e5, 0x19e5, 0x19e5, 0x19e5, 0x19e5, 0x19e5, 0x19e5, 0x19e5, 0x19e5,
    0x19e5, 0x19e5, 0x19e5, 0x19e5, 0x19e5, 0x19e5, 0x2206, 0x1184, 0x7c4f, 0xfffe, 0xf77c, 0xf79c, 0xf79c, 0xf79c, 0xf79c, 0xf77c,
    0xfffe, 0xad94, 0x1184, 0x21e6, 0x19e5, 0x19e5, 0x19e5, 0x19e5, 0x19e5, 0x19e5, 0x19e5, 0x19e5, 0x19e5, 0x19e5, 0x19e5, 0x19e5,
    0x19e5, 0x19e5, 0x19e5, 0x19e5, 0x19e5, 0x19e5, 0x19e5, 0x19e5, 0x19e5, 0x19e5, 0x19e5, 0x19e5, 0x19e5, 0x19e5, 0x19e5, 0x19e5,
    0x19e5, 0x19e5, 0x19e5, 0x19e5, 0x19e5, 0x19e5, 0x19e5, 0x19e5, 0x19e5, 0x19e5, 0x19e5, 0x19e5, 0x19e5, 0x19e5, 0x19e5, 0x19e5,
    0x19e5, 0x19e5, 0x19e5, 0x19e5, 0x19e5, 0x19e5, 0x19e5, 0x19e5, 0x19e5, 0x19e5, 0x19e5, 0x19e5, 0x19e5, 0x19e5, 0x19e5, 0x19e5,
    0x19e5, 0x19e5, 0x19e5, 0x19e5, 0x19e5, 0x19e5, 0x19e5, 0x19e5, 0x19e5, 0x19e5, 0x19e5, 0x19e5, 0x19e5, 0x19e5, 0x19e5, 0x19e5,
    0x19e5, 0x19e5, 0x19e5, 0x19e5, 0x19e5, 0x19e5, 0x19e5, 0x19e5, 0x19e5, 0x19e5, 0x19e5, 0x19e5, 0x21e6, 0x1184, 0xad94, 0xfffe,
    0xf77c, 0xf79c, 0xf79c, 0xf79c, 0xf79c, 0xf77c, 0xfffe, 0x7c4f, 0x1184, 0x2206, 0x19e5, 0x19e5, 0x19e5, 0x19e5, 0x19e5, 0x19e5,
    0x19e5, 0x19e5, 0x19e5, 0x19e5, 0x19e5, 0x19e5, 0x19e5, 0x19e5, 0x19e5, 0x19e5, 0x19e5, 0x19e5, 0x19e5, 0x19e5, 0x19e5, 0x19e5,
    0x19e5, 0x19e5, 0x19e5, 0x19e5, 0x19e5, 0x19e5, 0x19e5, 0x19e5, 0x19e5, 0x19e5, 0x19e5, 0x19e5, 0x19e5, 0x19e5, 0x19e5, 0x19e5,
    0x19e5, 0x19e5, 0x19e5, 0x19e5, 0x19e5, 0x19e5, 0x19e5, 0x19e5, 0x19e5, 0x19e5, 0x19e5, 0x19e5, 0x19e5, 0x19e5, 0x19e5, 0x19e5,
    0x19e5, 0x19e5, 0x19e5, 0x19e5, 0x19e5, 0x19e5, 0x19e5, 0x19e5, 0x19e5, 0x2206, 0x1184, 0x6bee, 0xfffd, 0xf77c, 0xf79c, 0xf79c,
    0xf79c, 0xf77c, 0xffdd, 0xce77, 0x19c5, 0x19e5, 0x19e5, 0x19e5, 0x19e5, 0x19e5, 0x19e5, 0x19e5, 0x19e5, 0x19e5, 0x19e5, 0x19e5,
    0x19e5, 0x19e5, 0x19e5, 0x19e5, 0x19e5, 0x19e5, 0x19e5, 0x19e5, 0x19e5, 0x19e5, 0x19e5, 0x19e5, 0x19e5, 0x19e5, 0x19e5, 0x19e5,
    0x19e5, 0x19e5, 0x19e5, 0x19e5, 0x19e5, 0x19e5, 0x19e5, 0x19e5, 0x19e5, 0x19e5, 0x19e5, 0x19e5, 0x19e5, 0x19e5, 0x19e5, 0x19e5,
    0x19e5, 0x19e5, 0x19e5, 0x19e5, 0x19e5, 0x19e5, 0x2206, 0x1184, 0x7c4f, 0xfffe, 0xf77c, 0xf79c, 0xf79c, 0xf79c, 0xf79c, 0xf77c,
    0xfffe, 0xad94, 0x1184, 0x21e6, 0x19e5, 0x19e5, 0x19e5, 0x19e5, 0x19e5, 0x19e5, 0x19e5, 0x19e5, 0x19e5, 0x19e5, 0x19e5, 0x19e5,
    0x19e5, 0x19e5, 0x19e5, 0x19e5, 0x19e5, 0x19e5, 0x19e5, 0x19e5, 0x19e5, 0x19e5, 0x19e5, 0x19e5, 0x19e5, 0x19e5, 0x19e5, 0x19e5,
    0x19e5, 0x19e5, 0x19e5, 0x19e5, 0x19e5, 0x19e5, 0x19e5, 0x19e5, 0x19e5, 0x19e5, 0x19e5, 0x19e5, 0x19e5, 0x19e5, 0x19e5, 0x19e5,
    0x19e5, 0x19e5, 0x19e5, 0x19e5, 0x19e5, 0x19e5, 0x19e5, 0x19e5, 0x19e5, 0x19e5, 0x19e5, 0x19e5, 0x19e5, 0x19e5, 0x19e5, 0x19e5,
    0x19e5, 0x19e5, 0x19e5, 0x19e5, 0x19e5, 0x19e5, 0x19e5, 0x19e5, 0x19e5, 0x19e5, 0x19e5, 0x19e5, 0x19e5, 0x19e5, 0x19e5, 0x19e5,
    0x19e5, 0x19e5, 0x19e5, 0x19e5, 0x19e5, 0x19e5, 0x19e5, 0x19e5, 0x19e5, 0x19e5, 0x19e5, 0x19e5, 0x21e6, 0x1184, 0xad94, 0xfffe,
    0xf77c, 0xf79c, 0xf79c, 0xf79c, 0xf79c, 0xf77c, 0xfffe, 0x7c4f, 0x1184, 0x2206, 0x19e5, 0x19e5, 0x19e5, 0x19e5, 0x19e5, 0x19e5,
    0x19e5, 0x19e5, 0x19e5, 0x19e5, 0x19e5, 0x19e5, 0x19e5, 0x19e5, 0x19e5, 0x19e5, 0x19e5, 0x19e5, 0x19e5, 0x19e5, 0x19e5, 0x19e5,
    0x19e5, 0x19e5, 0x19e5, 0x19e5, 0x19e5, 0x19e5, 0x19e5, 0x19e5, 0x19e5, 0x19e5, 0x19e5, 0x19e5, 0x19e5, 0x19e5, 0x19e5, 0x19e5,
    0x19e5, 0x19e5, 0x19e5, 0x19e5, 0x19e5, 0x19e5, 0x19e5, 0x19e5, 0x19e5, 0x19e5, 0x19e5, 0x19e5, 0x19e5, 0x19e5, 0x19e5, 0x19e5,
    0x19e5, 0x19e5, 0x19e5, 0x19e5, 0x19e5, 0x19e5, 0x19e5, 0x19e5, 0x19e5, 0x2206, 0x1184, 0x6bee, 0xfffd, 0xf77c, 0xf79c, 0xf79c,
    0xf79c, 0xf77c, 0xffdd, 0xce77, 0x19c5, 0x19e5, 0x19e5, 0x19e5, 0x19e5, 0x19e5, 0x19e5, 0x19e5, 0x19e5, 0x19e5, 0x19e5, 0x19e5,
    0x19e5, 0x19e5, 0x19e5, 0x19e5, 0x19e5, 0x19e5, 0x19e5, 0x19e5, 0x19e5, 0x19e5, 0x19e5, 0x19e5, 0x19e5, 0x19e5, 0x19e5, 0x19e5,
    0x19e5, 0x19e5, 0x19e5, 0x19e5, 0x19e5, 0x19e5, 0x19e5, 0x19e5, 0x19e5, 0x19e5, 0x19e5, 0x19e5, 0x19e5, 0x19e5, 0x19e5, 0x19e5,
    0x19e5, 0x19e5, 0x19e5, 0x19e5, 0x19e5, 0x19e5, 0x2206, 0x1184, 0x7c4f, 0xfffe, 0xf77c, 0xf79c, 0xf79c, 0xf79c, 0xf79c, 0xf77c,
    0xfffe, 0xad94, 0x1184, 0x21e6, 0x19e5, 0x19e5, 0x19e5, 0x19e5, 0x19e5, 0x19e5, 0x19e5, 0x19e5, 0x19e5, 0x19e5, 0x19e5, 0x19e5,
    0x19e5, 0x19e5, 0x19e5, 0x19e5, 0x19e5, 0x19e5, 0x19e5, 0x19e5, 0x19e5, 0x19e5, 0x19e5, 0x19e5, 0x19e5, 0x19e5, 0x19e5, 0x19e5,
    0x19e5, 0x19e5, 0x19e5, 0x19e5, 0x19e5, 0x19e5, 0x19e5, 0x19e5, 0x19e5, 0x19e5, 0x19e5, 0x19e5, 0x19e5, 0x19e5, 0x19e5, 0x19e5,
    0x19e5, 0x19e5, 0x19e5, 0x19e5, 0x19e5, 0x19e5, 0x19e5, 0x19e5, 0x19e5, 0x19e5, 0x19e5, 0x19e5, 0x19e5, 0x19e5, 0x19e5, 0x19e5,
    0x19e5, 0x19e5, 0x19e5, 0x19e5, 0x19e5, 0x19e5, 0x19e5, 0x19e5, 0x19e5, 0x19e5, 0x19e5, 0x19e5, 0x19e5, 0x19e5, 0x19e5, 0x19e5,
    0x19e5, 0x19e5, 0x19e5, 0x19e5, 0x19e5, 0x19e5, 0x19e5, 0x19e5, 0x19e5, 0x19e5, 0x19e5, 0x19e5, 0x21e6, 0x1184, 0xad94, 0xfffe,
    0xf77c, 0xf79c, 0xf79c, 0xf79c, 0xf79c, 0xf77c, 0xfffe, 0x7c4f, 0x1184, 0x2206, 0x19e5, 0x19e5, 0x19e5, 0x19e5, 0x19e5, 0x19e5,
    0x19e5, 0x19e5, 0x19e5, 0x19e5, 0x19e5, 0x19e5, 0x19e5, 0x19e5, 0x19e5, 0x19e5, 0x19e5, 0x19e5, 0x19e5, 0x19e5, 0x19e5, 0x19e5,
    0x19e5, 0x19e5, 0x19e5, 0x19e5, 0x19e5, 0x19e5, 0x19e5, 0x19e5, 0x19e5, 0x19e5, 0x19e5, 0x19e5, 0x19e5, 0x19e5, 0x19e5, 0x19e5,
    0x19e5, 0x19e5, 0x19e5, 0x19e5, 0x19e5, 0x19e5, 0x19e5, 0x19e5, 0x19e5, 0x19e5, 0x19e5, 0x19e5, 0x19e5, 0x19e5, 0x19e5, 0x19e5,
    0x19e5, 0x19e5, 0x19e5, 0x19e5, 0x19e5, 0x19e5, 0x19e5, 0x19e5, 0x19e5, 0x2206, 0x1184, 0x6bee, 0xfffd, 0xf77c, 0xf79c, 0xf79c,
    0xf79c, 0xf77c, 0xffdd, 0xce77, 0x19c5, 0x19e5, 0x19e5, 0x19e5, 0x19e5, 0x19e5, 0x19e5, 0x19e5, 0x19e5, 0x19e5, 0x19e5, 0x19e5,
    0x19e5, 0x19e5, 0x19e5, 0x19e5, 0x19e5, 0x19e5, 0x19e5, 0x19e5, 0x19e5, 0x19e5, 0x19e5, 0x19e5, 0x19e5, 0x19e5, 0x19e5, 0x19e5,
    0x19e5, 0x19e5, 0x19e5, 0x19e5, 0x19e5, 0x19e5, 0x19e5, 0x19e5, 0x19e5, 0x19e5, 0x19e5, 0x19e5, 0x19e5, 0x19e5, 0x19e5, 0x19e5,
    0x19e5, 0x19e5, 0x19e5, 0x19e5, 0x19e5, 0x19e5, 0x2206, 0x1184, 0x7c4f, 0xfffe, 0xf77c, 0xf79c, 0xf79c, 0xf79c, 0xf79c, 0xf77c,
    0xfffe, 0xad94, 0x1184, 0x21e6, 0x19e5, 0x19e5, 0x19e5, 0x19e5, 0x19e5, 0x19e5, 0x19e5, 0x19e5, 0x19e5, 0x19e5, 0x19e5, 0x19e5,
    0x19e5, 0x19e5, 0x19e5, 0x19e5, 0x19e5, 0x19e5, 0x19e5, 0x19e5, 0x19e5, 0x19e5, 0x19e5, 0x19e5, 0x19e5, 0x19e5, 0x19e5, 0x19e5,
    0x19e5, 0x19e5, 0x19e5, 0x19e5, 0x19e5, 0x19e5, 0x19e5, 0x19e5, 0x19e5, 0x19e5, 0x19e5, 0x19e5, 0x19e5, 0x19e5, 0x19e5, 0x19e5,
    0x19e5, 0x19e5, 0x19e5, 0x19e5, 0x19e5, 0x19e5, 0x19e5, 0x19e5, 0x19e5, 0x19e5, 0x19e5, 0x19e5, 0x19e5, 0x19e5, 0x19e5, 0x19e5,
    0x19e5, 0x19e5, 0x19e5, 0x19e5, 0x19e5, 0x19e5, 0x19e5, 0x19e5, 0x19e5, 0x19e5, 0x19e5, 0x19e5, 0x19e5, 0x19e5, 0x19e5, 0x19e5,
    0x19e5, 0x19e5, 0x19e5, 0x19e5, 0x19e5, 0x19e5, 0x19e5, 0x19e5, 0x19e5, 0x19e5, 0x19e5, 0x19e5, 0x21e6, 0x1184, 0xad94, 0xfffe,
    0xf77c, 0xf79c, 0xf79c, 0xf79c, 0xf79c, 0xf77c, 0xfffe, 0x7c4f, 0x1184, 0x2206, 0x19e5, 0x19e5, 0x19e5, 0x19e5, 0x19e5, 0x19e5,
    0x19e5, 0x19e5, 0x19e5, 0x19e5, 0x19e5, 0x19e5, 0x19e5, 0x19e5, 0x19e5, 0x19e5, 0x19e5, 0x19e5, 0x19e5, 0x19e5, 0x19e5, 0x19e5,
    0x19e5, 0x19e5, 0x19e5, 0x19e5, 0x19e5, 0x19e5, 0x19e5, 0x19e5, 0x19e5, 0x19e5, 0x19e5, 0x19e5, 0x19e5, 0x19e5, 0x19e5, 0x19e5,
    0x19e5, 0x19e5, 0x19e5, 0x19e5, 0x19e5, 0x19e5, 0x19e5, 0x19e5, 0x19e5, 0x19e5, 0x19e5, 0x19e5, 0x19e5, 0x19e5, 0x19e5, 0x19e5,
    0x19e5, 0x19e5, 0x19e5, 0x19e5, 0x19e5, 0x19e5, 0x19e5, 0x19e5, 0x19e5, 0x2206, 0x1184, 0x6bee, 0xfffd, 0xf77c, 0xf79c, 0xf79c,
    0xf79c, 0xf77c, 0xffdd, 0xce77, 0x19c5, 0x19e5, 0x19e5, 0x19e5, 0x19e5, 0x19e5, 0x19e5, 0x19e5, 0x19e5, 0x19e5, 0x19e5, 0x19e5,
    0x19e5, 0x19e5, 0x19e5, 0x19e5, 0x19e5, 0x19e5, 0x19e5, 0x19e5, 0x19e5, 0x19e5, 0x19e5, 0x19e5, 0x19e5, 0x19e5, 0x19e5, 0x19e5,
    0x19e5, 0x19e5, 0x19e5, 0x19e5, 0x19e5, 0x19e5, 0x19e5, 0x19e5, 0x19e5, 0x19e5, 0x19e5, 0x19e5, 0x19e5, 0x19e5, 0x19e5, 0x19e5,
    0x19e5, 0x19e5, 0x19e5, 0x19e5, 0x19e5, 0x19e5, 0x2206, 0x1184, 0x7c4f, 0xfffe, 0xf77c, 0xf79c, 0xf79c, 0xf79c, 0xf79c, 0xf77c,
    0xfffe, 0xad94, 0x1184, 0x21e6, 0x19e5, 0x19e5, 0x19e5, 0x19e5, 0x19e5, 0x19e5, 0x19e5, 0x19e5, 0x19e5, 0x19e5, 0x19e5, 0x19e5,
    0x19e5, 0x19e5, 0x19e5, 0x19e5, 0x19e5, 0x19e5, 0x19e5, 0x19e5, 0x19e5, 0x19e5, 0x19e5, 0x19e5, 0x19e5, 0x19e5, 0x19e5, 0x19e5,
    0x19e5, 0x19e5, 0x19e5, 0x19e5, 0x19e5, 0x19e5, 0x19e5, 0x19e5, 0x19e5, 0x19e5, 0x19e5, 0x19e5, 0x19e5, 0x19e5, 0x19e5, 0x19e5,
    0x19e5, 0x19e5, 0x19e5, 0x19e5, 0x19e5, 0x19e5, 0x19e5, 0x19e5, 0x19e5, 0x19e5, 0x19e5, 0x19e5, 0x19e5, 0x19e5, 0x19e5, 0x19e5,
    0x19e5, 0x19e5, 0x19e5, 0x19e5, 0x19e5, 0x19e5, 0x19e5, 0x19e5, 0x19e5, 0x19e5, 0x19e5, 0x19e5, 0x19e5, 0x19e5, 0x19e5, 0x19e5,
    0x19e5, 0x19e5, 0x19e5, 0x19e5, 0x19e5, 0x19e5, 0x19e5, 0x19e5, 0x19e5, 0x19e5, 0x19e5, 0x19e5, 0x21e6, 0x1184, 0xad94, 0xfffe,
    0xf77c, 0xf79c, 0xf79c, 0xf79c, 0xf79c, 0xf77c, 0xfffe, 0x7c4f, 0x1184, 0x2206, 0x19e5, 0x19e5, 0x19e5, 0x19e5, 0x19e5, 0x19e5,
    0x19e5, 0x19e5, 0x19e5, 0x19e5, 0x19e5, 0x19e5, 0x19e5, 0x19e5, 0x19e5, 0x19e5, 0x19e5, 0x19e5, 0x19e5, 0x19e5, 0x19e5, 0x19e5,
    0x19e5, 0x19e5, 0x19e5, 0x19e5, 0x19e5, 0x19e5, 0x19e5, 0x19e5, 0x19e5, 0x19e5, 0x19e5, 0x19e5, 0x19e5, 0x19e5, 0x19e5, 0x19e5,
    0x19e5, 0x19e5, 0x19e5, 0x19e5, 0x19e5, 0x19e5, 0x19e5, 0x19e5, 0x19e5, 0x19e5, 0x19e5, 0x19e5, 0x19e5, 0x19e5, 0x19e5, 0x19e5,
    0x19e5, 0x19e5, 0x19e5, 0x19e5, 0x19e5, 0x19e5, 0x19e5, 0x19e5, 0x19e5, 0x2206, 0x1184, 0x6bee, 0xfffd, 0xf77c, 0xf79c, 0xf79c,
    0xf79c, 0xf77c, 0xffdd, 0xce77, 0x19c5, 0x19e5, 0x19e5, 0x19e5, 0x19e5, 0x19e5, 0x19e5, 0x19e5, 0x19e5, 0x19e5, 0x19e5, 0x19e5,
    0x19e5, 0x19e5, 0x19e5, 0x19e5, 0x19e5, 0x19e5, 0x19e5, 0x19e5, 0x19e5, 0x19e5, 0x19e5, 0x19e5, 0x19e5, 0x19e5, 0x19e5, 0x19e5,
    0x19e5, 0x19e5, 0x19e5, 0x19e5, 0x19e5, 0x19e5, 0x19e5, 0x19e5, 0x19e5, 0x19e5, 0x19e5, 0x19e5, 0x19e5, 0x19e5, 0x19e5, 0x19e5,
    0x19e5, 0x19e5, 0x19e5, 0x19e5, 0x19e5, 0x19e5, 0x2206, 0x1184, 0x7c4f, 0xfffe, 0xf77c, 0xf79c, 0xf79c, 0xf79c, 0xf79c, 0xf77c,
    0xfffe, 0xad94, 0x1184, 0x21e6, 0x19e5, 0x19e5, 0x19e5, 0x19e5, 0x19e5, 0x19e5, 0x19e5, 0x19e5, 0x19e5, 0x19e5, 0x19e5, 0x19e5,
    0x19e5, 0x19e5, 0x19e5, 0x19e5, 0x19e5, 0x19e5, 0x19e5, 0x19e5, 0x19e5, 0x19e5, 0x19e5, 0x19e5, 0x19e5, 0x19e5, 0x19e5, 0x19e5,
    0x19e5, 0x19e5, 0x19e5, 0x19e5, 0x19e5, 0x19e5, 0x19e5, 0x19e5, 0x19e5, 0x19e5, 0x19e5, 0x19e5, 0x19e5, 0x19e5, 0x19e5, 0x19e5,
    0x19e5, 0x19e5, 0x19e5, 0x19e5, 0x19e5, 0x19e5, 0x19e5, 0x19e5, 0x19e5, 0x19e5, 0x19e5, 0x19e5, 0x19e5, 0x19e5, 0x19e5, 0x19e5,
    0x19e5, 0x19e5, 0x19e5, 0x19e5, 0x19e5, 0x19e5, 0x19e5, 0x19e5, 0x19e5, 0x19e5, 0x19e5, 0x19e5, 0x19e5, 0x19e5, 0x19e5, 0x19e5,
    0x19e5, 0x19e5, 0x19e5, 0x19e5, 0x19e5, 0x19e5, 0x19e5, 0x19e5, 0x19e5, 0x19e5, 0x19e5, 0x19e5, 0x21e6, 0x1184, 0xad94, 0xfffe,
    0xf77c, 0xf79c, 0xf79c, 0xf79c, 0xf79c, 0xf77c, 0xfffe, 0x7c4f, 0x1184, 0x2206, 0x19e5, 0x19e5, 0x19e5, 0x19e5, 0x19e5, 0x19e5,
    0x19e5, 0x19e5, 0x19e5, 0x19e5, 0x19e5, 0x19e5, 0x19e5, 0x19e5, 0x19e5, 0x19e5, 0x19e5, 0x19e5, 0x19e5, 0x19e5, 0x19e5, 0x19e5,
    0x19e5, 0x19e5, 0x19e5, 0x19e5, 0x19e5, 0x19e5, 0x19e5, 0x19e5, 0x19e5, 0x19e5, 0x19e5, 0x19e5, 0x19e5, 0x19e5, 0x19e5, 0x19e5,
    0x19e5, 0x19e5, 0x19e5, 0x19e5, 0x19e5, 0x19e5, 0x19e5, 0x19e5, 0x19e5, 0x19e5, 0x19e5, 0x19e5, 0x19e5, 0x19e5, 0x19e5, 0x19e5,
    0x19e5, 0x19e5, 0x19e5, 0x19e5, 0x19e5, 0x19e5, 0x19e5, 0x19e5, 0x19e5, 0x2206, 0x1184, 0x6bee, 0xfffd, 0xf77c, 0xf79c, 0xf79c,
    0xf79c, 0xf77c, 0xffdd, 0xce77, 0x19c5, 0x19e5, 0x19e5, 0x19e5, 0x19e5, 0x19e5, 0x19e5, 0x19e5, 0x19e5, 0x19e5, 0x19e5, 0x19e5,
    0x19e5, 0x19e5, 0x19e5, 0x19e5, 0x19e5, 0x19e5, 0x19e5, 0x19e5, 0x19e5, 0x19e5, 0x19e5, 0x19e5, 0x19e5, 0x19e5, 0x19e5, 0x19e5,
    0x19e5, 0x19e5, 0x19e5, 0x19e5, 0x19e5, 0x19e5, 0x19e5, 0x19e5, 0x19e5, 0x19e5, 0x19e5, 0x19e5, 0x19e5, 0x19e5, 0x19e5, 0x19e5,
    0x19e5, 0x19e5, 0x19e5, 0x19e5, 0x19e5, 0x19e5, 0x2206, 0x1184, 0x7c4f, 0xfffe, 0xf77c, 0xf79c, 0xf79c, 0xf79c, 0xf79c, 0xf77c,
    0xfffe, 0xad94, 0x1184, 0x21e6, 0x19e5, 0x19e5, 0x19e5, 0x19e5, 0x19e5, 0x19e5, 0x19e5, 0x19e5, 0x19e5, 0x19e5, 0x19e5, 0x19e5,
    0x19e5, 0x19e5, 0x19e5, 0x19e5, 0x19e5, 0x19e5, 0x19e5, 0x19e5, 0x19e5, 0x19e5, 0x19e5, 0x19e5, 0x19e5, 0x19e5, 0x19e5, 0x19e5,
    0x19e5, 0x19e5, 0x19e5, 0x19e5, 0x19e5, 0x19e5, 0x19e5, 0x19e5, 0x19e5, 0x19e5, 0x19e5, 0x19e5, 0x19e5, 0x19e5, 0x19e5, 0x19e5,
    0x19e5, 0x19e5, 0x19e5, 0x19e5, 0x19e5, 0x19e5, 0x19e5, 0x19e5, 0x19e5, 0x19e5, 0x19e5, 0x19e5, 0x19e5, 0x19e5, 0x19e5, 0x19e5,
    0x19e5, 0x19e5, 0x19e5, 0x19e5, 0x19e5, 0x19e5, 0x19e5, 0x19e5, 0x19e5, 0x19e5, 0x19e5, 0x19e5, 0x19e5, 0x19e5, 0x19e5, 0x19e5,
    0x19e5, 0x19e5, 0x19e5, 0x19e5, 0x19e5, 0x19e5, 0x19e5, 0x19e5, 0x19e5, 0x19e5, 0x19e5, 0x19e5, 0x21e6, 0x1184, 0xad94, 0xfffe,
    0xf77c, 0xf79c, 0xf79c, 0xf79c, 0xf79c, 0xf77c, 0xfffe, 0x7c4f, 0x1184, 0x2206, 0x19e5, 0x19e5, 0x19e5, 0x19e5, 0x19e5, 0x19e5,
    0x19e5, 0x19e5, 0x19e5, 0x19e5, 0x19e5, 0x19e5, 0x19e5, 0x19e5, 0x19e5, 0x19e5, 0x19e5, 0x19e5, 0x19e5, 0x19e5, 0x19e5, 0x19e5,
    0x19e5, 0x19e5, 0x19e5, 0x19e5, 0x19e5, 0x19e5, 0x19e5, 0x19e5, 0x19e5, 0x19e5, 0x19e5, 0x19e5, 0x19e5, 0x19e5, 0x19e5, 0x19e5,
    0x19e5, 0x19e5, 0x19e5, 0x19e5, 0x19e5, 0x19e5, 0x19e5, 0x19e5, 0x19e5, 0x19e5, 0x19e5, 0x19e5, 0x19e5, 0x19e5, 0x19e5, 0x19e5,
    0x19e5, 0x19e5, 0x19e5, 0x19e5, 0x19e5, 0x19e5, 0x19e5, 0x19e5, 0x19e5, 0x2206, 0x1184, 0x6bee, 0xfffd, 0xf77c, 0xf79c, 0xf79c,
    0xf79c, 0xf77c, 0xffdd, 0xce77, 0x19c5, 0x19e5, 0x19e5, 0x19e5, 0x19e5, 0x19e5, 0x19e5, 0x19e5, 0x19e5, 0x19e5, 0x19e5, 0x19e5,
    0x19e5, 0x19e5, 0x19e5, 0x19e5, 0x19e5, 0x19e5, 0x19e5, 0x19e5, 0x19e5, 0x19e5, 0x19e5, 0x19e5, 0x19e5, 0x19e5, 0x19e5, 0x19e5,
    0x19e5, 0x19e5, 0x19e5, 0x19e5, 0x19e5, 0x19e5, 0x19e5, 0x19e5, 0x19e5, 0x19e5, 0x19e5, 0x19e5, 0x19e5, 0x19e5, 0x19e5, 0x19e5,
    0x19e5, 0x19e5, 0x19e5, 0x19e5, 0x19e5, 0x19e5, 0x2206, 0x1184, 0x7c4f, 0xfffe, 0xf77c, 0xf79c, 0xf79c, 0xf79c, 0xf79c, 0xf77c,
    0xfffe, 0xad94, 0x1184, 0x21e6, 0x19e5, 0x19e5, 0x19e5, 0x19e5, 0x19e5, 0x19e5, 0x19e5, 0x19e5, 0x19e5, 0x19e5, 0x19e5, 0x19e5,
    0x19e5, 0x19e5, 0x19e5, 0x19e5, 0x19e5, 0x19e5, 0x19e5, 0x19e5, 0x19e5, 0x19e5, 0x19e5, 0x19e5, 0x19e5, 0x19e5, 0x19e5, 0x19e5,
    0x19e5, 0x19e5, 0x19e5, 0x19e5, 0x19e5, 0x19e5, 0x19e5, 0x19e5, 0x19e5, 0x19e5, 0x19e5, 0x19e5, 0x19e5, 0x19e5, 0x19e5, 0x19e5,
    0x19e5, 0x19e5, 0x19e5, 0x19e5, 0x19e5, 0x19e5, 0x19e5, 0x19e5, 0x19e5, 0x19e5, 0x19e5, 0x19e5, 0x19e5, 0x19e5, 0x19e5, 0x19e5,
    0x19e5, 0x19e5, 0x19e5, 0x19e5, 0x19e5, 0x19e5, 0x19e5, 0x19e5, 0x19e5, 0x19e5, 0x19e5, 0x19e5, 0x19e5, 0x19e5, 0x19e5, 0x19e5,
    0x19e5, 0x19e5, 0x19e5, 0x19e5, 0x19e5, 0x19e5, 0x19e5, 0x19e5, 0x19e5, 0x19e5, 0x19e5, 0x19e5, 0x21e6, 0x1184, 0xad94, 0xfffe,
    0xf77c, 0xf79c, 0xf79c, 0xf79c, 0xf79c, 0xf77c, 0xfffe, 0x7c4f, 0x1184, 0x2206, 0x19e5, 0x19e5, 0x19e5, 0x19e5, 0x19e5, 0x19e5,
    0x19e5, 0x19e5, 0x19e5, 0x19e5, 0x19e5, 0x19e5, 0x19e5, 0x19e5, 0x19e5, 0x19e5, 0x19e5, 0x19e5, 0x19e5, 0x19e5, 0x19e5, 0x19e5,
    0x19e5, 0x19e5, 0x19e5, 0x19e5, 0x19e5, 0x19e5, 0x19e5, 0x19e5, 0x19e5, 0x19e5, 0x19e5, 0x19e5, 0x19e5, 0x19e5, 0x19e5, 0x19e5,
    0x19e5, 0x19e5, 0x19e5, 0x19e5, 0x19e5, 0x19e5, 0x19e5, 0x19e5, 0x19e5, 0x19e5, 0x19e5, 0x19e5, 0x19e5, 0x19e5, 0x19e5, 0x19e5,
    0x19e5, 0x19e5, 0x19e5, 0x19e5, 0x19e5, 0x19e5, 0x19e5, 0x19e5, 0x19e5, 0x2206, 0x1184, 0x6bee, 0xfffd, 0xf77c, 0xf79c, 0xf79c,
    0xf79c, 0xf77c, 0xffdd, 0xce77, 0x19c5, 0x19e5, 0x19e5, 0x19e5, 0x19e5, 0x19e5, 0x19e5, 0x19e5, 0x19e5, 0x19e5, 0x19e5, 0x19e5,
    0x19e5, 0x19e5, 0x19e5, 0x19e5, 0x19e5, 0x19e5, 0x19e5, 0x19e5, 0x19e5, 0x19e5, 0x19e5, 0x19e5, 0x19e5, 0x19e5, 0x19e5, 0x19e5,
    0x19e5, 0x19e5, 0x19e5, 0x19e5, 0x19e5, 0x19e5, 0x19e5, 0x19e5, 0x19e5, 0x19e5, 0x19e5, 0x19e5, 0x19e5, 0x19e5, 0x19e5, 0x19e5,
    0x19e5, 0x19e5, 0x19e5, 0x19e5, 0x19e5, 0x19e5, 0x2206, 0x1184, 0x7c4f, 0xfffe, 0xf77c, 0xf79c, 0xf79c, 0xf79c, 0xf79c, 0xf77c,
    0xfffe, 0xad94, 0x1184, 0x21e6, 0x19e5, 0x19e5, 0x19e5, 0x19e5, 0x19e5, 0x19e5, 0x19e5, 0x19e5, 0x19e5, 0x19e5, 0x19e5, 0x19e5,
    0x19e5, 0x19e5, 0x19e5, 0x19e5, 0x19e5, 0x19e5, 0x19e5, 0x19e5, 0x19e5, 0x19e5, 0x19e5, 0x19e5, 0x19e5, 0x19e5, 0x19e5, 0x19e5,
    0x19e5, 0x19e5, 0x19e5, 0x19e5, 0x19e5, 0x19e5, 0x19e5, 0x19e5, 0x19e5, 0x19e5, 0x19e5, 0x19e5, 0x19e5, 0x19e5, 0x19e5, 0x19e5,
    0x19e5, 0x19e5, 0x19e5, 0x19e5, 0x19e5, 0x19e5, 0x19e5, 0x19e5, 0x19e5, 0x19e5, 0x19e5, 0x19e5, 0x19e5, 0x19e5, 0x19e5, 0x19e5,
    0x19e5, 0x19e5, 0x19e5, 0x19e5, 0x19e5, 0x19e5, 0x19e5, 0x19e5, 0x19e5, 0x19e5, 0x19e5, 0x19e5, 0x19e5, 0x19e5, 0x19e5, 0x19e5,
    0x19e5, 0x19e5, 0x19e5, 0x19e5, 0x19e5, 0x19e5, 0x19e5, 0x19e5, 0x19e5, 0x19e5, 0x19e5, 0x19e5, 0x21e6, 0x1184, 0xad94, 0xfffe,
    0xf77c, 0xf79c, 0xf79c, 0xf79c, 0xf79c, 0xf77c, 0xfffe, 0x7c4f, 0x1184, 0x2206, 0x19e5, 0x19e5, 0x19e5, 0x19e5, 0x19e5, 0x19e5,
    0x19e5, 0x19e5, 0x19e5, 0x19e5, 0x19e5, 0x19e5, 0x19e5, 0x19e5, 0x19e5, 0x19e5, 0x19e5, 0x19e5, 0x19e5, 0x19e5, 0x19e5, 0x19e5,
    0x19e5, 0x19e5, 0x19e5, 0x19e5, 0x19e5, 0x19e5, 0x19e5, 0x19e5, 0x19e5, 0x19e5, 0x19e5, 0x19e5, 0x19e5, 0x19e5, 0x19e5, 0x19e5,
    0x19e5, 0x19e5, 0x19e5, 0x19e5, 0x19e5, 0x19e5, 0x19e5, 0x19e5, 0x19e5, 0x19e5, 0x19e5, 0x19e5, 0x19e5, 0x19e5, 0x19e5, 0x19e5,
    0x19e5, 0x19e5, 0x19e5, 0x19e5, 0x19e5, 0x19e5, 0x19e5, 0x19e5, 0x19e5, 0x2206, 0x1184, 0x6bee, 0xfffd, 0xf77c, 0xf79c, 0xf79c,
    0xf79c, 0xf77c, 0xffdd, 0xce77, 0x19c5, 0x19e5, 0x19e5, 0x19e5, 0x19e5, 0x19e5, 0x19e5, 0x19e5, 0x19e5, 0x19e5, 0x19e5, 0x19e5,
    0x19e5, 0x19e5, 0x19e5, 0x19e5, 0x19e5, 0x19e5, 0x19e5, 0x19e5, 0x19e5, 0x19e5, 0x19e5, 0x19e5, 0x19e5, 0x19e5, 0x19e5, 0x19e5,
    0x19e5, 0x19e5, 0x19e5, 0x19e5, 0x19e5, 0x19e5, 0x19e5, 0x19e5, 0x19e5, 0x19e5, 0x19e5, 0x19e5, 0x19e5, 0x19e5, 0x19e5, 0x19e5,
    0x19e5, 0x19e5, 0x19e5, 0x19e5, 0x19e5, 0x19e5, 0x2206, 0x1184, 0x7c4f, 0xfffe, 0xf77c, 0xf79c, 0xf79c, 0xf79c, 0xf79c, 0xf77c,
    0xfffe, 0xad94, 0x1184, 0x21e6, 0x19e5, 0x19e5, 0x19e5, 0x19e5, 0x19e5, 0x19e5, 0x19e5, 0x19e5, 0x19e5, 0x19e5, 0x19e5, 0x19e5,
    0x19e5, 0x19e5, 0x19e5, 0x19e5, 0x19e5, 0x19e5, 0x19e5, 0x19e5, 0x19e5, 0x19e5, 0x19e5, 0x19e5, 0x19e5, 0x19e5, 0x19e5, 0x19e5,
    0x19e5, 0x19e5, 0x19e5, 0x19e5, 0x19e5, 0x19e5, 0x19e5, 0x19e5, 0x19e5, 0x19e5, 0x19e5, 0x19e5, 0x19e5, 0x19e5, 0x19e5, 0x19e5,
    0x19e5, 0x19e5, 0x19e5, 0x19e5, 0x19e5, 0x19e5, 0x19e5, 0x19e5, 0x19e5, 0x19e5, 0x19e5, 0x19e5, 0x19e5, 0x19e5, 0x19e5, 0x19e5,
    0x19e5, 0x19e5, 0x19e5, 0x19e5, 0x19e5, 0x19e5, 0x19e5, 0x19e5, 0x19e5, 0x19e5, 0x19e5, 0x19e5, 0x19e5, 0x19e5, 0x19e5, 0x19e5,
    0x19e5, 0x19e5, 0x19e5, 0x19e5, 0x19e5, 0x19e5, 0x19e5, 0x19e5, 0x19e5, 0x19e5, 0x19e5, 0x19e5, 0x21e6, 0x1184, 0xad94, 0xfffe,
    0xf77c, 0xf79c, 0xf79c, 0xf79c, 0xf79c, 0xf77c, 0xfffe, 0x7c4f, 0x1184, 0x2206, 0x19e5, 0x19e5, 0x19e5, 0x19e5, 0x19e5, 0x19e5,
    0x19e5, 0x19e5, 0x19e5, 0x19e5, 0x19e5, 0x19e5, 0x19e5, 0x19e5, 0x19e5, 0x19e5, 0x19e5, 0x19e5, 0x19e5, 0x19e5, 0x19e5, 0x19e5,
    0x19e5, 0x19e5, 0x19e5, 0x19e5, 0x19e5, 0x19e5, 0x19e5, 0x19e5, 0x19e5, 0x19e5, 0x19e5, 0x19e5, 0x19e5, 0x19e5, 0x19e5, 0x19e5,
    0x19e5, 0x19e5, 0x19e5, 0x19e5, 0x19e5, 0x19e5, 0x19e5, 0x19e5, 0x19e5, 0x19e5, 0x19e5, 0x19e5, 0x19e5, 0x19e5, 0x19e5, 0x19e5,
    0x19e5, 0x19e5, 0x19e5, 0x19e5, 0x19e5, 0x19e5, 0x19e5, 0x19e5, 0x19e5, 0x2206, 0x1184, 0x6bee, 0xfffd, 0xf77c, 0xf79c, 0xf79c,
    0xf79c, 0xf77c, 0xffdd, 0xce77, 0x19c5, 0x19e5, 0x19e5, 0x19e5, 0x19e5, 0x19e5, 0x19e5, 0x19e5, 0x19e5, 0x19e5, 0x19e5, 0x19e5,
    0x19e5, 0x19e5, 0x19e5, 0x19e5, 0x19e5, 0x19e5, 0x19e5, 0x19e5, 0x19e5, 0x19e5, 0x19e5, 0x19e5, 0x19e5, 0x19e5, 0x19e5, 0x19e5,
    0x19e5, 0x19e5, 0x19e5, 0x19e5, 0x19e5, 0x19e5, 0x19e5, 0x19e5, 0x19e5, 0x19e5, 0x19e5, 0x19e5, 0x19e5, 0x19e5, 0x19e5, 0x19e5,
    0x19e5, 0x19e5, 0x19e5, 0x19e5, 0x19e5, 0x19e5, 0x2206, 0x1184, 0x7c4f, 0xfffe, 0xf77c, 0xf79c, 0xf79c, 0xf79c, 0xf79c, 0xf77c,
    0xfffe, 0xad94, 0x1184, 0x21e6, 0x19e5, 0x19e5, 0x19e5, 0x19e5, 0x19e5, 0x19e5, 0x19e5, 0x19e5, 0x19e5, 0x19e5, 0x19e5, 0x19e5,
    0x19e5, 0x19e5, 0x19e5, 0x19e5, 0x19e5, 0x19e5, 0x19e5, 0x19e5, 0x19e5, 0x19e5, 0x19e5, 0x19e5, 0x19e5, 0x19e5, 0x19e5, 0x19e5,
    0x19e5, 0x19e5, 0x19e5, 0x19e5, 0x19e5, 0x19e5, 0x19e5, 0x19e5, 0x19e5, 0x19e5, 0x19e5, 0x19e5, 0x19e5, 0x19e5, 0x19e5, 0x19e5,
    0x19e5, 0x19e5, 0x19e5, 0x19e5, 0x19e5, 0x19e5, 0x19e5, 0x19e5, 0x19e5, 0x19e5, 0x19e5, 0x19e5, 0x19e5, 0x19e5, 0x19e5, 0x19e5,
    0x19e5, 0x19e5, 0x19e5, 0x19e5, 0x19e5, 0x19e5, 0x19e5, 0x19e5, 0x19e5, 0x19e5, 0x19e5, 0x19e5, 0x19e5, 0x19e5, 0x19e5, 0x19e5,
    0x19e5, 0x19e5, 0x19e5, 0x19e5, 0x19e5, 0x19e5, 0x19e5, 0x19e5, 0x19e5, 0x19e5, 0x19e5, 0x19e5, 0x21e6, 0x1184, 0xad94, 0xfffe,
    0xf77c, 0xf79c, 0xf79c, 0xf79c, 0xf79c, 0xf77c, 0xfffe, 0x7c4f, 0x1184, 0x2206, 0x19e5, 0x19e5, 0x19e5, 0x19e5, 0x19e5, 0x19e5,
    0x19e5, 0x19e5, 0x19e5, 0x19e5, 0x19e5, 0x19e5, 0x19e5, 0x19e5, 0x19e5, 0x19e5, 0x19e5, 0x19e5, 0x19e5, 0x19e5, 0x19e5, 0x19e5,
    0x19e5, 0x19e5, 0x19e5, 0x19e5, 0x19e5, 0x19e5, 0x19e5, 0x19e5, 0x19e5, 0x19e5, 0x19e5, 0x19e5, 0x19e5, 0x19e5, 0x19e5, 0x19e5,
    0x19e5, 0x19e5, 0x19e5, 0x19e5, 0x19e5, 0x19e5, 0x19e5, 0x19e5, 0x19e5, 0x19e5, 0x19e5, 0x19e5, 0x19e5, 0x19e5, 0x19e5, 0x19e5,
    0x19e5, 0x19e5, 0x19e5, 0x19e5, 0x19e5, 0x19e5, 0x19e5, 0x19e5, 0x19e5, 0x2206, 0x1184, 0x6bee, 0xfffd, 0xf77c, 0xf79c, 0xf79c,
    0xf79c, 0xf77c, 0xffdd, 0xce77, 0x19c5, 0x19e5, 0x19e5, 0x19e5, 0x19e5, 0x19e5, 0x19e5, 0x19e5, 0x19e5, 0x19e5, 0x19e5, 0x19e5,
    0x19e5, 0x19e5, 0x19e5, 0x19e5, 0x19e5, 0x19e5, 0x19e5, 0x19e5, 0x19e5, 0x19e5, 0x19e5, 0x19e5, 0x19e5, 0x19e5, 0x19e5, 0x19e5,
    0x19e5, 0x19e5, 0x19e5, 0x19e5, 0x19e5, 0x19e5, 0x19e5, 0x19e5, 0x19e5, 0x19e5, 0x19e5, 0x19e5, 0x19e5, 0x19e5, 0x19e5, 0x19e5,
    0x19e5, 0x19e5, 0x19e5, 0x19e5, 0x19e5, 0x19e5, 0x2206, 0x1184, 0x7c4f, 0xfffe, 0xf77c, 0xf79c, 0xf79c, 0xf79c, 0xf79c, 0xf77c,
    0xfffe, 0xad94, 0x1184, 0x21e6, 0x19e5, 0x19e5, 0x19e5, 0x19e5, 0x19e5, 0x19e5, 0x19e5, 0x19e5, 0x19e5, 0x19e5, 0x19e5, 0x19e5,
    0x19e5, 0x19e5, 0x19e5, 0x19e5, 0x19e5, 0x19e5, 0x19e5, 0x19e5, 0x19e5, 0x19e5, 0x19e5, 0x19e5, 0x19e5, 0x19e5, 0x19e5, 0x19e5,
    0x19e5, 0x19e5, 0x19e5, 0x19e5, 0x19e5, 0x19e5, 0x19e5, 0x19e5, 0x19e5, 0x19e5, 0x19e5, 0x19e5, 0x19e5, 0x19e5, 0x19e5, 0x19e5,
    0x19e5, 0x19e5, 0x19e5, 0x19e5, 0x19e5, 0x19e5, 0x19e5, 0x19e5, 0x19e5, 0x19e5, 0x19e5, 0x19e5, 0x19e5, 0x19e5, 0x19e5, 0x19e5,
    0x19e5, 0x19e5, 0x19e5, 0x19e5, 0x19e5, 0x19e5, 0x19e5, 0x19e5, 0x19e5, 0x19e5, 0x19e5, 0x19e5, 0x19e5, 0x19e5, 0x19e5, 0x19e5,
    0x19e5, 0x19e5, 0x19e5, 0x19e5, 0x19e5, 0x19e5, 0x19e5, 0x19e5, 0x19e5, 0x19e5, 0x19e5, 0x19e5, 0x21e6, 0x1184, 0xad94, 0xfffe,
    0xf77c, 0xf79c, 0xf79c, 0xf79c, 0xf79c, 0xf77c, 0xfffe, 0x7c4f, 0x1184, 0x2206, 0x19e5, 0x19e5, 0x19e5, 0x19e5, 0x19e5, 0x19e5,
    0x19e5, 0x19e5, 0x19e5, 0x19e5, 0x19e5, 0x19e5, 0x19e5, 0x19e5, 0x19e5, 0x19e5, 0x19e5, 0x19e5, 0x19e5, 0x19e5, 0x19e5, 0x19e5,
    0x19e5, 0x19e5, 0x19e5, 0x19e5, 0x19e5, 0x19e5, 0x19e5, 0x19e5, 0x19e5, 0x19e5, 0x19e5, 0x19e5, 0x19e5, 0x19e5, 0x19e5, 0x19e5,
    0x19e5, 0x19e5, 0x19e5, 0x19e5, 0x19e5, 0x19e5, 0x19e5, 0x19e5, 0x19e5, 0x19e5, 0x19e5, 0x19e5, 0x19e5, 0x19e5, 0x19e5, 0x19e5,
    0x19e5, 0x19e5, 0x19e5, 0x19e5, 0x19e5, 0x19e5, 0x19e5, 0x19e5, 0x19e5, 0x2206, 0x1184, 0x6bee, 0xfffd, 0xf77c, 0xf79c, 0xf79c,
    0xf79c, 0xf77c, 0xffdd, 0xce77, 0x19c5, 0x19e5, 0x19e5, 0x19e5, 0x19e5, 0x19e5, 0x19e5, 0x19e5, 0x19e5, 0x19e5, 0x19e5, 0x19e5,
    0x19e5, 0x19e5, 0x19e5, 0x19e5, 0x19e5, 0x19e5, 0x19e5, 0x19e5, 0x19e5, 0x19e5, 0x19e5, 0x19e5, 0x19e5, 0x19e5, 0x19e5, 0x19e5,
    0x19e5, 0x19e5, 0x19e5, 0x19e5, 0x19e5, 0x19e5, 0x19e5, 0x19e5, 0x19e5, 0x19e5, 0x19e5, 0x19e5, 0x19e5, 0x19e5, 0x19e5, 0x19e5,
    0x19e5, 0x19e5, 0x19e5, 0x19e5, 0x19e5, 0x19e5, 0x2206, 0x1184, 0x7c4f, 0xfffe, 0xf77c, 0xf79c, 0xf79c, 0xf79c, 0xf79c, 0xf77c,
    0xfffe, 0xad94, 0x1184, 0x21e6, 0x19e5, 0x19e5, 0x19e5, 0x19e5, 0x19e5, 0x19e5, 0x19e5, 0x19e5, 0x19e5, 0x19e5, 0x19e5, 0x19e5,
    0x19e5, 0x19e5, 0x19e5, 0x19e5, 0x19e5, 0x19e5, 0x19e5, 0x19e5, 0x19e5, 0x19e5, 0x19e5, 0x19e5, 0x19e5, 0x19e5, 0x19e5, 0x19e5,
    0x19e5, 0x19e5, 0x19e5, 0x19e5, 0x19e5, 0x19e5, 0x19e5, 0x19e5, 0x19e5, 0x19e5, 0x19e5, 0x19e5, 0x19e5, 0x19e5, 0x19e5, 0x19e5,
    0x19e5, 0x19e5, 0x19e5, 0x19e5, 0x19e5, 0x19e5, 0x19e5, 0x19e5, 0x19e5, 0x19e5, 0x19e5, 0x19e5, 0x19e5, 0x19e5, 0x19e5, 0x19e5,
    0x19e5, 0x19e5, 0x19e5, 0x19e5, 0x19e5, 0x19e5, 0x19e5, 0x19e5, 0x19e5, 0x19e5, 0x19e5, 0x19e5, 0x19e5, 0x19e5, 0x19e5, 0x19e5,
    0x19e5, 0x19e5, 0x19e5, 0x19e5, 0x19e5, 0x19e5, 0x19e5, 0x19e5, 0x19e5, 0x19e5, 0x19e5, 0x19e5, 0x21e6, 0x1184, 0xad94, 0xfffe,
    0xf77c, 0xf79c, 0xf79c, 0xf79c, 0xf79c, 0xf77c, 0xfffe, 0x7c4f, 0x1184, 0x2206, 0x19e5, 0x19e5, 0x19e5, 0x19e5, 0x19e5, 0x19e5,
    0x19e5, 0x19e5, 0x19e5, 0x19e5, 0x19e5, 0x19e5, 0x19e5, 0x19e5, 0x19e5, 0x19e5, 0x19e5, 0x19e5, 0x19e5, 0x19e5, 0x19e5, 0x19e5,
    0x19e5, 0x19e5, 0x19e5, 0x19e5, 0x19e5, 0x19e5, 0x19e5, 0x19e5, 0x19e5, 0x19e5, 0x19e5, 0x19e5, 0x19e5, 0x19e5, 0x19e5, 0x19e5,
    0x19e5, 0x19e5, 0x19e5, 0x19e5, 0x19e5, 0x19e5, 0x19e5, 0x19e5, 0x19e5, 0x19e5, 0x19e5, 0x19e5, 0x19e5, 0x19e5, 0x19e5, 0x19e5,
    0x19e5, 0x19e5, 0x19e5, 0x19e5, 0x19e5, 0x19e5, 0x19e5, 0x19e5, 0x19e5, 0x2206, 0x1184, 0x6bee, 0xfffd, 0xf77c, 0xf79c, 0xf79c,
    0xf79c, 0xf77c, 0xffdd, 0xce77, 0x19c5, 0x19e5, 0x19e5, 0x19e5, 0x19e5, 0x19e5, 0x19e5, 0x19e5, 0x19e5, 0x19e5, 0x19e5, 0x19e5,
    0x19e5, 0x19e5, 0x19e5, 0x19e5, 0x19e5, 0x19e5, 0x19e5, 0x19e5, 0x19e5, 0x19e5, 0x19e5, 0x19e5, 0x19e5, 0x19e5, 0x19e5, 0x19e5,
    0x19e5, 0x19e5, 0x19e5, 0x19e5, 0x19e5, 0x19e5, 0x19e5, 0x19e5, 0x19e5, 0x19e5, 0x19e5, 0x19e5, 0x19e5, 0x19e5, 0x19e5, 0x19e5,
    0x19e5, 0x19e5, 0x19e5, 0x19e5, 0x19e5, 0x19e5, 0x2206, 0x1184, 0x7c4f, 0xfffe, 0xf77c, 0xf79c, 0xf79c, 0xf79c, 0xf79c, 0xf77c,
    0xfffe, 0xad94, 0x1184, 0x21e6, 0x19e5, 0x19e5, 0x19e5, 0x19e5, 0x19e5, 0x19e5, 0x19e5, 0x19e5, 0x19e5, 0x19e5, 0x19e5, 0x19e5,
    0x19e5, 0x19e5, 0x19e5, 0x19e5, 0x19e5, 0x19e5, 0x19e5, 0x19e5, 0x19e5, 0x19e5, 0x19e5, 0x19e5, 0x19e5, 0x19e5, 0x19e5, 0x19e5,
    0x19e5, 0x19e5, 0x19e5, 0x19e5, 0x19e5, 0x19e5, 0x19e5, 0x19e5, 0x19e5, 0x19e5, 0x19e5, 0x19e5, 0x19e5, 0x19e5, 0x19e5, 0x19e5,
    0x19e5, 0x19e5, 0x19e5, 0x19e5, 0x19e5, 0x19e5, 0x19e5, 0x19e5, 0x19e5, 0x19e5, 0x19e5, 0x19e5, 0x19e5, 0x19e5, 0x19e5, 0x19e5,
    0x19e5, 0x19e5, 0x19e5, 0x19e5, 0x19e5, 0x19e5, 0x19e5, 0x19e5, 0x19e5, 0x19e5, 0x19e5, 0x19e5, 0x19e5, 0x19e5, 0x19e5, 0x19e5,
    0x19e5, 0x19e5, 0x19e5, 0x19e5, 0x19e5, 0x19e5, 0x19e5, 0x19e5, 0x19e5, 0x19e5, 0x19e5, 0x19e5, 0x21e6, 0x1184, 0xad94, 0xfffe,
    0xf77c, 0xf79c, 0xf79c, 0xf79c, 0xf79c, 0xf77c, 0xfffe, 0x7c4f, 0x1184, 0x2206, 0x19e5, 0x19e5, 0x19e5, 0x19e5, 0x19e5, 0x19e5,
    0x19e5, 0x19e5, 0x19e5, 0x19e5, 0x19e5, 0x19e5, 0x19e5, 0x19e5, 0x19e5, 0x19e5, 0x19e5, 0x19e5, 0x19e5, 0x19e5, 0x19e5, 0x19e5,
    0x19e5, 0x19e5, 0x19e5, 0x19e5, 0x19e5, 0x19e5, 0x19e5, 0x19e5, 0x19e5, 0x19e5, 0x19e5, 0x19e5, 0x19e5, 0x19e5, 0x19e5, 0x19e5,
    0x19e5, 0x19e5, 0x19e5, 0x19e5, 0x19e5, 0x19e5, 0x19e5, 0x19e5, 0x19e5, 0x19e5, 0x19e5, 0x19e5, 0x19e5, 0x19e5, 0x19e5, 0x19e5,
    0x19e5, 0x19e5, 0x19e5, 0x19e5, 0x19e5, 0x19e5, 0x19e5, 0x19e5, 0x19e5, 0x2206, 0x1184, 0x6bee, 0xfffd, 0xf77c, 0xf79c, 0xf79c,
    0xf79c, 0xf77c, 0xffdd, 0xce77, 0x19c5, 0x19e5, 0x19e5, 0x19e5, 0x19e5, 0x19e5, 0x19e5, 0x19e5, 0x19e5, 0x19e5, 0x19e5, 0x19e5,
    0x19e5, 0x19e5, 0x19e5, 0x19e5, 0x19e5, 0x19e5, 0x19e5, 0x19e5, 0x19e5, 0x19e5, 0x19e5, 0x19e5, 0x19e5, 0x19e5, 0x19e5, 0x19e5,
    0x19e5, 0x19e5, 0x19e5, 0x19e5, 0x19e5, 0x19e5, 0x19e5, 0x19e5, 0x19e5, 0x19e5, 0x19e5, 0x19e5, 0x19e5, 0x19e5, 0x19e5, 0x19e5,
    0x19e5, 0x19e5, 0x19e5, 0x19e5, 0x19e5, 0x19e5, 0x2206, 0x1184, 0x7c4f, 0xfffe, 0xf77c, 0xf79c, 0xf79c, 0xf79c, 0xf79c, 0xf77c,
    0xfffe, 0xad94, 0x1184, 0x21e6, 0x19e5, 0x19e5, 0x19e5, 0x19e5, 0x19e5, 0x19e5, 0x19e5, 0x19e5, 0x19e5, 0x19e5, 0x19e5, 0x19e5,
    0x19e5, 0x19e5, 0x19e5, 0x19e5, 0x19e5, 0x19e5, 0x19e5, 0x19e5, 0x19e5, 0x19e5, 0x19e5, 0x19e5, 0x19e5, 0x19e5, 0x19e5, 0x19e5,
    0x19e5, 0x19e5, 0x19e5, 0x19e5, 0x19e5, 0x19e5, 0x19e5, 0x19e5, 0x19e5, 0x19e5, 0x19e5, 0x19e5, 0x19e5, 0x19e5, 0x19e5, 0x19e5,
    0x19e5, 0x19e5, 0x19e5, 0x19e5, 0x19e5, 0x19e5, 0x19e5, 0x19e5, 0x19e5, 0x19e5, 0x19e5, 0x19e5, 0x19e5, 0x19e5, 0x19e5, 0x19e5,
    0x19e5, 0x19e5, 0x19e5, 0x19e5, 0x19e5, 0x19e5, 0x19e5, 0x19e5, 0x19e5, 0x19e5, 0x19e5, 0x19e5, 0x19e5, 0x19e5, 0x19e5, 0x19e5,
    0x19e5, 0x19e5, 0x19e5, 0x19e5, 0x19e5, 0x19e5, 0x19e5, 0x19e5, 0x19e5, 0x19e5, 0x19e5, 0x19e5, 0x21e6, 0x1184, 0xad94, 0xfffe,
    0xf77c, 0xf79c, 0xf79c, 0xf79c, 0xf79c, 0xf77c, 0xfffe, 0x7c4f, 0x1184, 0x2206, 0x19e5, 0x19e5, 0x19e5, 0x19e5, 0x19e5, 0x19e5,
    0x19e5, 0x19e5, 0x19e5, 0x19e5, 0x19e5, 0x19e5, 0x19e5, 0x19e5, 0x19e5, 0x19e5, 0x19e5, 0x19e5, 0x19e5, 0x19e5, 0x19e5, 0x19e5,
    0x19e5, 0x19e5, 0x19e5, 0x19e5, 0x19e5, 0x19e5, 0x19e5, 0x19e5, 0x19e5, 0x19e5, 0x19e5, 0x19e5, 0x19e5, 0x19e5, 0x19e5, 0x19e5,
    0x19e5, 0x19e5, 0x19e5, 0x19e5, 0x19e5, 0x19e5, 0x19e5, 0x19e5, 0x19e5, 0x19e5, 0x19e5, 0x19e5, 0x19e5, 0x19e5, 0x19e5, 0x19e5,
    0x19e5, 0x19e5, 0x19e5, 0x19e5, 0x19e5, 0x19e5, 0x19e5, 0x19e5, 0x19e5, 0x2206, 0x1184, 0x6bee, 0xfffd, 0xf77c, 0xf79c, 0xf79c,
    0xf79c, 0xf77c, 0xffdd, 0xce77, 0x19c5, 0x19e5, 0x19e5, 0x19e5, 0x19e5, 0x19e5, 0x19e5, 0x19e5, 0x19e5, 0x19e5, 0x19e5, 0x19e5,
    0x19e5, 0x19e5, 0x19e5, 0x19e5, 0x19e5, 0x19e5, 0x19e5, 0x19e5, 0x19e5, 0x19e5, 0x19e5, 0x19e5, 0x19e5, 0x19e5, 0x19e5, 0x19e5,
    0x19e5, 0x19e5, 0x19e5, 0x19e5, 0x19e5, 0x19e5, 0x19e5, 0x19e5, 0x19e5, 0x19e5, 0x19e5, 0x19e5, 0x19e5, 0x19e5, 0x19e5, 0x19e5,
    0x19e5, 0x19e5, 0x19e5, 0x19e5, 0x19e5, 0x19e5, 0x2206, 0x1184, 0x7c4f, 0xfffe, 0xf77c, 0xf79c, 0xf79c, 0xf79c, 0xf79c, 0xf77c,
    0xfffe, 0xad94, 0x1184, 0x21e6, 0x19e5, 0x19e5, 0x19e5, 0x19e5, 0x19e5, 0x19e5, 0x19e5, 0x19e5, 0x19e5, 0x19e5, 0x19e5, 0x19e5,
    0x19e5, 0x19e5, 0x19e5, 0x19e5, 0x19e5, 0x19e5, 0x19e5, 0x19e5, 0x19e5, 0x19e5, 0x19e5, 0x19e5, 0x19e5, 0x19e5, 0x19e5, 0x19e5,
    0x19e5, 0x19e5, 0x19e5, 0x19e5, 0x19e5, 0x19e5, 0x19e5, 0x19e5, 0x19e5, 0x19e5, 0x19e5, 0x19e5, 0x19e5, 0x19e5, 0x19e5, 0x19e5,
    0x19e5, 0x19e5, 0x19e5, 0x19e5, 0x19e5, 0x19e5, 0x19e5, 0x19e5, 0x19e5, 0x19e5, 0x19e5, 0x19e5, 0x19e5, 0x19e5, 0x19e5, 0x19e5,
    0x19e5, 0x19e5, 0x19e5, 0x19e5, 0x19e5, 0x19e5, 0x19e5, 0x19e5, 0x19e5, 0x19e5, 0x19e5, 0x19e5, 0x19e5, 0x19e5, 0x19e5, 0x19e5,
    0x19e5, 0x19e5, 0x19e5, 0x19e5, 0x19e5, 0x19e5, 0x19e5, 0x19e5, 0x19e5, 0x19e5, 0x19e5, 0x19e5, 0x21e6, 0x1184, 0xad94, 0xfffe,
    0xf77c, 0xf79c, 0xf79c, 0xf79c, 0xf79c, 0xf77c, 0xfffe, 0x7c4f, 0x1184, 0x2206, 0x19e5, 0x19e5, 0x19e5, 0x19e5, 0x19e5, 0x19e5,
    0x19e5, 0x19e5, 0x19e5, 0x19e5, 0x19e5, 0x19e5, 0x19e5, 0x19e5, 0x19e5, 0x19e5, 0x19e5, 0x19e5, 0x19e5, 0x19e5, 0x19e5, 0x19e5,
    0x19e5, 0x19e5, 0x19e5, 0x19e5, 0x19e5, 0x19e5, 0x19e5, 0x19e5, 0x19e5, 0x19e5, 0x19e5, 0x19e5, 0x19e5, 0x19e5, 0x19e5, 0x19e5,
    0x19e5, 0x19e5, 0x19e5, 0x19e5, 0x19e5, 0x19e5, 0x19e5, 0x19e5, 0x19e5, 0x19e5, 0x19e5, 0x19e5, 0x19e5, 0x19e5, 0x19e5, 0x19e5,
    0x19e5, 0x19e5, 0x19e5, 0x19e5, 0x19e5, 0x19e5, 0x19e5, 0x19e5, 0x19e5, 0x2206, 0x1184, 0x6bee, 0xfffd, 0xf77c, 0xf79c, 0xf79c,
    0xf79c, 0xf77c, 0xffdd, 0xce77, 0x19c5, 0x19e5, 0x19e5, 0x19e5, 0x19e5, 0x19e5, 0x19e5, 0x19e5, 0x19e5, 0x19e5, 0x19e5, 0x19e5,
    0x19e5, 0x19e5, 0x19e5, 0x19e5, 0x19e5, 0x19e5, 0x19e5, 0x19e5, 0x19e5, 0x19e5, 0x19e5, 0x19e5, 0x19e5, 0x19e5, 0x19e5, 0x19e5,
    0x19e5, 0x19e5, 0x19e5, 0x19e5, 0x19e5, 0x19e5, 0x19e5, 0x19e5, 0x19e5, 0x19e5, 0x19e5, 0x19e5, 0x19e5, 0x19e5, 0x19e5, 0x19e5,
    0x19e5, 0x19e5, 0x19e5, 0x19e5, 0x19e5, 0x19e5, 0x2206, 0x1184, 0x7c4f, 0xfffe, 0xf77c, 0xf79c, 0xf79c, 0xf79c, 0xf79c, 0xf77c,
    0xfffe, 0xad94, 0x1184, 0x21e6, 0x19e5, 0x19e5, 0x19e5, 0x19e5, 0x19e5, 0x19e5, 0x19e5, 0x19e5, 0x19e5, 0x19e5, 0x19e5, 0x19e5,
    0x19e5, 0x19e5, 0x19e5, 0x19e5, 0x19e5, 0x19e5, 0x19e5, 0x19e5, 0x19e5, 0x19e5, 0x19e5, 0x19e5, 0x19e5, 0x19e5, 0x19e5, 0x19e5,
    0x19e5, 0x19e5, 0x19e5, 0x19e5, 0x19e5, 0x19e5, 0x19e5, 0x19e5, 0x19e5, 0x19e5, 0x19e5, 0x19e5, 0x19e5, 0x19e5, 0x19e5, 0x19e5,
    0x19e5, 0x19e5, 0x19e5, 0x19e5, 0x19e5, 0x19e5, 0x19e5, 0x19e5, 0x19e5, 0x19e5, 0x19e5, 0x19e5, 0x19e5, 0x19e5, 0x19e5, 0x19e5,
    0x19e5, 0x19e5, 0x19e5, 0x19e5, 0x19e5, 0x19e5, 0x19e5, 0x19e5, 0x19e5, 0x19e5, 0x19e5, 0x19e5, 0x19e5, 0x19e5, 0x19e5, 0x19e5,
    0x19e5, 0x19e5, 0x19e5, 0x19e5, 0x19e5, 0x19e5, 0x19e5, 0x19e5, 0x19e5, 0x19e5, 0x19e5, 0x19e5, 0x21e6, 0x1184, 0xad94, 0xfffe,
    0xf77c, 0xf79c, 0xf79c, 0xf79c, 0xf79c, 0xf77c, 0xfffe, 0x7c4f, 0x1184, 0x2206, 0x19e5, 0x19e5, 0x19e5, 0x19e5, 0x19e5, 0x19e5,
    0x19e5, 0x19e5, 0x19e5, 0x19e5, 0x19e5, 0x19e5, 0x19e5, 0x19e5, 0x19e5, 0x19e5, 0x19e5, 0x19e5, 0x19e5, 0x19e5, 0x19e5, 0x19e5,
    0x19e5, 0x19e5, 0x19e5, 0x19e5, 0x19e5, 0x19e5, 0x19e5, 0x19e5, 0x19e5, 0x19e5, 0x19e5, 0x19e5, 0x19e5, 0x19e5, 0x19e5, 0x19e5,
    0x19e5, 0x19e5, 0x19e5, 0x19e5, 0x19e5, 0x19e5, 0x19e5, 0x19e5, 0x19e5, 0x19e5, 0x19e5, 0x19e5, 0x19e5, 0x19e5, 0x19e5, 0x19e5,
    0x19e5, 0x19e5, 0x19e5, 0x19e5, 0x19e5, 0x19e5, 0x19e5, 0x19e5, 0x19e5, 0x2206, 0x1184, 0x6bee, 0xfffd, 0xf77c, 0xf79c, 0xf79c,
    0xf79c, 0xf77c, 0xffdd, 0xce77, 0x19c5, 0x19e5, 0x19e5, 0x19e5, 0x19e5, 0x19e5, 0x19e5, 0x19e5, 0x19e5, 0x19e5, 0x19e5, 0x19e5,
    0x19e5, 0x19e5, 0x19e5, 0x19e5, 0x19e5, 0x19e5, 0x19e5, 0x19e5, 0x19e5, 0x19e5, 0x19e5, 0x19e5, 0x19e5, 0x19e5, 0x19e5, 0x19e5,
    0x19e5, 0x19e5, 0x19e5, 0x19e5, 0x19e5, 0x19e5, 0x19e5, 0x19e5, 0x19e5, 0x19e5, 0x19e5, 0x19e5, 0x19e5, 0x19e5, 0x19e5, 0x19e5,
    0x19e5, 0x19e5, 0x19e5, 0x19e5, 0x19e5, 0x19e5, 0x2206, 0x1184, 0x7c4f, 0xfffe, 0xf77c, 0xf79c, 0xf79c, 0xf79c, 0xf79c, 0xf77c,
    0xfffe, 0xad94, 0x1184, 0x21e6, 0x19e5, 0x19e5, 0x19e5, 0x19e5, 0x19e5, 0x19e5, 0x19e5, 0x19e5, 0x19e5, 0x19e5, 0x19e5, 0x19e5,
    0x19e5, 0x19e5, 0x19e5, 0x19e5, 0x19e5, 0x19e5, 0x19e5, 0x19e5, 0x19e5, 0x19e5, 0x19e5, 0x19e5, 0x19e5, 0x19e5, 0x19e5, 0x19e5,
    0x19e5, 0x19e5, 0x19e5, 0x19e5, 0x19e5, 0x19e5, 0x19e5, 0x19e5, 0x19e5, 0x19e5, 0x19e5, 0x19e5, 0x19e5, 0x19e5, 0x19e5, 0x19e5,
    0x19e5, 0x19e5, 0x19e5, 0x19e5, 0x19e5, 0x19e5, 0x19e5, 0x19e5, 0x19e5, 0x19e5, 0x19e5, 0x19e5, 0x19e5, 0x19e5, 0x19e5, 0x19e5,
    0x19e5, 0x19e5, 0x19e5, 0x19e5, 0x19e5, 0x19e5, 0x19e5, 0x19e5, 0x19e5, 0x19e5, 0x19e5, 0x19e5, 0x19e5, 0x19e5, 0x19e5, 0x19e5,
    0x19e5, 0x19e5, 0x19e5, 0x19e5, 0x19e5, 0x19e5, 0x19e5, 0x19e5, 0x19e5, 0x19e5, 0x19e5, 0x19e5, 0x21e6, 0x1184, 0xad94, 0xfffe,
    0xf77c, 0xf79c, 0xf79c, 0xf79c, 0xf79c, 0xf77c, 0xfffe, 0x7c4f, 0x1184, 0x2206, 0x19e5, 0x19e5, 0x19e5, 0x19e5, 0x19e5, 0x19e5,
    0x19e5, 0x19e5, 0x19e5, 0x19e5, 0x19e5, 0x19e5, 0x19e5, 0x19e5, 0x19e5, 0x19e5, 0x19e5, 0x19e5, 0x19e5, 0x19e5, 0x19e5, 0x19e5,
    0x19e5, 0x19e5, 0x19e5, 0x19e5, 0x19e5, 0x19e5, 0x19e5, 0x19e5, 0x19e5, 0x19e5, 0x19e5, 0x19e5, 0x19e5, 0x19e5, 0x19e5, 0x19e5,
    0x19e5, 0x19e5, 0x19e5, 0x19e5, 0x19e5, 0x19e5, 0x19e5, 0x19e5, 0x19e5, 0x19e5, 0x19e5, 0x19e5, 0x19e5, 0x19e5, 0x19e5, 0x19e5,
    0x19e5, 0x19e5, 0x19e5, 0x19e5, 0x19e5, 0x19e5, 0x19e5, 0x19e5, 0x19e5, 0x2206, 0x1184, 0x6bee, 0xfffd, 0xf77c, 0xf79c, 0xf79c,
    0xf79c, 0xf77c, 0xffdd, 0xce77, 0x19c5, 0x19e5, 0x19e5, 0x19e5, 0x19e5, 0x19e5, 0x19e5, 0x19e5, 0x19e5, 0x19e5, 0x19e5, 0x19e5,
    0x19e5, 0x19e5, 0x19e5, 0x19e5, 0x19e5, 0x19e5, 0x19e5, 0x19e5, 0x19e5, 0x19e5, 0x19e5, 0x19e5, 0x19e5, 0x19e5, 0x19e5, 0x19e5,
    0x19e5, 0x19e5, 0x19e5, 0x19e5, 0x19e5, 0x19e5, 0x19e5, 0x19e5, 0x19e5, 0x19e5, 0x19e5, 0x19e5, 0x19e5, 0x19e5, 0x19e5, 0x19e5,
    0x19e5, 0x19e5, 0x19e5, 0x19e5, 0x19e5, 0x19e5, 0x2206, 0x1184, 0x7c4f, 0xfffe, 0xf77c, 0xf79c, 0xf79c, 0xf79c, 0xf79c, 0xf77c,
    0xfffe, 0xad94, 0x1184, 0x21e6, 0x19e5, 0x19e5, 0x19e5, 0x19e5, 0x19e5, 0x19e5, 0x19e5, 0x19e5, 0x19e5, 0x19e5, 0x19e5, 0x19e5,
    0x19e5, 0x19e5, 0x19e5, 0x19e5, 0x19e5, 0x19e5, 0x19e5, 0x19e5, 0x19e5, 0x19e5, 0x19e5, 0x19e5, 0x19e5, 0x19e5, 0x19e5, 0x19e5,
    0x19e5, 0x19e5, 0x19e5, 0x19e5, 0x19e5, 0x19e5, 0x19e5, 0x19e5, 0x19e5, 0x19e5, 0x19e5, 0x19e5, 0x19e5, 0x19e5, 0x19e5, 0x19e5,
    0x19e5, 0x19e5, 0x19e5, 0x19e5, 0x19e5, 0x19e5, 0x19e5, 0x19e5, 0x19e5, 0x19e5, 0x19e5, 0x19e5, 0x19e5, 0x19e5, 0x19e5, 0x19e5,
    0x19e5, 0x19e5, 0x19e5, 0x19e5, 0x19e5, 0x19e5, 0x19e5, 0x19e5, 0x19e5, 0x19e5, 0x19e5, 0x19e5, 0x19e5, 0x19e5, 0x19e5, 0x19e5,
    0x19e5, 0x19e5, 0x19e5, 0x19e5, 0x19e5, 0x19e5, 0x19e5, 0x19e5, 0x19e5, 0x19e5, 0x19e5, 0x19e5, 0x21e6, 0x1184, 0xad94, 0xfffe,
    0xf77c, 0xf79c, 0xf79c, 0xf79c, 0xf79c, 0xf77c, 0xfffe, 0x7c4f, 0x1184, 0x2206, 0x19e5, 0x19e5, 0x19e5, 0x19e5, 0x19e5, 0x19e5,
    0x19e5, 0x19e5, 0x19e5, 0x19e5, 0x19e5, 0x19e5, 0x19e5, 0x19e5, 0x19e5, 0x19e5, 0x19e5, 0x19e5, 0x19e5, 0x19e5, 0x19e5, 0x19e5,
    0x19e5, 0x19e5, 0x19e5, 0x19e5, 0x19e5, 0x19e5, 0x19e5, 0x19e5, 0x19e5, 0x19e5, 0x19e5, 0x19e5, 0x19e5, 0x19e5, 0x19e5, 0x19e5,
    0x19e5, 0x19e5, 0x19e5, 0x19e5, 0x19e5, 0x19e5, 0x19e5, 0x19e5, 0x19e5, 0x19e5, 0x19e5, 0x19e5, 0x19e5, 0x19e5, 0x19e5, 0x19e5,
    0x19e5, 0x19e5, 0x19e5, 0x19e5, 0x19e5, 0x19e5, 0x19e5, 0x19e5, 0x19e5, 0x2206, 0x1184, 0x6bee, 0xfffd, 0xf77c, 0xf79c, 0xf79c,
    0xf79c, 0xf77c, 0xffdd, 0xce77, 0x19c5, 0x19e5, 0x19e5, 0x19e5, 0x19e5, 0x19e5, 0x19e5, 0x19e5, 0x19e5, 0x19e5, 0x19e5, 0x19e5,
    0x19e5, 0x19e5, 0x19e5, 0x19e5, 0x19e5, 0x19e5, 0x19e5, 0x19e5, 0x19e5, 0x19e5, 0x19e5, 0x19e5, 0x19e5, 0x19e5, 0x19e5, 0x19e5,
    0x19e5, 0x19e5, 0x19e5, 0x19e5, 0x19e5, 0x19e5, 0x19e5, 0x19e5, 0x19e5, 0x19e5, 0x19e5, 0x19e5, 0x19e5, 0x19e5, 0x19e5, 0x19e5,
    0x19e5, 0x19e5, 0x19e5, 0x19e5, 0x19e5, 0x19e5, 0x2206, 0x1184, 0x7c4f, 0xfffe, 0xf77c, 0xf79c, 0xf79c, 0xf79c, 0xf79c, 0xf77c,
    0xfffe, 0xad94, 0x1184, 0x21e6, 0x19e5, 0x19e5, 0x19e5, 0x19e5, 0x19e5, 0x19e5, 0x19e5, 0x19e5, 0x19e5, 0x19e5, 0x19e5, 0x19e5,
    0x19e5, 0x19e5, 0x19e5, 0x19e5, 0x19e5, 0x19e5, 0x19e5, 0x19e5, 0x19e5, 0x19e5, 0x19e5, 0x19e5, 0x19e5, 0x19e5, 0x19e5, 0x19e5,
    0x19e5, 0x19e5, 0x19e5, 0x19e5, 0x19e5, 0x19e5, 0x19e5, 0x19e5, 0x19e5, 0x19e5, 0x19e5, 0x19e5, 0x19e5, 0x19e5, 0x19e5, 0x19e5,
    0x19e5, 0x19e5, 0x19e5, 0x19e5, 0x19e5, 0x19e5, 0x19e5, 0x19e5, 0x19e5, 0x19e5, 0x19e5, 0x19e5, 0x19e5, 0x19e5, 0x19e5, 0x19e5,
    0x19e5, 0x19e5, 0x19e5, 0x19e5, 0x19e5, 0x19e5, 0x19e5, 0x19e5, 0x19e5, 0x19e5, 0x19e5, 0x19e5, 0x19e5, 0x19e5, 0x19e5, 0x19e5,
    0x19e5, 0x19e5, 0x19e5, 0x19e5, 0x19e5, 0x19e5, 0x19e5, 0x19e5, 0x19e5, 0x19e5, 0x19e5, 0x19e5, 0x21e6, 0x1184, 0xad94, 0xfffe,
    0xf77c, 0xf79c, 0xf79c, 0xf79c, 0xf79c, 0xf77c, 0xfffe, 0x7c4f, 0x1184, 0x2206, 0x19e5, 0x19e5, 0x19e5, 0x19e5, 0x19e5, 0x19e5,
    0x19e5, 0x19e5, 0x19e5, 0x19e5, 0x19e5, 0x19e5, 0x19e5, 0x19e5, 0x19e5, 0x19e5, 0x19e5, 0x19e5, 0x19e5, 0x19e5, 0x19e5, 0x19e5,
    0x19e5, 0x19e5, 0x19e5, 0x19e5, 0x19e5, 0x19e5, 0x19e5, 0x19e5, 0x19e5, 0x19e5, 0x19e5, 0x19e5, 0x19e5, 0x19e5, 0x19e5, 0x19e5,
    0x19e5, 0x19e5, 0x19e5, 0x19e5, 0x19e5, 0x19e5, 0x19e5, 0x19e5, 0x19e5, 0x19e5, 0x19e5, 0x19e5, 0x19e5, 0x19e5, 0x19e5, 0x19e5,
    0x19e5, 0x19e5, 0x19e5, 0x19e5, 0x19e5, 0x19e5, 0x19e5, 0x19e5, 0x19e5, 0x2206, 0x1184, 0x6bee, 0xfffd, 0xf77c, 0xf79c, 0xf79c,
    0xf79c, 0xf77c, 0xffdd, 0xce77, 0x19c5, 0x19e5, 0x19e5, 0x19e5, 0x19e5, 0x19e5, 0x19e5, 0x19e5, 0x19e5, 0x19e5, 0x19e5, 0x19e5,
    0x19e5, 0x19e5, 0x19e5, 0x19e5, 0x19e5, 0x19e5, 0x19e5, 0x19e5, 0x19e5, 0x19e5, 0x19e5, 0x19e5, 0x19e5, 0x19e5, 0x19e5, 0x19e5,
    0x19e5, 0x19e5, 0x19e5, 0x19e5, 0x19e5, 0x19e5, 0x19e5, 0x19e5, 0x19e5, 0x19e5, 0x19e5, 0x19e5, 0x19e5, 0x19e5, 0x19e5, 0x19e5,
    0x19e5, 0x19e5, 0x19e5, 0x19e5, 0x19e5, 0x19e5, 0x2206, 0x1184, 0x7c4f, 0xfffe, 0xf77c, 0xf79c, 0xf79c, 0xf79c, 0xf79c, 0xf77c,
    0xfffe, 0xad94, 0x1184, 0x21e6, 0x19e5, 0x19e5, 0x19e5, 0x19e5, 0x19e5, 0x19e5, 0x19e5, 0x19e5, 0x19e5, 0x19e5, 0x19e5, 0x19e5,
    0x19e5, 0x19e5, 0x19e5, 0x19e5, 0x19e5, 0x19e5, 0x19e5, 0x19e5, 0x19e5, 0x19e5, 0x19e5, 0x19e5, 0x19e5, 0x19e5, 0x19e5, 0x19e5,
    0x19e5, 0x19e5, 0x19e5, 0x19e5, 0x19e5, 0x19e5, 0x19e5, 0x19e5, 0x19e5, 0x19e5, 0x19e5, 0x19e5, 0x19e5, 0x19e5, 0x19e5, 0x19e5,
    0x19e5, 0x19e5, 0x19e5, 0x19e5, 0x19e5, 0x19e5, 0x19e5, 0x19e5, 0x19e5, 0x19e5, 0x19e5, 0x19e5, 0x19e5, 0x19e5, 0x19e5, 0x19e5,
    0x19e5, 0x19e5, 0x19e5, 0x19e5, 0x19e5, 0x19e5, 0x19e5, 0x19e5, 0x19e5, 0x19e5, 0x19e5, 0x19e5, 0x19e5, 0x19e5, 0x19e5, 0x19e5,
    0x19e5, 0x19e5, 0x19e5, 0x19e5, 0x19e5, 0x19e5, 0x19e5, 0x19e5, 0x19e5, 0x19e5, 0x19e5, 0x19e5, 0x21e6, 0x1184, 0xad94, 0xfffe,
    0xf77c, 0xf79c, 0xf79c, 0xf79c, 0xf79c, 0xf77c, 0xfffe, 0x7c4f, 0x1184, 0x2206, 0x19e5, 0x19e5, 0x19e5, 0x19e5, 0x19e5, 0x19e5,
    0x19e5, 0x19e5, 0x19e5, 0x19e5, 0x19e5, 0x19e5, 0x19e5, 0x19e5, 0x19e5, 0x19e5, 0x19e5, 0x19e5, 0x19e5, 0x19e5, 0x19e5, 0x19e5,
    0x19e5, 0x19e5, 0x19e5, 0x19e5, 0x19e5, 0x19e5, 0x19e5, 0x19e5, 0x19e5, 0x19e5, 0x19e5, 0x19e5, 0x19e5, 0x19e5, 0x19e5, 0x19e5,
    0x19e5, 0x19e5, 0x19e5, 0x19e5, 0x19e5, 0x19e5, 0x19e5, 0x19e5, 0x19e5, 0x19e5, 0x19e5, 0x19e5, 0x19e5, 0x19e5, 0x19e5, 0x19e5,
    0x19e5, 0x19e5, 0x19e5, 0x19e5, 0x19e5, 0x19e5, 0x19e5, 0x19e5, 0x19e5, 0x2206, 0x1184, 0x6bee, 0xfffd, 0xf77c, 0xf79c, 0xf79c,
    0xf79c, 0xf77c, 0xffdd, 0xce77, 0x19c5, 0x19e5, 0x19e5, 0x19e5, 0x19e5, 0x19e5, 0x19e5, 0x19e5, 0x19e5, 0x19e5, 0x19e5, 0x19e5,
    0x19e5, 0x19e5, 0x19e5, 0x19e5, 0x19e5, 0x19e5, 0x19e5, 0x19e5, 0x19e5, 0x19e5, 0x19e5, 0x19e5, 0x19e5, 0x19e5, 0x19e5, 0x19e5,
    0x19e5, 0x19e5, 0x19e5, 0x19e5, 0x19e5, 0x19e5, 0x19e5, 0x19e5, 0x19e5, 0x19e5, 0x19e5, 0x19e5, 0x19e5, 0x19e5, 0x19e5, 0x19e5,
    0x19e5, 0x19e5, 0x19e5, 0x19e5, 0x19e5, 0x19e5, 0x2206, 0x1184, 0x7c4f, 0xfffe, 0xf77c, 0xf79c, 0xf79c, 0xf79c, 0xf79c, 0xf77c,
    0xfffe, 0xad94, 0x1184, 0x21e6, 0x19e5, 0x19e5, 0x19e5, 0x19e5, 0x19e5, 0x19e5, 0x19e5, 0x19e5, 0x19e5, 0x19e5, 0x19e5, 0x19e5,
    0x19e5, 0x19e5, 0x19e5, 0x19e5, 0x19e5, 0x19e5, 0x19e5, 0x19e5, 0x19e5, 0x19e5, 0x19e5, 0x19e5, 0x19e5, 0x19e5, 0x19e5, 0x19e5,
    0x19e5, 0x19e5, 0x19e5, 0x19e5, 0x19e5, 0x19e5, 0x19e5, 0x19e5, 0x19e5, 0x19e5, 0x19e5, 0x19e5, 0x19e5, 0x19e5, 0x19e5, 0x19e5,
    0x19e5, 0x19e5, 0x19e5, 0x19e5, 0x19e5, 0x19e5, 0x19e5, 0x19e5, 0x19e5, 0x19e5, 0x19e5, 0x19e5, 0x19e5, 0x19e5, 0x19e5, 0x19e5,
    0x19e5, 0x19e5, 0x19e5, 0x19e5, 0x19e5, 0x19e5, 0x19e5, 0x19e5, 0x19e5, 0x19e5, 0x19e5, 0x19e5, 0x19e5, 0x19e5, 0x19e5, 0x19e5,
    0x19e5, 0x19e5, 0x19e5, 0x19e5, 0x19e5, 0x19e5, 0x19e5, 0x19e5, 0x19e5, 0x19e5, 0x19e5, 0x19e5, 0x21e6, 0x1184, 0xad94, 0xfffe,
    0xf77c, 0xf79c, 0xf79c, 0xf79c, 0xf79c, 0xf77c, 0xfffe, 0x7c4f, 0x1184, 0x2206, 0x19e5, 0x19e5, 0x19e5, 0x19e5, 0x19e5, 0x19e5,
    0x19e5, 0x19e5, 0x19e5, 0x19e5, 0x19e5, 0x19e5, 0x19e5, 0x19e5, 0x19e5, 0x19e5, 0x19e5, 0x19e5, 0x19e5, 0x19e5, 0x19e5, 0x19e5,
    0x19e5, 0x19e5, 0x19e5, 0x19e5, 0x19e5, 0x19e5, 0x19e5, 0x19e5, 0x19e5, 0x19e5, 0x19e5, 0x19e5, 0x19e5, 0x19e5, 0x19e5, 0x19e5,
    0x19e5, 0x19e5, 0x19e5, 0x19e5, 0x19e5, 0x19e5, 0x19e5, 0x19e5, 0x19e5, 0x19e5, 0x19e5, 0x19e5, 0x19e5, 0x19e5, 0x19e5, 0x19e5,
    0x19e5, 0x19e5, 0x19e5, 0x19e5, 0x19e5, 0x19e5, 0x19e5, 0x19e5, 0x19e5, 0x2206, 0x1184, 0x6bee, 0xfffd, 0xf77c, 0xf79c, 0xf79c,
    0xf79c, 0xf77c, 0xffdd, 0xce77, 0x19c5, 0x19e5, 0x19e5, 0x19e5, 0x19e5, 0x19e5, 0x19e5, 0x19e5, 0x19e5, 0x19e5, 0x19e5, 0x19e5,
    0x19e5, 0x19e5, 0x19e5, 0x19e5, 0x19e5, 0x19e5, 0x19e5, 0x19e5, 0x19e5, 0x19e5, 0x19e5, 0x19e5, 0x19e5, 0x19e5, 0x19e5, 0x19e5,
    0x19e5, 0x19e5, 0x19e5, 0x19e5, 0x19e5, 0x19e5, 0x19e5, 0x19e5, 0x19e5, 0x19e5, 0x19e5, 0x19e5, 0x19e5, 0x19e5, 0x19e5, 0x19e5,
    0x19e5, 0x19e5, 0x19e5, 0x19e5, 0x19e5, 0x19e5, 0x2206, 0x1184, 0x7c4f, 0xfffe, 0xf77c, 0xf79c, 0xf79c, 0xf79c, 0xf79c, 0xf77c,
    0xfffe, 0xad94, 0x1184, 0x21e6, 0x19e5, 0x19e5, 0x19e5, 0x19e5, 0x19e5, 0x19e5, 0x19e5, 0x19e5, 0x19e5, 0x19e5, 0x19e5, 0x19e5,
    0x19e5, 0x19e5, 0x19e5, 0x19e5, 0x19e5, 0x19e5, 0x19e5, 0x19e5, 0x19e5, 0x19e5, 0x19e5, 0x19e5, 0x19e5, 0x19e5, 0x19e5, 0x19e5,
    0x19e5, 0x19e5, 0x19e5, 0x19e5, 0x19e5, 0x19e5, 0x19e5, 0x19e5, 0x19e5, 0x19e5, 0x19e5, 0x19e5, 0x19e5, 0x19e5, 0x19e5, 0x19e5,
    0x19e5, 0x19e5, 0x19e5, 0x19e5, 0x19e5, 0x19e5, 0x19e5, 0x19e5, 0x19e5, 0x19e5, 0x19e5, 0x19e5, 0x19e5, 0x19e5, 0x19e5, 0x19e5,
    0x19e5, 0x19e5, 0x19e5, 0x19e5, 0x19e5, 0x19e5, 0x19e5, 0x19e5, 0x19e5, 0x19e5, 0x19e5, 0x19e5, 0x19e5, 0x19e5, 0x19e5, 0x19e5,
    0x19e5, 0x19e5, 0x19e5, 0x19e5, 0x19e5, 0x19e5, 0x19e5, 0x19e5, 0x19e5, 0x19e5, 0x19e5, 0x19e5, 0x21e6, 0x1184, 0xad94, 0xfffe,
    0xf77c, 0xf79c, 0xf79c, 0xf79c, 0xf79c, 0xf77c, 0xfffe, 0x7c4f, 0x1184, 0x2206, 0x19e5, 0x19e5, 0x19e5, 0x19e5, 0x19e5, 0x19e5,
    0x19e5, 0x19e5, 0x19e5, 0x19e5, 0x19e5, 0x19e5, 0x19e5, 0x19e5, 0x19e5, 0x19e5, 0x19e5, 0x19e5, 0x19e5, 0x19e5, 0x19e5, 0x19e5,
    0x19e5, 0x19e5, 0x19e5, 0x19e5, 0x19e5, 0x19e5, 0x19e5, 0x19e5, 0x19e5, 0x19e5, 0x19e5, 0x19e5, 0x19e5, 0x19e5, 0x19e5, 0x19e5,
    0x19e5, 0x19e5, 0x19e5, 0x19e5, 0x19e5, 0x19e5, 0x19e5, 0x19e5, 0x19e5, 0x19e5, 0x19e5, 0x19e5, 0x19e5, 0x19e5, 0x19e5, 0x19e5,
    0x19e5, 0x19e5, 0x19e5, 0x19e5, 0x19e5, 0x19e5, 0x19e5, 0x19e5, 0x19e5, 0x2206, 0x1184, 0x6bee, 0xfffd, 0xf77c, 0xf79c, 0xf79c,
    0xf79c, 0xf77c, 0xffdd, 0xce77, 0x19c5, 0x19e5, 0x19e5, 0x19e5, 0x19e5, 0x19e5, 0x19e5, 0x19e5, 0x19e5, 0x19e5, 0x19e5, 0x19e5,
    0x19e5, 0x19e5, 0x19e5, 0x19e5, 0x19e5, 0x19e5, 0x19e5, 0x19e5, 0x19e5, 0x19e5, 0x19e5, 0x19e5, 0x19e5, 0x19e5, 0x19e5, 0x19e5,
    0x19e5, 0x19e5, 0x19e5, 0x19e5, 0x19e5, 0x19e5, 0x19e5, 0x19e5, 0x19e5, 0x19e5, 0x19e5, 0x19e5, 0x19e5, 0x19e5, 0x19e5, 0x19e5,
    0x19e5, 0x19e5, 0x19e5, 0x19e5, 0x19e5, 0x19e5, 0x2206, 0x1184, 0x7c4f, 0xfffe, 0xf77c, 0xf79c, 0xf79c, 0xf79c, 0xf79c, 0xf77c,
    0xfffe, 0xad94, 0x1184, 0x21e6, 0x19e5, 0x19e5, 0x19e5, 0x19e5, 0x19e5, 0x19e5, 0x19e5, 0x19e5, 0x19e5, 0x19e5, 0x19e5, 0x19e5,
    0x19e5, 0x19e5, 0x19e5, 0x19e5, 0x19e5, 0x19e5, 0x19e5, 0x19e5, 0x19e5, 0x19e5, 0x19e5, 0x19e5, 0x19e5, 0x19e5, 0x19e5, 0x19e5,
    0x19e5, 0x19e5, 0x19e5, 0x19e5, 0x19e5, 0x19e5, 0x19e5, 0x19e5, 0x19e5, 0x19e5, 0x19e5, 0x19e5, 0x19e5, 0x19e5, 0x19e5, 0x19e5,
    0x19e5, 0x19e5, 0x19e5, 0x19e5, 0x19e5, 0x19e5, 0x19e5, 0x19e5, 0x19e5, 0x19e5, 0x19e5, 0x19e5, 0x19e5, 0x19e5, 0x19e5, 0x19e5,
    0x19e5, 0x19e5, 0x19e5, 0x19e5, 0x19e5, 0x19e5, 0x19e5, 0x19e5, 0x19e5, 0x19e5, 0x19e5, 0x19e5, 0x19e5, 0x19e5, 0x19e5, 0x19e5,
    0x19e5, 0x19e5, 0x19e5, 0x19e5, 0x19e5, 0x19e5, 0x19e5, 0x19e5, 0x19e5, 0x19e5, 0x19e5, 0x19e5, 0x21e6, 0x1184, 0xad94, 0xfffe,
    0xf77c, 0xf79c, 0xf79c, 0xf79c, 0xf79c, 0xf77c, 0xfffe, 0x7c4f, 0x1184, 0x2206, 0x19e5, 0x19e5, 0x19e5, 0x19e5, 0x19e5, 0x19e5,
    0x19e5, 0x19e5, 0x19e5, 0x19e5, 0x19e5, 0x19e5, 0x19e5, 0x19e5, 0x19e5, 0x19e5, 0x19e5, 0x19e5, 0x19e5, 0x19e5, 0x19e5, 0x19e5,
    0x19e5, 0x19e5, 0x19e5, 0x19e5, 0x19e5, 0x19e5, 0x19e5, 0x19e5, 0x19e5, 0x19e5, 0x19e5, 0x19e5, 0x19e5, 0x19e5, 0x19e5, 0x19e5,
    0x19e5, 0x19e5, 0x19e5, 0x19e5, 0x19e5, 0x19e5, 0x19e5, 0x19e5, 0x19e5, 0x19e5, 0x19e5, 0x19e5, 0x19e5, 0x19e5, 0x19e5, 0x19e5,
    0x19e5, 0x19e5, 0x19e5, 0x19e5, 0x19e5, 0x19e5, 0x19e5, 0x19e5, 0x19e5, 0x2206, 0x1184, 0x6bee, 0xfffd, 0xf77c, 0xf79c, 0xf79c,
    0xf79c, 0xf77c, 0xffdd, 0xce77, 0x19c5, 0x19e5, 0x19e5, 0x19e5, 0x19e5, 0x19e5, 0x19e5, 0x19e5, 0x19e5, 0x19e5, 0x19e5, 0x19e5,
    0x19e5, 0x19e5, 0x19e5, 0x19e5, 0x19e5, 0x19e5, 0x19e5, 0x19e5, 0x19e5, 0x19e5, 0x19e5, 0x19e5, 0x19e5, 0x19e5, 0x19e5, 0x19e5,
    0x19e5, 0x19e5, 0x19e5, 0x19e5, 0x19e5, 0x19e5, 0x19e5, 0x19e5, 0x19e5, 0x19e5, 0x19e5, 0x19e5, 0x19e5, 0x19e5, 0x19e5, 0x19e5,
    0x19e5, 0x19e5, 0x19e5, 0x19e5, 0x19e5, 0x19e5, 0x2206, 0x1184, 0x7c4f, 0xfffe, 0xf77c, 0xf79c, 0xf79c, 0xf79c, 0xf79c, 0xf77c,
    0xfffe, 0xad94, 0x1184, 0x21e6, 0x19e5, 0x19e5, 0x19e5, 0x19e5, 0x19e5, 0x19e5, 0x19e5, 0x19e5, 0x19e5, 0x19e5, 0x19e5, 0x19e5,
    0x19e5, 0x19e5, 0x19e5, 0x19e5, 0x19e5, 0x19e5, 0x19e5, 0x19e5, 0x19e5, 0x19e5, 0x19e5, 0x19e5, 0x19e5, 0x19e5, 0x19e5, 0x19e5,
    0x19e5, 0x19e5, 0x19e5, 0x19e5, 0x19e5, 0x19e5, 0x19e5, 0x19e5, 0x19e5, 0x19e5, 0x19e5, 0x19e5, 0x19e5, 0x19e5, 0x19e5, 0x19e5,
    0x19e5, 0x19e5, 0x19e5, 0x19e5, 0x19e5, 0x19e5, 0x19e5, 0x19e5, 0x19e5, 0x19e5, 0x19e5, 0x19e5, 0x19e5, 0x19e5, 0x19e5, 0x19e5,
    0x19e5, 0x19e5, 0x19e5, 0x19e5, 0x19e5, 0x19e5, 0x19e5, 0x19e5, 0x19e5, 0x19e5, 0x19e5, 0x19e5, 0x19e5, 0x19e5, 0x19e5, 0x19e5,
    0x19e5, 0x19e5, 0x19e5, 0x19e5, 0x19e5, 0x19e5, 0x19e5, 0x19e5, 0x19e5, 0x19e5, 0x19e5, 0x19e5, 0x21e6, 0x1184, 0xad94, 0xfffe,
    0xf77c, 0xf79c, 0xf79c, 0xf79c, 0xf79c, 0xf77c, 0xfffe, 0x7c4f, 0x1184, 0x2206, 0x19e5, 0x19e5, 0x19e5, 0x19e5, 0x19e5, 0x19e5,
    0x19e5, 0x19e5, 0x19e5, 0x19e5, 0x19e5, 0x19e5, 0x19e5, 0x19e5, 0x19e5, 0x19e5, 0x19e5, 0x19e5, 0x19e5, 0x19e5, 0x19e5, 0x19e5,
    0x19e5, 0x19e5, 0x19e5, 0x19e5, 0x19e5, 0x19e5, 0x19e5, 0x19e5, 0x19e5, 0x19e5, 0x19e5, 0x19e5, 0x19e5, 0x19e5, 0x19e5, 0x19e5,
    0x19e5, 0x19e5, 0x19e5, 0x19e5, 0x19e5, 0x19e5, 0x19e5, 0x19e5, 0x19e5, 0x19e5, 0x19e5, 0x19e5, 0x19e5, 0x19e5, 0x19e5, 0x19e5,
    0x19e5, 0x19e5, 0x19e5, 0x19e5, 0x19e5, 0x19e5, 0x19e5, 0x19e5, 0x19e5, 0x2206, 0x1184, 0x6bee, 0xfffd, 0xf77c, 0xf79c, 0xf79c,
    0xf79c, 0xf77c, 0xffdd, 0xce77, 0x19c5, 0x19e5, 0x19e5, 0x19e5, 0x19e5, 0x19e5, 0x19e5, 0x19e5, 0x19e5, 0x19e5, 0x19e5, 0x19e5,
    0x19e5, 0x19e5, 0x19e5, 0x19e5, 0x19e5, 0x19e5, 0x19e5, 0x19e5, 0x19e5, 0x19e5, 0x19e5, 0x19e5, 0x19e5, 0x19e5, 0x19e5, 0x19e5,
    0x19e5, 0x19e5, 0x19e5, 0x19e5, 0x19e5, 0x19e5, 0x19e5, 0x19e5, 0x19e5, 0x19e5, 0x19e5, 0x19e5, 0x19e5, 0x19e5, 0x19e5, 0x19e5,
    0x19e5, 0x19e5, 0x19e5, 0x19e5, 0x19e5, 0x19e5, 0x2206, 0x1184, 0x7c4f, 0xfffe, 0xf77c, 0xf79c, 0xf79c, 0xf79c, 0xf79c, 0xf77c,
    0xfffe, 0xad94, 0x1184, 0x21e6, 0x19e5, 0x19e5, 0x19e5, 0x19e5, 0x19e5, 0x19e5, 0x19e5, 0x19e5, 0x19e5, 0x19e5, 0x19e5, 0x19e5,
    0x19e5, 0x19e5, 0x19e5, 0x19e5, 0x19e5, 0x19e5, 0x19e5, 0x19e5, 0x19e5, 0x19e5, 0x19e5, 0x19e5, 0x19e5, 0x19e5, 0x19e5, 0x19e5,
    0x19e5, 0x19e5, 0x19e5, 0x19e5, 0x19e5, 0x19e5, 0x19e5, 0x19e5, 0x19e5, 0x19e5, 0x19e5, 0x19e5, 0x19e5, 0x19e5, 0x19e5, 0x19e5,
    0x19e5, 0x19e5, 0x19e5, 0x19e5, 0x19e5, 0x19e5, 0x19e5, 0x19e5, 0x19e5, 0x19e5, 0x19e5, 0x19e5, 0x19e5, 0x19e5, 0x19e5, 0x19e5,
    0x19e5, 0x19e5, 0x19e5, 0x19e5, 0x19e5, 0x19e5, 0x19e5, 0x19e5, 0x19e5, 0x19e5, 0x19e5, 0x19e5, 0x19e5, 0x19e5, 0x19e5, 0x19e5,
    0x19e5, 0x19e5, 0x19e5, 0x19e5, 0x19e5, 0x19e5, 0x19e5, 0x19e5, 0x19e5, 0x19e5, 0x19e5, 0x19e5, 0x21e6, 0x1184, 0xad94, 0xfffe,
    0xf77c, 0xf79c, 0xf79c, 0xf79c, 0xf79c, 0xf77c, 0xfffe, 0x7c4f, 0x1184, 0x2206, 0x19e5, 0x19e5, 0x19e5, 0x19e5, 0x19e5, 0x19e5,
    0x19e5, 0x19e5, 0x19e5, 0x19e5, 0x19e5, 0x19e5, 0x19e5, 0x19e5, 0x19e5, 0x19e5, 0x19e5, 0x19e5, 0x19e5, 0x19e5, 0x19e5, 0x19e5,
    0x19e5, 0x19e5, 0x19e5, 0x19e5, 0x19e5, 0x19e5, 0x19e5, 0x19e5, 0x19e5, 0x19e5, 0x19e5, 0x19e5, 0x19e5, 0x19e5, 0x19e5, 0x19e5,
    0x19e5, 0x19e5, 0x19e5, 0x19e5, 0x19e5, 0x19e5, 0x19e5, 0x19e5, 0x19e5, 0x19e5, 0x19e5, 0x19e5, 0x19e5, 0x19e5, 0x19e5, 0x19e5,
    0x19e5, 0x19e5, 0x19e5, 0x19e5, 0x19e5, 0x19e5, 0x19e5, 0x19e5, 0x19e5, 0x2206, 0x1184, 0x6bee, 0xfffd, 0xf77c, 0xf79c, 0xf79c,
    0xf79c, 0xf77c, 0xffdd, 0xce77, 0x19c5, 0x19e5, 0x19e5, 0x19e5, 0x19e5, 0x19e5, 0x19e5, 0x19e5, 0x19e5, 0x19e5, 0x19e5, 0x19e5,
    0x19e5, 0x19e5, 0x19e5, 0x19e5, 0x19e5, 0x19e5, 0x19e5, 0x19e5, 0x19e5, 0x19e5, 0x19e5, 0x19e5, 0x19e5, 0x19e5, 0x19e5, 0x19e5,
    0x19e5, 0x19e5, 0x19e5, 0x19e5, 0x19e5, 0x19e5, 0x19e5, 0x19e5, 0x19e5, 0x19e5, 0x19e5, 0x19e5, 0x19e5, 0x19e5, 0x19e5, 0x19e5,
    0x19e5, 0x19e5, 0x19e5, 0x19e5, 0x19e5, 0x19e5, 0x2206, 0x1184, 0x7c4f, 0xfffe, 0xf77c, 0xf79c, 0xf79c, 0xf79c, 0xf79c, 0xf77c,
    0xfffe, 0xad94, 0x1184, 0x21e6, 0x19e5, 0x19e5, 0x19e5, 0x19e5, 0x19e5, 0x19e5, 0x19e5, 0x19e5, 0x19e5, 0x19e5, 0x19e5, 0x19e5,
    0x19e5, 0x19e5, 0x19e5, 0x19e5, 0x19e5, 0x19e5, 0x19e5, 0x19e5, 0x19e5, 0x19e5, 0x19e5, 0x19e5, 0x19e5, 0x19e5, 0x19e5, 0x19e5,
    0x19e5, 0x19e5, 0x19e5, 0x19e5, 0x19e5, 0x19e5, 0x19e5, 0x19e5, 0x19e5, 0x19e5, 0x19e5, 0x19e5, 0x19e5, 0x19e5, 0x19e5, 0x19e5,
    0x19e5, 0x19e5, 0x19e5, 0x19e5, 0x19e5, 0x19e5, 0x19e5, 0x19e5, 0x19e5, 0x19e5, 0x19e5, 0x19e5, 0x19e5, 0x19e5, 0x19e5, 0x19e5,
    0x19e5, 0x19e5, 0x19e5, 0x19e5, 0x19e5, 0x19e5, 0x19e5, 0x19e5, 0x19e5, 0x19e5, 0x19e5, 0x19e5, 0x19e5, 0x19e5, 0x19e5, 0x19e5,
    0x19e5, 0x19e5, 0x19e5, 0x19e5, 0x19e5, 0x19e5, 0x19e5, 0x19e5, 0x19e5, 0x19e5, 0x19e5, 0x19e5, 0x21e6, 0x1184, 0xad94, 0xfffe,
    0xf77c, 0xf79c, 0xf79c, 0xf79c, 0xf79c, 0xf77c, 0xfffe, 0x7c4f, 0x1184, 0x2206, 0x19e5, 0x19e5, 0x19e5, 0x19e5, 0x19e5, 0x19e5,
    0x19e5, 0x19e5, 0x19e5, 0x19e5, 0x19e5, 0x19e5, 0x19e5, 0x19e5, 0x19e5, 0x19e5, 0x19e5, 0x19e5, 0x19e5, 0x19e5, 0x19e5, 0x19e5,
    0x19e5, 0x19e5, 0x19e5, 0x19e5, 0x19e5, 0x19e5, 0x19e5, 0x19e5, 0x19e5, 0x19e5, 0x19e5, 0x19e5, 0x19e5, 0x19e5, 0x19e5, 0x19e5,
    0x19e5, 0x19e5, 0x19e5, 0x19e5, 0x19e5, 0x19e5, 0x19e5, 0x19e5, 0x19e5, 0x19e5, 0x19e5, 0x19e5, 0x19e5, 0x19e5, 0x19e5, 0x19e5,
    0x19e5, 0x19e5, 0x19e5, 0x19e5, 0x19e5, 0x19e5, 0x19e5, 0x19e5, 0x19e5, 0x2206, 0x1184, 0x6bee, 0xfffd, 0xf77c, 0xf79c, 0xf79c,
    0xf79c, 0xf77c, 0xffdd, 0xce77, 0x19c5, 0x19e5, 0x19e5, 0x19e5, 0x19e5, 0x19e5, 0x19e5, 0x19e5, 0x19e5, 0x19e5, 0x19e5, 0x19e5,
    0x19e5, 0x19e5, 0x19e5, 0x19e5, 0x19e5, 0x19e5, 0x19e5, 0x19e5, 0x19e5, 0x19e5, 0x19e5, 0x19e5, 0x19e5, 0x19e5, 0x19e5, 0x19e5,
    0x19e5, 0x19e5, 0x19e5, 0x19e5, 0x19e5, 0x19e5, 0x19e5, 0x19e5, 0x19e5, 0x19e5, 0x19e5, 0x19e5, 0x19e5, 0x19e5, 0x19e5, 0x19e5,
    0x19e5, 0x19e5, 0x19e5, 0x19e5, 0x19e5, 0x19e5, 0x2206, 0x1184, 0x7c4f, 0xfffe, 0xf77c, 0xf79c, 0xf79c, 0xf79c, 0xf79c, 0xf77c,
    0xfffe, 0xad94, 0x1184, 0x21e6, 0x19e5, 0x19e5, 0x19e5, 0x19e5, 0x19e5, 0x19e5, 0x19e5, 0x19e5, 0x19e5, 0x19e5, 0x19e5, 0x19e5,
    0x19e5, 0x19e5, 0x19e5, 0x19e5, 0x19e5, 0x19e5, 0x19e5, 0x19e5, 0x19e5, 0x19e5, 0x19e5, 0x19e5, 0x19e5, 0x19e5, 0x19e5, 0x19e5,
    0x19e5, 0x19e5, 0x19e5, 0x19e5, 0x19e5, 0x19e5, 0x19e5, 0x19e5, 0x19e5, 0x19e5, 0x19e5, 0x19e5, 0x19e5, 0x19e5, 0x19e5, 0x19e5,
    0x19e5, 0x19e5, 0x19e5, 0x19e5, 0x19e5, 0x19e5, 0x19e5, 0x19e5, 0x19e5, 0x19e5, 0x19e5, 0x19e5, 0x19e5, 0x19e5, 0x19e5, 0x19e5,
    0x19e5, 0x19e5, 0x19e5, 0x19e5, 0x19e5, 0x19e5, 0x19e5, 0x19e5, 0x19e5, 0x19e5, 0x19e5, 0x19e5, 0x19e5, 0x19e5, 0x19e5, 0x19e5,
    0x19e5, 0x19e5, 0x19e5, 0x19e5, 0x19e5, 0x19e5, 0x19e5, 0x19e5, 0x19e5, 0x19e5, 0x19e5, 0x19e5, 0x21e6, 0x1184, 0xad94, 0xfffe,
    0xf77c, 0xf79c, 0xf79c, 0xf79c, 0xf79c, 0xf77c, 0xfffe, 0x7c4f, 0x1184, 0x2206, 0x19e5, 0x19e5, 0x19e5, 0x19e5, 0x19e5, 0x19e5,
    0x19e5, 0x19e5, 0x19e5, 0x19e5, 0x19e5, 0x19e5, 0x19e5, 0x19e5, 0x19e5, 0x19e5, 0x19e5, 0x19e5, 0x19e5, 0x19e5, 0x19e5, 0x19e5,
    0x19e5, 0x19e5, 0x19e5, 0x19e5, 0x19e5, 0x19e5, 0x19e5, 0x19e5, 0x19e5, 0x19e5, 0x19e5, 0x19e5, 0x19e5, 0x19e5, 0x19e5, 0x19e5,
    0x19e5, 0x19e5, 0x19e5, 0x19e5, 0x19e5, 0x19e5, 0x19e5, 0x19e5, 0x19e5, 0x19e5, 0x19e5, 0x19e5, 0x19e5, 0x19e5, 0x19e5, 0x19e5,
    0x19e5, 0x19e5, 0x19e5, 0x19e5, 0x19e5, 0x19e5, 0x19e5, 0x19e5, 0x19e5, 0x2206, 0x1184, 0x6bee, 0xfffd, 0xf77c, 0xf79c, 0xf79c,
    0xf79c, 0xf77c, 0xffdd, 0xce77, 0x19c5, 0x19e5, 0x19e5, 0x19e5, 0x19e5, 0x19e5, 0x19e5, 0x19e5, 0x19e5, 0x19e5, 0x19e5, 0x19e5,
    0x19e5, 0x19e5, 0x19e5, 0x19e5, 0x19e5, 0x19e5, 0x19e5, 0x19e5, 0x19e5, 0x19e5, 0x19e5, 0x19e5, 0x19e5, 0x19e5, 0x19e5, 0x19e5,
    0x19e5, 0x19e5, 0x19e5, 0x19e5, 0x19e5, 0x19e5, 0x19e5, 0x19e5, 0x19e5, 0x19e5, 0x19e5, 0x19e5, 0x19e5, 0x19e5, 0x19e5, 0x19e5,
    0x19e5, 0x19e5, 0x19e5, 0x19e5, 0x19e5, 0x19e5, 0x2206, 0x1184, 0x7c4f, 0xfffe, 0xf77c, 0xf79c, 0xf79c, 0xf79c, 0xf79c, 0xf77c,
    0xfffe, 0xad94, 0x1184, 0x21e6, 0x19e5, 0x19e5, 0x19e5, 0x19e5, 0x19e5, 0x19e5, 0x19e5, 0x19e5, 0x19e5, 0x19e5, 0x19e5, 0x19e5,
    0x19e5, 0x19e5, 0x19e5, 0x19e5, 0x19e5, 0x19e5, 0x19e5, 0x19e5, 0x19e5, 0x19e5, 0x19e5, 0x19e5, 0x19e5, 0x19e5, 0x19e5, 0x19e5,
    0x19e5, 0x19e5, 0x19e5, 0x19e5, 0x19e5, 0x19e5, 0x19e5, 0x19e5, 0x19e5, 0x19e5, 0x19e5, 0x19e5, 0x19e5, 0x19e5, 0x19e5, 0x19e5,
    0x19e5, 0x19e5, 0x19e5, 0x19e5, 0x19e5, 0x19e5, 0x19e5, 0x19e5, 0x19e5, 0x19e5, 0x19e5, 0x19e5, 0x19e5, 0x19e5, 0x19e5, 0x19e5,
    0x19e5, 0x19e5, 0x19e5, 0x19e5, 0x19e5, 0x19e5, 0x19e5, 0x19e5, 0x19e5, 0x19e5, 0x19e5, 0x19e5, 0x19e5, 0x19e5, 0x19e5, 0x19e5,
    0x19e5, 0x19e5, 0x19e5, 0x19e5, 0x19e5, 0x19e5, 0x19e5, 0x19e5, 0x19e5, 0x19e5, 0x19e5, 0x19e5, 0x21e6, 0x1184, 0xad94, 0xfffe,
    0xf77c, 0xf79c, 0xf79c, 0xf79c, 0xf79c, 0xf77c, 0xfffe, 0x7c4f, 0x1184, 0x2206, 0x19e5, 0x19e5, 0x19e5, 0x19e5, 0x19e5, 0x19e5,
    0x19e5, 0x19e5, 0x19e5, 0x19e5, 0x19e5, 0x19e5, 0x19e5, 0x19e5, 0x19e5, 0x19e5, 0x19e5, 0x19e5, 0x19e5, 0x19e5, 0x19e5, 0x19e5,
    0x19e5, 0x19e5, 0x19e5, 0x19e5, 0x19e5, 0x19e5, 0x19e5, 0x19e5, 0x19e5, 0x19e5, 0x19e5, 0x19e5, 0x19e5, 0x19e5, 0x19e5, 0x19e5,
    0x19e5, 0x19e5, 0x19e5, 0x19e5, 0x19e5, 0x19e5, 0x19e5, 0x19e5, 0x19e5, 0x19e5, 0x19e5, 0x19e5, 0x19e5, 0x19e5, 0x19e5, 0x21e5,
    0x21e6, 0x21e6, 0x2206, 0x2206, 0x2206, 0x2206, 0x21e6, 0x21e6, 0x21e5, 0x2206, 0x1184, 0x6bee, 0xfffd, 0xf77c, 0xf79c, 0xf79c,
    0xf79c, 0xf77c, 0xffdd, 0xce77, 0x19c5, 0x19e5, 0x19e5, 0x19e5, 0x19e5, 0x19e5, 0x19e5, 0x19e5, 0x19e5, 0x19e5, 0x19e5, 0x19e5,
    0x19e5, 0x19e5, 0x19e5, 0x19e5, 0x19e5, 0x19e5, 0x19e5, 0x19e5, 0x19e5, 0x19e5, 0x19e5, 0x19e5, 0x19e5, 0x19e5, 0x19e5, 0x19e5,
    0x19e5, 0x19e5, 0x19e5, 0x19e5, 0x19e5, 0x19e5, 0x19e5, 0x19e5, 0x19e5, 0x19e5, 0x19e5, 0x19e5, 0x19e5, 0x19e5, 0x19e5, 0x19e5,
    0x19e5, 0x19e5, 0x19e5, 0x19e5, 0x19e5, 0x19e5, 0x2206, 0x1184, 0x7c4f, 0xfffe, 0xf77c, 0xf79c, 0xf79c, 0xf79c, 0xf79c, 0xf77c,
    0xfffe, 0xad94, 0x1184, 0x21e6, 0x19e5, 0x19e5, 0x19e5, 0x19e5, 0x19e5, 0x19e5, 0x19e5, 0x19e5, 0x19e5, 0x19e5, 0x19e5, 0x19e5,
    0x19e5, 0x19e5, 0x19e5, 0x19e5, 0x19e5, 0x19e5, 0x19e5, 0x19e5, 0x19e5, 0x19e5, 0x19e5, 0x19e5, 0x19e5, 0x19e5, 0x19e5, 0x19e5,
    0x19e5, 0x19e5, 0x19e5, 0x19e5, 0x19e5, 0x19e5, 0x19e5, 0x19e5, 0x19e5, 0x19e5, 0x19e5, 0x19e5, 0x19e5, 0x19e5, 0x19e5, 0x19e5,
    0x19e5, 0x19e5, 0x19e5, 0x19e5, 0x19e5, 0x19e5, 0x19e5, 0x19e5, 0x19e5, 0x19e5, 0x19e5, 0x19e5, 0x19e5, 0x19e5, 0x19e5, 0x19e5,
    0x19e5, 0x19e5, 0x19e5, 0x19e5, 0x19e5, 0x19e5, 0x19e5, 0x19e5, 0x19e5, 0x19e5, 0x19e5, 0x19e5, 0x19e5, 0x19e5, 0x19e5, 0x19e5,
    0x19e5, 0x19e5, 0x19e5, 0x19e5, 0x19e5, 0x19e5, 0x19e5, 0x19e5, 0x19e5, 0x19e5, 0x19e5, 0x19e5, 0x21e6, 0x1184, 0xad94, 0xfffe,
    0xf77c, 0xf79c, 0xf79c, 0xf79c, 0xf79c, 0xf77c, 0xfffe, 0x7c4f, 0x1184, 0x2206, 0x19e5, 0x19e5, 0x19e5, 0x19e5, 0x19e5, 0x19e5,
    0x19e5, 0x19e5, 0x19e5, 0x19e5, 0x19e5, 0x19e5, 0x19e5, 0x19e5, 0x19e5, 0x19e5, 0x19e5, 0x19e5, 0x19e5, 0x19e5, 0x19e5, 0x19e5,
    0x19e5, 0x19e5, 0x19e5, 0x19e5, 0x19e5, 0x19e5, 0x19e5, 0x19e5, 0x19e5, 0x19e5, 0x19e5, 0x19e5, 0x19e5, 0x19e5, 0x19e5, 0x19e5,
    0x19e5, 0x19e5, 0x19e5, 0x19e5, 0x19e5, 0x19e5, 0x19e5, 0x19e5, 0x19e5, 0x19e5, 0x19e5, 0x19e5, 0x21e6, 0x2206, 0x21e6, 0x19c5,
    0x11a4, 0x1184, 0x1184, 0x1184, 0x1184, 0x1184, 0x1184, 0x11a4, 0x19c5, 0x2206, 0x11a4, 0x6c0e, 0xfffd, 0xf77c, 0xf79c, 0xf79c,
    0xf79c, 0xf77c, 0xffdd, 0xce77, 0x19c5, 0x19e5, 0x19e5, 0x19e5, 0x19e5, 0x19e5, 0x19e5, 0x19e5, 0x19e5, 0x19e5, 0x19e5, 0x19e5,
    0x19e5, 0x19e5, 0x19e5, 0x19e5, 0x19e5, 0x19e5, 0x19e5, 0x19e5, 0x19e5, 0x19e5, 0x19e5, 0x19e5, 0x19e5, 0x19e5, 0x19e5, 0x19e5,
    0x19e5, 0x19e5, 0x19e5, 0x19e5, 0x19e5, 0x19e5, 0x19e5, 0x19e5, 0x19e5, 0x19e5, 0x19e5, 0x19e5, 0x19e5, 0x19e5, 0x19e5, 0x19e5,
    0x19e5, 0x19e5, 0x19e5, 0x19e5, 0x19e5, 0x19e5, 0x2206, 0x1184, 0x7c4f, 0xfffe, 0xf77c, 0xf79c, 0xf79c, 0xf79c, 0xf79c, 0xf77c,
    0xfffe, 0xad94, 0x1184, 0x21e6, 0x19e5, 0x19e5, 0x19e5, 0x19e5, 0x19e5, 0x19e5, 0x19e5, 0x19e5, 0x19e5, 0x19e5, 0x19e5, 0x19e5,
    0x19e5, 0x19e5, 0x19e5, 0x19e5, 0x19e5, 0x19e5, 0x19e5, 0x19e5, 0x19e5, 0x19e5, 0x19e5, 0x19e5, 0x19e5, 0x19e5, 0x19e5, 0x19e5,
    0x19e5, 0x19e5, 0x19e5, 0x19e5, 0x19e5, 0x19e5, 0x19e5, 0x19e5, 0x19e5, 0x19e5, 0x19e5, 0x19e5, 0x19e5, 0x19e5, 0x19e5, 0x19e5,
    0x19e5, 0x19e5, 0x19e5, 0x19e5, 0x19e5, 0x19e5, 0x19e5, 0x19e5, 0x19e5, 0x19e5, 0x19e5, 0x19e5, 0x19e5, 0x19e5, 0x19e5, 0x19e5,
    0x19e5, 0x19e5, 0x19e5, 0x19e5, 0x19e5, 0x19e5, 0x19e5, 0x19e5, 0x19e5, 0x19e5, 0x19e5, 0x19e5, 0x19e5, 0x19e5, 0x19e5, 0x19e5,
    0x19e5, 0x19e5, 0x19e5, 0x19e5, 0x19e5, 0x19e5, 0x19e5, 0x19e5, 0x19e5, 0x19e5, 0x19e5, 0x19e5, 0x21e6, 0x1184, 0xad94, 0xfffe,
    0xf77c, 0xf79c, 0xf79c, 0xf79c, 0xf79c, 0xf77c, 0xfffe, 0x7c4f, 0x1184, 0x2206, 0x19e5, 0x19e5, 0x19e5, 0x19e5, 0x19e5, 0x19e5,
    0x19e5, 0x19e5, 0x19e5, 0x19e5, 0x19e5, 0x19e5, 0x19e5, 0x19e5, 0x19e5, 0x19e5, 0x19e5, 0x19e5, 0x19e5, 0x19e5, 0x19e5, 0x19e5,
    0x19e5, 0x19e5, 0x19e5, 0x19e5, 0x19e5, 0x19e5, 0x19e5, 0x19e5, 0x19e5, 0x19e5, 0x19e5, 0x19e5, 0x19e5, 0x19e5, 0x19e5, 0x19e5,
    0x19e5, 0x19e5, 0x19e5, 0x19e5, 0x19e5, 0x19e5, 0x19e5, 0x19e5, 0x19e5, 0x21e5, 0x2206, 0x21e5, 0x11a4, 0x1184, 0x11a4, 0x2a27,
    0x42e9, 0x5b8c, 0x740e, 0x7c4f, 0x7c6f, 0x742e, 0x63ad, 0x4b0a, 0x2a47, 0x19c5, 0x0122, 0x63cd, 0xfffe, 0xf77c, 0xf79c, 0xf79c,
    0xf79c, 0xf77c, 0xffdd, 0xce77, 0x19c5, 0x19e5, 0x19e5, 0x19e5, 0x19e5, 0x19e5, 0x19e5, 0x19e5, 0x19e5, 0x19e5, 0x19e5, 0x19e5,
    0x19e5, 0x19e5, 0x19e5, 0x19e5, 0x19e5, 0x19e5, 0x19e5, 0x19e5, 0x19e5, 0x19e5, 0x19e5, 0x19e5, 0x19e5, 0x19e5, 0x19e5, 0x19e5,
    0x19e5, 0x19e5, 0x19e5, 0x19e5, 0x19e5, 0x19e5, 0x19e5, 0x19e5, 0x19e5, 0x19e5, 0x19e5, 0x19e5, 0x19e5, 0x19e5, 0x19e5, 0x19e5,
    0x19e5, 0x19e5, 0x19e5, 0x19e5, 0x19e5, 0x19e5, 0x2206, 0x1184, 0x7c4f, 0xfffe, 0xf77c, 0xf79c, 0xf79c, 0xf79c, 0xf79c, 0xf77c,
    0xfffe, 0xad94, 0x1184, 0x21e6, 0x19e5, 0x19e5, 0x19e5, 0x19e5, 0x19e5, 0x19e5, 0x19e5, 0x19e5, 0x19e5, 0x19e5, 0x19e5, 0x19e5,
    0x19e5, 0x19e5, 0x19e5, 0x19e5, 0x19e5, 0x19e5, 0x19e5, 0x19e5, 0x19e5, 0x19e5, 0x19e5, 0x19e5, 0x19e5, 0x19e5, 0x19e5, 0x19e5,
    0x19e5, 0x19e5, 0x19e5, 0x19e5, 0x19e5, 0x19e5, 0x19e5, 0x19e5, 0x19e5, 0x19e5, 0x19e5, 0x19e5, 0x19e5, 0x19e5, 0x19e5, 0x19e5,
    0x19e5, 0x19e5, 0x19e5, 0x19e5, 0x19e5, 0x19e5, 0x19e5, 0x19e5, 0x19e5, 0x19e5, 0x19e5, 0x19e5, 0x19e5, 0x19e5, 0x19e5, 0x19e5,
    0x19e5, 0x19e5, 0x19e5, 0x19e5, 0x19e5, 0x19e5, 0x19e5, 0x19e5, 0x19e5, 0x19e5, 0x19e5, 0x19e5, 0x19e5, 0x19e5, 0x19e5, 0x19e5,
    0x19e5, 0x19e5, 0x19e5, 0x19e5, 0x19e5, 0x19e5, 0x19e5, 0x19e5, 0x19e5, 0x19e5, 0x19e5, 0x19e5, 0x21e6, 0x1184, 0xad94, 0xfffe,
    0xf77c, 0xf79c, 0xf79c, 0xf79c, 0xf79c, 0xf77c, 0xfffe, 0x7c4f, 0x1184, 0x2206, 0x19e5, 0x19e5, 0x19e5, 0x19e5, 0x19e5, 0x19e5,
    0x19e5, 0x19e5, 0x19e5, 0x19e5, 0x19e5, 0x19e5, 0x19e5, 0x19e5, 0x19e5, 0x19e5, 0x19e5, 0x19e5, 0x19e5, 0x19e5, 0x19e5, 0x19e5,
    0x19e5, 0x19e5, 0x19e5, 0x19e5, 0x19e5, 0x19e5, 0x19e5, 0x19e5, 0x19e5, 0x19e5, 0x19e5, 0x19e5, 0x19e5, 0x19e5, 0x19e5, 0x19e5,
    0x19e5, 0x19e5, 0x19e5, 0x19e5, 0x19e5, 0x19e5, 0x19e5, 0x21e5, 0x2206, 0x19c5, 0x1184, 0x19c5, 0x4b0a, 0x84b0, 0xbe16, 0xe71a,
    0xf79c, 0xffdd, 0xfffd, 0xfffe, 0xfffe, 0xfffe, 0xffdd, 0xf7bc, 0xe73a, 0xc637, 0x742f, 0x84b0, 0xffdd, 0xf79c, 0xf79c, 0xf79c,
    0xf79c, 0xf77c, 0xffdd, 0xce77, 0x19c5, 0x19e5, 0x19e5, 0x19e5, 0x19e5, 0x19e5, 0x19e5, 0x19e5, 0x19e5, 0x19e5, 0x19e5, 0x19e5,
    0x19e5, 0x19e5, 0x19e5, 0x19e5, 0x19e5, 0x19e5, 0x19e5, 0x19e5, 0x19e5, 0x19e5, 0x19e5, 0x19e5, 0x19e5, 0x19e5, 0x19e5, 0x19e5,
    0x19e5, 0x19e5, 0x19e5, 0x19e5, 0x19e5, 0x19e5, 0x19e5, 0x19e5, 0x19e5, 0x19e5, 0x19e5, 0x19e5, 0x19e5, 0x19e5, 0x19e5, 0x19e5,
    0x19e5, 0x19e5, 0x19e5, 0x19e5, 0x19e5, 0x19e5, 0x2206, 0x1184, 0x7c4f, 0xfffe, 0xf77c, 0xf79c, 0xf79c, 0xf79c, 0xf79c, 0xf77c,
    0xfffe, 0xad94, 0x1184, 0x21e6, 0x19e5, 0x19e5, 0x19e5, 0x19e5, 0x19e5, 0x19e5, 0x19e5, 0x19e5, 0x19e5, 0x19e5, 0x19e5, 0x19e5,
    0x19e5, 0x19e5, 0x19e5, 0x19e5, 0x19e5, 0x19e5, 0x19e5, 0x19e5, 0x19e5, 0x19e5, 0x19e5, 0x19e5, 0x19e5, 0x19e5, 0x19e5, 0x19e5,
    0x19e5, 0x19e5, 0x19e5, 0x19e5, 0x19e5, 0x19e5, 0x19e5, 0x19e5, 0x19e5, 0x19e5, 0x19e5, 0x19e5, 0x19e5, 0x19e5, 0x19e5, 0x19e5,
    0x19e5, 0x19e5, 0x19e5, 0x19e5, 0x19e5, 0x19e5, 0x19e5, 0x19e5, 0x19e5, 0x19e5, 0x19e5, 0x19e5, 0x19e5, 0x19e5, 0x19e5, 0x19e5,
    0x19e5, 0x19e5, 0x19e5, 0x19e5, 0x19e5, 0x19e5, 0x19e5, 0x19e5, 0x19e5, 0x19e5, 0x19e5, 0x19e5, 0x19e5, 0x19e5, 0x19e5, 0x19e5,
    0x19e5, 0x19e5, 0x19e5, 0x19e5, 0x19e5, 0x19e5, 0x19e5, 0x19e5, 0x19e5, 0x19e5, 0x19e5, 0x19e5, 0x21e6, 0x1184, 0xad94, 0xfffe,
    0xf77c, 0xf79c, 0xf79c, 0xf79c, 0xf79c, 0xf77c, 0xfffe, 0x7c4f, 0x1184, 0x2206, 0x19e5, 0x19e5, 0x19e5, 0x19e5, 0x19e5, 0x19e5,
    0x19e5, 0x19e5, 0x19e5, 0x19e5, 0x19e5, 0x19e5, 0x19e5, 0x19e5, 0x19e5, 0x19e5, 0x19e5, 0x19e5, 0x19e5, 0x19e5, 0x19e5, 0x19e5,
    0x19e5, 0x19e5, 0x19e5, 0x19e5, 0x19e5, 0x19e5, 0x19e5, 0x19e5, 0x19e5, 0x19e5, 0x19e5, 0x19e5, 0x19e5, 0x19e5, 0x19e5, 0x19e5,
    0x19e5, 0x19e5, 0x19e5, 0x19e5, 0x19e5, 0x19e5, 0x2206, 0x19e5, 0x1184, 0x2a26, 0x744f, 0xce77, 0xf79c, 0xfffe, 0xffdd, 0xffbd,
    0xf79c, 0xf77c, 0xf77c, 0xf77c, 0xf77c, 0xf77c, 0xf77c, 0xf79c, 0xf7bc, 0xffdd, 0xfffe, 0xf79c, 0xf79c, 0xf79c, 0xf79c, 0xf79c,
    0xf79c, 0xf77c, 0xffdd, 0xce77, 0x19c5, 0x19e5, 0x19e5, 0x19e5, 0x19e5, 0x19e5, 0x19e5, 0x19e5, 0x19e5, 0x19e5, 0x19e5, 0x19e5,
    0x19e5, 0x19e5, 0x19e5, 0x19e5, 0x19e5, 0x19e5, 0x19e5, 0x19e5, 0x19e5, 0x19e5, 0x19e5, 0x19e5, 0x19e5, 0x19e5, 0x19e5, 0x19e5,
    0x19e5, 0x19e5, 0x19e5, 0x19e5, 0x19e5, 0x19e5, 0x19e5, 0x19e5, 0x19e5, 0x19e5, 0x19e5, 0x19e5, 0x19e5, 0x19e5, 0x19e5, 0x19e5,
    0x19e5, 0x19e5, 0x19e5, 0x19e5, 0x19e5, 0x19e5, 0x2206, 0x1184, 0x7c4f, 0xfffe, 0xf77c, 0xf79c, 0xf79c, 0xf79c, 0xf79c, 0xf77c,
    0xfffe, 0xad94, 0x1184, 0x21e6, 0x19e5, 0x19e5, 0x19e5, 0x19e5, 0x19e5, 0x19e5, 0x19e5, 0x19e5, 0x19e5, 0x19e5, 0x19e5, 0x19e5,
    0x19e5, 0x19e5, 0x19e5, 0x19e5, 0x19e5, 0x19e5, 0x19e5, 0x19e5, 0x19e5, 0x19e5, 0x19e5, 0x19e5, 0x19e5, 0x19e5, 0x19e5, 0x19e5,
    0x19e5, 0x19e5, 0x19e5, 0x19e5, 0x19e5, 0x19e5, 0x19e5, 0x19e5, 0x19e5, 0x19e5, 0x19e5, 0x19e5, 0x19e5, 0x19e5, 0x19e5, 0x19e5,
    0x19e5, 0x19e5, 0x19e5, 0x19e5, 0x19e5, 0x19e5, 0x19e5, 0x19e5, 0x19e5, 0x19e5, 0x19e5, 0x19e5, 0x19e5, 0x19e5, 0x19e5, 0x19e5,
    0x19e5, 0x19e5, 0x19e5, 0x19e5, 0x19e5, 0x19e5, 0x19e5, 0x19e5, 0x19e5, 0x19e5, 0x19e5, 0x19e5, 0x19e5, 0x19e5, 0x19e5, 0x19e5,
    0x19e5, 0x19e5, 0x19e5, 0x19e5, 0x19e5, 0x19e5, 0x19e5, 0x19e5, 0x19e5, 0x19e5, 0x19e5, 0x19e5, 0x21e6, 0x1184, 0xad94, 0xfffe,
    0xf77c, 0xf79c, 0xf79c, 0xf79c, 0xf79c, 0xf77c, 0xfffe, 0x7c4f, 0x1184, 0x2206, 0x19e5, 0x19e5, 0x19e5, 0x19e5, 0x19e5, 0x19e5,
    0x19e5, 0x19e5, 0x19e5, 0x19e5, 0x19e5, 0x19e5, 0x19e5, 0x19e5, 0x19e5, 0x19e5, 0x19e5, 0x19e5, 0x19e5, 0x19e5, 0x19e5, 0x19e5,
    0x19e5, 0x19e5, 0x19e5, 0x19e5, 0x19e5, 0x19e5, 0x19e5, 0x19e5, 0x19e5, 0x19e5, 0x19e5, 0x19e5, 0x19e5, 0x19e5, 0x19e5, 0x19e5,
    0x19e5, 0x19e5, 0x19e5, 0x19e5, 0x21e5, 0x2206, 0x1184, 0x2206, 0x8490, 0xe71a, 0xfffe, 0xffdd, 0xf79c, 0xf77c, 0xf77c, 0xf79c,
    0xf79c, 0xf79c, 0xf79c, 0xf79c, 0xf79c, 0xf79c, 0xf79c, 0xf79c, 0xf79c, 0xf77c, 0xf77c, 0xf79c, 0xf79c, 0xf79c, 0xf79c, 0xf79c,
    0xf79c, 0xf77c, 0xffdd, 0xce77, 0x19c5, 0x19e5, 0x19e5, 0x19e5, 0x19e5, 0x19e5, 0x19e5, 0x19e5, 0x19e5, 0x19e5, 0x19e5, 0x19e5,
    0x19e5, 0x19e5, 0x19e5, 0x19e5, 0x19e5, 0x19e5, 0x19e5, 0x19e5, 0x19e5, 0x19e5, 0x19e5, 0x19e5, 0x19e5, 0x19e5, 0x19e5, 0x19e5,
    0x19e5, 0x19e5, 0x19e5, 0x19e5, 0x19e5, 0x19e5, 0x19e5, 0x19e5, 0x19e5, 0x19e5, 0x19e5, 0x19e5, 0x19e5, 0x19e5, 0x19e5, 0x19e5,
    0x19e5, 0x19e5, 0x19e5, 0x19e5, 0x19e5, 0x19e5, 0x2206, 0x1184, 0x7c4f, 0xfffe, 0xf77c, 0xf79c, 0xf79c, 0xf79c, 0xf79c, 0xf77c,
    0xfffe, 0xad94, 0x1184, 0x21e6, 0x19e5, 0x19e5, 0x19e5, 0x19e5, 0x19e5, 0x19e5, 0x19e5, 0x19e5, 0x19e5, 0x19e5, 0x19e5, 0x19e5,
    0x19e5, 0x19e5, 0x19e5, 0x19e5, 0x19e5, 0x19e5, 0x19e5, 0x19e5, 0x19e5, 0x19e5, 0x19e5, 0x19e5, 0x19e5, 0x19e5, 0x19e5, 0x19e5,
    0x19e5, 0x19e5, 0x19e5, 0x19e5, 0x19e5, 0x19e5, 0x19e5, 0x19e5, 0x19e5, 0x19e5, 0x19e5, 0x19e5, 0x19e5, 0x19e5, 0x19e5, 0x19e5,
    0x19e5, 0x19e5, 0x19e5, 0x19e5, 0x19e5, 0x19e5, 0x19e5, 0x19e5, 0x19e5, 0x19e5, 0x19e5, 0x19e5, 0x19e5, 0x19e5, 0x19e5, 0x19e5,
    0x19e5, 0x19e5, 0x19e5, 0x19e5, 0x19e5, 0x19e5, 0x19e5, 0x19e5, 0x19e5, 0x19e5, 0x19e5, 0x19e5, 0x19e5, 0x19e5, 0x19e5, 0x19e5,
    0x19e5, 0x19e5, 0x19e5, 0x19e5, 0x19e5, 0x19e5, 0x19e5, 0x19e5, 0x19e5, 0x19e5, 0x19e5, 0x19e5, 0x21e6, 0x1184, 0xad94, 0xfffe,
    0xf77c, 0xf79c, 0xf79c, 0xf79c, 0xf79c, 0xf77c, 0xfffe, 0x7c4f, 0x1184, 0x2206, 0x19e5, 0x19e5, 0x19e5, 0x19e5, 0x19e5, 0x19e5,
    0x19e5, 0x19e5, 0x19e5, 0x19e5, 0x19e5, 0x19e5, 0x19e5, 0x19e5, 0x19e5, 0x19e5, 0x19e5, 0x19e5, 0x19e5, 0x19e5, 0x19e5, 0x19e5,
    0x19e5, 0x19e5, 0x19e5, 0x19e5, 0x19e5, 0x19e5, 0x19e5, 0x19e5, 0x19e5, 0x19e5, 0x19e5, 0x19e5, 0x19e5, 0x19e5, 0x19e5, 0x19e5,
    0x19e5, 0x19e5, 0x19e5, 0x21e6, 0x19e5, 0x1184, 0x5b8c, 0xd6d9, 0xfffe, 0xffbd, 0xef7c, 0xf77c, 0xf79c, 0xf79c, 0xf79c, 0xf79c,
    0xf79c, 0xf79c, 0xf79c, 0xf79c, 0xf79c, 0xf79c, 0xf79c, 0xf79c, 0xf79c, 0xf79c, 0xf79c, 0xf79c, 0xf79c, 0xf79c, 0xf79c, 0xf79c,
    0xf79c, 0xf77c, 0xffdd, 0xce77, 0x19c5, 0x19e5, 0x19e5, 0x19e5, 0x19e5, 0x19e5, 0x19e5, 0x19e5, 0x19e5, 0x19e5, 0x19e5, 0x19e5,
    0x19e5, 0x19e5, 0x19e5, 0x19e5, 0x19e5, 0x19e5, 0x19e5, 0x19e5, 0x19e5, 0x19e5, 0x19e5, 0x19e5, 0x19e5, 0x19e5, 0x19e5, 0x19e5,
    0x19e5, 0x19e5, 0x19e5, 0x19e5, 0x19e5, 0x19e5, 0x19e5, 0x19e5, 0x19e5, 0x19e5, 0x19e5, 0x19e5, 0x19e5, 0x19e5, 0x19e5, 0x19e5,
    0x19e5, 0x19e5, 0x19e5, 0x19e5, 0x19e5, 0x19e5, 0x2206, 0x1184, 0x7c4f, 0xfffe, 0xf77c, 0xf79c, 0xf79c, 0xf79c, 0xf79c, 0xf77c,
    0xfffe, 0xad94, 0x1184, 0x21e6, 0x19e5, 0x19e5, 0x19e5, 0x19e5, 0x19e5, 0x19e5, 0x19e5, 0x19e5, 0x19e5, 0x19e5, 0x19e5, 0x19e5,
    0x19e5, 0x19e5, 0x19e5, 0x19e5, 0x19e5, 0x19e5, 0x19e5, 0x19e5, 0x19e5, 0x19e5, 0x19e5, 0x19e5, 0x19e5, 0x19e5, 0x19e5, 0x19e5,
    0x19e5, 0x19e5, 0x19e5, 0x19e5, 0x19e5, 0x19e5, 0x19e5, 0x19e5, 0x19e5, 0x19e5, 0x19e5, 0x19e5, 0x19e5, 0x19e5, 0x19e5, 0x19e5,
    0x19e5, 0x19e5, 0x19e5, 0x19e5, 0x19e5, 0x19e5, 0x19e5, 0x19e5, 0x19e5, 0x19e5, 0x19e5, 0x19e5, 0x19e5, 0x19e5, 0x19e5, 0x19e5,
    0x19e5, 0x19e5, 0x19e5, 0x19e5, 0x19e5, 0x19e5, 0x19e5, 0x19e5, 0x19e5, 0x19e5, 0x19e5, 0x19e5, 0x19e5, 0x19e5, 0x19e5, 0x19e5,
    0x19e5, 0x19e5, 0x19e5, 0x19e5, 0x19e5, 0x19e5, 0x19e5, 0x19e5, 0x19e5, 0x19e5, 0x19e5, 0x19e5, 0x21e6, 0x1184, 0xad94, 0xfffe,
    0xf77c, 0xf79c, 0xf79c, 0xf79c, 0xf79c, 0xf77c, 0xfffe, 0x7c4f, 0x1184, 0x2206, 0x19e5, 0x19e5, 0x19e5, 0x19e5, 0x19e5, 0x19e5,
    0x19e5, 0x19e5, 0x19e5, 0x19e5, 0x19e5, 0x19e5, 0x19e5, 0x19e5, 0x19e5, 0x19e5, 0x19e5, 0x19e5, 0x19e5, 0x19e5, 0x19e5, 0x19e5,
    0x19e5, 0x19e5, 0x19e5, 0x19e5, 0x19e5, 0x19e5, 0x19e5, 0x19e5, 0x19e5, 0x19e5, 0x19e5, 0x19e5, 0x19e5, 0x19e5, 0x19e5, 0x19e5,
    0x19e5, 0x19e5, 0x2206, 0x19c5, 0x19e5, 0x9d33, 0xffdd, 0xffbd, 0xef7c, 0xf79c, 0xf79c, 0xf79c, 0xf79c, 0xf79c, 0xf79c, 0xf79c,
    0xf79c, 0xf79c, 0xf79c, 0xf79c, 0xf79c, 0xf79c, 0xf79c, 0xf79c, 0xf79c, 0xf79c, 0xf79c, 0xf79c, 0xf79c, 0xf79c, 0xf79c, 0xf79c,
    0xf79c, 0xf77c, 0xffdd, 0xce77, 0x19c5, 0x19e5, 0x19e5, 0x19e5, 0x19e5, 0x19e5, 0x19e5, 0x19e5, 0x19e5, 0x19e5, 0x19e5, 0x19e5,
    0x19e5, 0x19e5, 0x19e5, 0x19e5, 0x19e5, 0x19e5, 0x19e5, 0x19e5, 0x19e5, 0x19e5, 0x19e5, 0x19e5, 0x19e5, 0x19e5, 0x19e5, 0x19e5,
    0x19e5, 0x19e5, 0x19e5, 0x19e5, 0x19e5, 0x19e5, 0x19e5, 0x19e5, 0x19e5, 0x19e5, 0x19e5, 0x19e5, 0x19e5, 0x19e5, 0x19e5, 0x19e5,
    0x19e5, 0x19e5, 0x19e5, 0x19e5, 0x19e5, 0x19e5, 0x2206, 0x1184, 0x7c4f, 0xfffe, 0xf77c, 0xf79c, 0xf79c, 0xf79c, 0xf79c, 0xf77c,
    0xfffe, 0xad94, 0x1184, 0x21e6, 0x19e5, 0x19e5, 0x19e5, 0x19e5, 0x19e5, 0x19e5, 0x19e5, 0x19e5, 0x19e5, 0x19e5, 0x19e5, 0x19e5,
    0x19e5, 0x19e5, 0x19e5, 0x19e5, 0x19e5, 0x19e5, 0x19e5, 0x19e5, 0x19e5, 0x19e5, 0x19e5, 0x19e5, 0x19e5, 0x19e5, 0x19e5, 0x19e5,
    0x19e5, 0x19e5, 0x19e5, 0x19e5, 0x19e5, 0x19e5, 0x19e5, 0x19e5, 0x19e5, 0x19e5, 0x19e5, 0x19e5, 0x19e5, 0x19e5, 0x19e5, 0x19e5,
    0x19e5, 0x19e5, 0x19e5, 0x19e5, 0x19e5, 0x19e5, 0x19e5, 0x19e5, 0x19e5, 0x19e5, 0x19e5, 0x19e5, 0x19e5, 0x19e5, 0x19e5, 0x19e5,
    0x19e5, 0x19e5, 0x19e5, 0x19e5, 0x19e5, 0x19e5, 0x19e5, 0x19e5, 0x19e5, 0x19e5, 0x19e5, 0x19e5, 0x19e5, 0x19e5, 0x19e5, 0x19e5,
    0x19e5, 0x19e5, 0x19e5, 0x19e5, 0x19e5, 0x19e5, 0x19e5, 0x19e5, 0x19e5, 0x19e5, 0x19e5, 0x19e5, 0x21e6, 0x1184, 0xad94, 0xfffe,
    0xf77c, 0xf79c, 0xf79c, 0xf79c, 0xf79c, 0xf77c, 0xfffe, 0x7c4f, 0x1184, 0x2206, 0x19e5, 0x19e5, 0x19e5, 0x19e5, 0x19e5, 0x19e5,
    0x19e5, 0x19e5, 0x19e5, 0x19e5, 0x19e5, 0x19e5, 0x19e5, 0x19e5, 0x19e5, 0x19e5, 0x19e5, 0x19e5, 0x19e5, 0x19e5, 0x19e5, 0x19e5,
    0x19e5, 0x19e5, 0x19e5, 0x19e5, 0x19e5, 0x19e5, 0x19e5, 0x19e5, 0x19e5, 0x19e5, 0x19e5, 0x19e5, 0x19e5, 0x19e5, 0x19e5, 0x19e5,
    0x19e5, 0x2206, 0x11a4, 0x2a47, 0xc657, 0xfffe, 0xf77c, 0xf77c, 0xf79c, 0xf79c, 0xf79c, 0xf79c, 0xf79c, 0xf79c, 0xf79c, 0xf79c,
    0xf79c, 0xf79c, 0xf79c, 0xf79c, 0xf79c, 0xf79c, 0xf79c, 0xf79c, 0xf79c, 0xf79c, 0xf79c, 0xf79c, 0xf79c, 0xf79c, 0xf79c, 0xf79c,
    0xf79c, 0xf77c, 0xffdd, 0xce77, 0x19c5, 0x19e5, 0x19e5, 0x19e5, 0x19e5, 0x19e5, 0x19e5, 0x19e5, 0x19e5, 0x19e5, 0x19e5, 0x19e5,
    0x19e5, 0x19e5, 0x19e5, 0x19e5, 0x19e5, 0x19e5, 0x19e5, 0x19e5, 0x19e5, 0x19e5, 0x19e5, 0x19e5, 0x19e5, 0x19e5, 0x19e5, 0x19e5,
    0x19e5, 0x19e5, 0x19e5, 0x19e5, 0x19e5, 0x19e5, 0x19e5, 0x19e5, 0x19e5, 0x19e5, 0x19e5, 0x19e5, 0x19e5, 0x19e5, 0x19e5, 0x19e5,
    0x19e5, 0x19e5, 0x19e5, 0x19e5, 0x19e5, 0x19e5, 0x2206, 0x1184, 0x7c4f, 0xfffe, 0xf77c, 0xf79c, 0xf79c, 0xf79c, 0xf79c, 0xf77c,
    0xfffe, 0xad94, 0x1184, 0x21e6, 0x19e5, 0x19e5, 0x19e5, 0x19e5, 0x19e5, 0x19e5, 0x19e5, 0x19e5, 0x19e5, 0x19e5, 0x19e5, 0x19e5,
    0x19e5, 0x19e5, 0x19e5, 0x19e5, 0x19e5, 0x19e5, 0x19e5, 0x19e5, 0x19e5, 0x19e5, 0x19e5, 0x19e5, 0x19e5, 0x19e5, 0x19e5, 0x19e5,
    0x19e5, 0x19e5, 0x19e5, 0x19e5, 0x19e5, 0x19e5, 0x19e5, 0x19e5, 0x19e5, 0x19e5, 0x19e5, 0x19e5, 0x19e5, 0x19e5, 0x19e5, 0x19e5,
    0x19e5, 0x19e5, 0x19e5, 0x19e5, 0x19e5, 0x19e5, 0x19e5, 0x19e5, 0x19e5, 0x19e5, 0x19e5, 0x19e5, 0x19e5, 0x19e5, 0x19e5, 0x19e5,
    0x19e5, 0x19e5, 0x19e5, 0x19e5, 0x19e5, 0x19e5, 0x19e5, 0x19e5, 0x19e5, 0x19e5, 0x19e5, 0x19e5, 0x19e5, 0x19e5, 0x19e5, 0x19e5,
    0x19e5, 0x19e5, 0x19e5, 0x19e5, 0x19e5, 0x19e5, 0x19e5, 0x19e5, 0x19e5, 0x19e5, 0x19e5, 0x19e5, 0x21e6, 0x1184, 0xad94, 0xfffe,
    0xf77c, 0xf79c, 0xf79c, 0xf79c, 0xf79c, 0xf77c, 0xfffe, 0x7c4f, 0x1184, 0x2206, 0x19e5, 0x19e5, 0x19e5, 0x19e5, 0x19e5, 0x19e5,
    0x19e5, 0x19e5, 0x19e5, 0x19e5, 0x19e5, 0x19e5, 0x19e5, 0x19e5, 0x19e5, 0x19e5, 0x19e5, 0x19e5, 0x19e5, 0x19e5, 0x19e5, 0x19e5,
    0x19e5, 0x19e5, 0x19e5, 0x19e5, 0x19e5, 0x19e5, 0x19e5, 0x19e5, 0x19e5, 0x19e5, 0x19e5, 0x19e5, 0x19e5, 0x19e5, 0x19e5, 0x19e5,
    0x2206, 0x11a4, 0x3288, 0xded9, 0xfffd, 0xef7c, 0xf79c, 0xf79c, 0xf79c, 0xf79c, 0xf79c, 0xf79c, 0xf79c, 0xf79c, 0xf79c, 0xf79c,
    0xf79c, 0xf79c, 0xf79c, 0xf79c, 0xf79c, 0xf79c, 0xf79c, 0xf79c, 0xf79c, 0xf79c, 0xf79c, 0xf79c, 0xf79c, 0xf79c, 0xf79c, 0xf79c,
    0xf79c, 0xf77c, 0xffdd, 0xce77, 0x19c5, 0x19e5, 0x19e5, 0x19e5, 0x19e5, 0x19e5, 0x19e5, 0x19e5, 0x19e5, 0x19e5, 0x19e5, 0x19e5,
    0x19e5, 0x19e5, 0x19e5, 0x19e5, 0x19e5, 0x19e5, 0x19e5, 0x19e5, 0x19e5, 0x19e5, 0x19e5, 0x19e5, 0x19e5, 0x19e5, 0x19e5, 0x19e5,
    0x19e5, 0x19e5, 0x19e5, 0x19e5, 0x19e5, 0x19e5, 0x19e5, 0x19e5, 0x19e5, 0x19e5, 0x19e5, 0x19e5, 0x19e5, 0x19e5, 0x19e5, 0x19e5,
    0x19e5, 0x19e5, 0x19e5, 0x19e5, 0x19e5, 0x19e5, 0x2206, 0x1184, 0x7c4f, 0xfffe, 0xf77c, 0xf79c, 0xf79c, 0xf79c, 0xf79c, 0xf77c,
    0xfffe, 0xad94, 0x1184, 0x21e6, 0x19e5, 0x19e5, 0x19e5, 0x19e5, 0x19e5, 0x19e5, 0x19e5, 0x19e5, 0x19e5, 0x19e5, 0x19e5, 0x19e5,
    0x19e5, 0x19e5, 0x19e5, 0x19e5, 0x19e5, 0x19e5, 0x19e5, 0x19e5, 0x19e5, 0x19e5, 0x19e5, 0x19e5, 0x19e5, 0x19e5, 0x19e5, 0x19e5,
    0x19e5, 0x19e5, 0x19e5, 0x19e5, 0x19e5, 0x19e5, 0x19e5, 0x19e5, 0x19e5, 0x19e5, 0x19e5, 0x19e5, 0x19e5, 0x19e5, 0x19e5, 0x19e5,
    0x19e5, 0x19e5, 0x19e5, 0x19e5, 0x19e5, 0x19e5, 0x19e5, 0x19e5, 0x19e5, 0x19e5, 0x19e5, 0x19e5, 0x19e5, 0x19e5, 0x19e5, 0x19e5,
    0x19e5, 0x19e5, 0x19e5, 0x19e5, 0x19e5, 0x19e5, 0x19e5, 0x19e5, 0x19e5, 0x19e5, 0x19e5, 0x19e5, 0x19e5, 0x19e5, 0x19e5, 0x19e5,
    0x19e5, 0x19e5, 0x19e5, 0x19e5, 0x19e5, 0x19e5, 0x19e5, 0x19e5, 0x19e5, 0x19e5, 0x19e5, 0x19e5, 0x21e6, 0x1184, 0xad94, 0xfffe,
    0xf77c, 0xf79c, 0xf79c, 0xf79c, 0xf79c, 0xf77c, 0xfffe, 0x7c4f, 0x1184, 0x2206, 0x19e5, 0x19e5, 0x19e5, 0x19e5, 0x19e5, 0x19e5,
    0x19e5, 0x19e5, 0x19e5, 0x19e5, 0x19e5, 0x19e5, 0x19e5, 0x19e5, 0x19e5, 0x19e5, 0x19e5, 0x19e5, 0x19e5, 0x19e5, 0x19e5, 0x19e5,
    0x19e5, 0x19e5, 0x19e5, 0x19e5, 0x19e5, 0x19e5, 0x19e5, 0x19e5, 0x19e5, 0x19e5, 0x19e5, 0x19e5, 0x19e5, 0x19e5, 0x19e5, 0x21e6,
    0x19c5, 0x2a47, 0xdef9, 0xffdd, 0xef7c, 0xf79c, 0xf79c, 0xf79c, 0xf79c, 0xf79c, 0xf79c, 0xf79c, 0xf79c, 0xf79c, 0xf79c, 0xf79c,
    0xf79c, 0xf79c, 0xf79c, 0xf79c, 0xf79c, 0xf79c, 0xf79c, 0xf79c, 0xf79c, 0xf79c, 0xf79c, 0xf79c, 0xf79c, 0xf79c, 0xf79c, 0xf79c,
    0xf79c, 0xf77c, 0xffdd, 0xce77, 0x19c5, 0x19e5, 0x19e5, 0x19e5, 0x19e5, 0x19e5, 0x19e5, 0x19e5, 0x19e5, 0x19e5, 0x19e5, 0x19e5,
    0x19e5, 0x19e5, 0x19e5, 0x19e5, 0x19e5, 0x19e5, 0x19e5, 0x19e5, 0x19e5, 0x19e5, 0x19e5, 0x19e5, 0x19e5, 0x19e5, 0x19e5, 0x19e5,
    0x19e5, 0x19e5, 0x19e5, 0x19e5, 0x19e5, 0x19e5, 0x19e5, 0x19e5, 0x19e5, 0x19e5, 0x19e5, 0x19e5, 0x19e5, 0x19e5, 0x19e5, 0x19e5,
    0x19e5, 0x19e5, 0x19e5, 0x19e5, 0x19e5, 0x19e5, 0x2206, 0x1184, 0x7c4f, 0xfffe, 0xf77c, 0xf79c, 0xf79c, 0xf79c, 0xf79c, 0xf77c,
    0xfffe, 0xad94, 0x1184, 0x21e6, 0x19e5, 0x19e5, 0x19e5, 0x19e5, 0x19e5, 0x19e5, 0x19e5, 0x19e5, 0x19e5, 0x19e5, 0x19e5, 0x19e5,
    0x19e5, 0x19e5, 0x19e5, 0x19e5, 0x19e5, 0x19e5, 0x19e5, 0x19e5, 0x19e5, 0x19e5, 0x19e5, 0x19e5, 0x19e5, 0x19e5, 0x19e5, 0x19e5,
    0x19e5, 0x19e5, 0x19e5, 0x19e5, 0x19e5, 0x19e5, 0x19e5, 0x19e5, 0x19e5, 0x19e5, 0x19e5, 0x19e5, 0x19e5, 0x19e5, 0x19e5, 0x19e5,
    0x19e5, 0x19e5, 0x19e5, 0x19e5, 0x19e5, 0x19e5, 0x19e5, 0x19e5, 0x19e5, 0x19e5, 0x19e5, 0x19e5, 0x19e5, 0x19e5, 0x19e5, 0x19e5,
    0x19e5, 0x19e5, 0x19e5, 0x19e5, 0x19e5, 0x19e5, 0x19e5, 0x19e5, 0x19e5, 0x19e5, 0x19e5, 0x19e5, 0x19e5, 0x19e5, 0x19e5, 0x19e5,
    0x19e5, 0x19e5, 0x19e5, 0x19e5, 0x19e5, 0x19e5, 0x19e5, 0x19e5, 0x19e5, 0x19e5, 0x19e5, 0x19e5, 0x21e6, 0x1184, 0xad94, 0xfffe,
    0xf77c, 0xf79c, 0xf79c, 0xf79c, 0xf79c, 0xf77c, 0xfffe, 0x7c4f, 0x1184, 0x2206, 0x19e5, 0x19e5, 0x19e5, 0x19e5, 0x19e5, 0x19e5,
    0x19e5, 0x19e5, 0x19e5, 0x19e5, 0x19e5, 0x19e5, 0x19e5, 0x19e5, 0x19e5, 0x19e5, 0x19e5, 0x19e5, 0x19e5, 0x19e5, 0x19e5, 0x19e5,
    0x19e5, 0x19e5, 0x19e5, 0x19e5, 0x19e5, 0x19e5, 0x19e5, 0x19e5, 0x19e5, 0x19e5, 0x19e5, 0x19e5, 0x19e5, 0x19e5, 0x21e5, 0x19e5,
    0x19e5, 0xc657, 0xfffd, 0xef7c, 0xf79c, 0xf79c, 0xf79c, 0xf79c, 0xf79c, 0xf79c, 0xf79c, 0xf79c, 0xf79c, 0xf79c, 0xf79c, 0xf79c,
    0xf79c, 0xf79c, 0xf79c, 0xf79c, 0xf79c, 0xf79c, 0xf79c, 0xf79c, 0xf79c, 0xf79c, 0xf79c, 0xf79c, 0xf79c, 0xf79c, 0xf79c, 0xf79c,
    0xf79c, 0xf77c, 0xffdd, 0xce77, 0x19c5, 0x19e5, 0x19e5, 0x19e5, 0x19e5, 0x19e5, 0x19e5, 0x19e5, 0x19e5, 0x19e5, 0x19e5, 0x19e5,
    0x19e5, 0x19e5, 0x19e5, 0x19e5, 0x19e5, 0x19e5, 0x19e5, 0x19e5, 0x19e5, 0x19e5, 0x19e5, 0x19e5, 0x19e5, 0x19e5, 0x19e5, 0x19e5,
    0x19e5, 0x19e5, 0x19e5, 0x19e5, 0x19e5, 0x19e5, 0x19e5, 0x19e5, 0x19e5, 0x19e5, 0x19e5, 0x19e5, 0x19e5, 0x19e5, 0x19e5, 0x19e5,
    0x19e5, 0x19e5, 0x19e5, 0x19e5, 0x19e5, 0x19e5, 0x2206, 0x1184, 0x7c4f, 0xfffe, 0xf77c, 0xf79c, 0xf79c, 0xf79c, 0xf79c, 0xf77c,
    0xfffe, 0xad94, 0x1184, 0x21e6, 0x19e5, 0x19e5, 0x19e5, 0x19e5, 0x19e5, 0x19e5, 0x19e5, 0x19e5, 0x19e5, 0x19e5, 0x19e5, 0x19e5,
    0x19e5, 0x19e5, 0x19e5, 0x19e5, 0x19e5, 0x19e5, 0x19e5, 0x19e5, 0x19e5, 0x19e5, 0x19e5, 0x19e5, 0x19e5, 0x19e5, 0x19e5, 0x19e5,
    0x19e5, 0x19e5, 0x19e5, 0x19e5, 0x19e5, 0x19e5, 0x19e5, 0x19e5, 0x19e5, 0x19e5, 0x19e5, 0x19e5, 0x19e5, 0x19e5, 0x19e5, 0x19e5,
    0x19e5, 0x19e5, 0x19e5, 0x19e5, 0x19e5, 0x19e5, 0x19e5, 0x19e5, 0x19e5, 0x19e5, 0x19e5, 0x19e5, 0x19e5, 0x19e5, 0x19e5, 0x19e5,
    0x19e5, 0x19e5, 0x19e5, 0x19e5, 0x19e5, 0x19e5, 0x19e5, 0x19e5, 0x19e5, 0x19e5, 0x19e5, 0x19e5, 0x19e5, 0x19e5, 0x19e5, 0x19e5,
    0x19e5, 0x19e5, 0x19e5, 0x19e5, 0x19e5, 0x19e5, 0x19e5, 0x19e5, 0x19e5, 0x19e5, 0x19e5, 0x19e5, 0x21e6, 0x1184, 0xad94, 0xfffe,
    0xf77c, 0xf79c, 0xf79c, 0xf79c, 0xf79c, 0xf77c, 0xfffe, 0x7c4f, 0x1184, 0x2206, 0x19e5, 0x19e5, 0x19e5, 0x19e5, 0x19e5, 0x19e5,
    0x19e5, 0x19e5, 0x19e5, 0x19e5, 0x19e5, 0x19e5, 0x19e5, 0x19e5, 0x19e5, 0x19e5, 0x19e5, 0x19e5, 0x19e5, 0x19e5, 0x19e5, 0x19e5,
    0x19e5, 0x19e5, 0x19e5, 0x19e5, 0x19e5, 0x19e5, 0x19e5, 0x19e5, 0x19e5, 0x19e5, 0x19e5, 0x19e5, 0x19e5, 0x19e5, 0x2206, 0x1184,
    0x9d32, 0xfffe, 0xef7c, 0xf79c, 0xf79c, 0xf79c, 0xf79c, 0xf79c, 0xf79c, 0xf79c, 0xf79c, 0xf79c, 0xf79c, 0xf79c, 0xf79c, 0xf79c,
    0xf79c, 0xf79c, 0xf79c, 0xf79c, 0xf79c, 0xf79c, 0xf79c, 0xf79c, 0xf79c, 0xf79c, 0xf79c, 0xf79c, 0xf79c, 0xf79c, 0xf79c, 0xf79c,
    0xf79c, 0xf77c, 0xffdd, 0xce78, 0x19c5, 0x19e5, 0x19e5, 0x19e5, 0x19e5, 0x19e5, 0x19e5, 0x19e5, 0x19e5, 0x19e5, 0x19e5, 0x19e5,
    0x19e5, 0x19e5, 0x19e5, 0x19e5, 0x19e5, 0x19e5, 0x19e5, 0x19e5, 0x19e5, 0x19e5, 0x19e5, 0x19e5, 0x19e5, 0x19e5, 0x19e5, 0x19e5,
    0x19e5, 0x19e5, 0x19e5, 0x19e5, 0x19e5, 0x19e5, 0x19e5, 0x19e5, 0x19e5, 0x19e5, 0x19e5, 0x19e5, 0x19e5, 0x19e5, 0x19e5, 0x19e5,
    0x19e5, 0x19e5, 0x19e5, 0x19e5, 0x19e5, 0x19e5, 0x2206, 0x1184, 0x7c4f, 0xfffe, 0xf77c, 0xf79c, 0xf79c, 0xf79c, 0xf79c, 0xf77c,
    0xfffe, 0xad94, 0x1184, 0x21e6, 0x19e5, 0x19e5, 0x19e5, 0x19e5, 0x19e5, 0x19e5, 0x19e5, 0x19e5, 0x19e5, 0x19e5, 0x19e5, 0x19e5,
    0x19e5, 0x19e5, 0x19e5, 0x19e5, 0x19e5, 0x19e5, 0x19e5, 0x19e5, 0x19e5, 0x19e5, 0x19e5, 0x19e5, 0x19e5, 0x19e5, 0x19e5, 0x19e5,
    0x19e5, 0x19e5, 0x19e5, 0x19e5, 0x19e5, 0x19e5, 0x19e5, 0x19e5, 0x19e5, 0x19e5, 0x19e5, 0x19e5, 0x19e5, 0x19e5, 0x19e5, 0x19e5,
    0x19e5, 0x19e5, 0x19e5, 0x19e5, 0x19e5, 0x19e5, 0x19e5, 0x19e5, 0x19e5, 0x19e5, 0x19e5, 0x19e5, 0x19e5, 0x19e5, 0x19e5, 0x19e5,
    0x19e5, 0x19e5, 0x19e5, 0x19e5, 0x19e5, 0x19e5, 0x19e5, 0x19e5, 0x19e5, 0x19e5, 0x19e5, 0x19e5, 0x19e5, 0x19e5, 0x19e5, 0x19e5,
    0x19e5, 0x19e5, 0x19e5, 0x19e5, 0x19e5, 0x19e5, 0x19e5, 0x19e5, 0x19e5, 0x19e5, 0x19e5, 0x19e5, 0x21e6, 0x1184, 0xad94, 0xfffe,
    0xf77c, 0xf79c, 0xf79c, 0xf79c, 0xf79c, 0xf77c, 0xfffe, 0x7c4f, 0x1184, 0x2206, 0x19e5, 0x19e5, 0x19e5, 0x19e5, 0x19e5, 0x19e5,
    0x19e5, 0x19e5, 0x19e5, 0x19e5, 0x19e5, 0x19e5, 0x19e5, 0x19e5, 0x19e5, 0x19e5, 0x19e5, 0x19e5, 0x19e5, 0x19e5, 0x19e5, 0x19e5,
    0x19e5, 0x19e5, 0x19e5, 0x19e5, 0x19e5, 0x19e5, 0x19e5, 0x19e5, 0x19e5, 0x19e5, 0x19e5, 0x19e5, 0x19e5, 0x21e6, 0x11a4, 0x534b,
    0xffdd, 0xf77c, 0xf79c, 0xf79c, 0xf79c, 0xf79c, 0xf79c, 0xf79c, 0xf79c, 0xf79c, 0xf79c, 0xf79c, 0xf79c, 0xf79c, 0xf79c, 0xf79c,
    0xf79c, 0xf79c, 0xf79c, 0xf79c, 0xf79c, 0xf79c, 0xf79c, 0xf79c, 0xf79c, 0xf79c, 0xf79c, 0xf79c, 0xf79c, 0xf79c, 0xf79c, 0xf79c,
    0xf79c, 0xf79c, 0xffbd, 0xdefa, 0x2226, 0x19c5, 0x21e5, 0x19e5, 0x19e5, 0x19e5, 0x19e5, 0x19e5, 0x19e5, 0x19e5, 0x19e5, 0x19e5,
    0x19e5, 0x19e5, 0x19e5, 0x19e5, 0x19e5, 0x19e5, 0x19e5, 0x19e5, 0x19e5, 0x19e5, 0x19e5, 0x19e5, 0x19e5, 0x19e5, 0x19e5, 0x19e5,
    0x19e5, 0x19e5, 0x19e5, 0x19e5, 0x19e5, 0x19e5, 0x19e5, 0x19e5, 0x19e5, 0x19e5, 0x19e5, 0x19e5, 0x19e5, 0x19e5, 0x19e5, 0x19e5,
    0x19e5, 0x19e5, 0x19e5, 0x19e5, 0x19e5, 0x19e5, 0x2206, 0x1184, 0x7c4f, 0xfffe, 0xf77c, 0xf79c, 0xf79c, 0xf79c, 0xf79c, 0xf77c,
    0xfffe, 0xad94, 0x1184, 0x21e6, 0x19e5, 0x19e5, 0x19e5, 0x19e5, 0x19e5, 0x19e5, 0x19e5, 0x19e5, 0x19e5, 0x19e5, 0x19e5, 0x19e5,
    0x19e5, 0x19e5, 0x19e5, 0x19e5, 0x19e5, 0x19e5, 0x19e5, 0x19e5, 0x19e5, 0x19e5, 0x19e5, 0x19e5, 0x19e5, 0x19e5, 0x19e5, 0x19e5,
    0x19e5, 0x19e5, 0x19e5, 0x19e5, 0x19e5, 0x19e5, 0x19e5, 0x19e5, 0x19e5, 0x19e5, 0x19e5, 0x19e5, 0x19e5, 0x19e5, 0x19e5, 0x19e5,
    0x19e5, 0x19e5, 0x19e5, 0x19e5, 0x19e5, 0x19e5, 0x19e5, 0x19e5, 0x19e5, 0x19e5, 0x19e5, 0x19e5, 0x19e5, 0x19e5, 0x19e5, 0x19e5,
    0x19e5, 0x19e5, 0x19e5, 0x19e5, 0x19e5, 0x19e5, 0x19e5, 0x19e5, 0x19e5, 0x19e5, 0x19e5, 0x19e5, 0x19e5, 0x19e5, 0x19e5, 0x19e5,
    0x19e5, 0x19e5, 0x19e5, 0x19e5, 0x19e5, 0x19e5, 0x19e5, 0x19e5, 0x19e5, 0x19e5, 0x19e5, 0x19e5, 0x21e6, 0x1184, 0xad94, 0xfffe,
    0xf77c, 0xf79c, 0xf79c, 0xf79c, 0xf79c, 0xf77c, 0xfffe, 0x7c4f, 0x1184, 0x2206, 0x19e5, 0x19e5, 0x19e5, 0x19e5, 0x19e5, 0x19e5,
    0x19e5, 0x19e5, 0x19e5, 0x19e5, 0x19e5, 0x19e5, 0x19e5, 0x19e5, 0x19e5, 0x19e5, 0x19e5, 0x19e5, 0x19e5, 0x19e5, 0x19e5, 0x19e5,
    0x19e5, 0x19e5, 0x19e5, 0x19e5, 0x19e5, 0x19e5, 0x19e5, 0x19e5, 0x19e5, 0x19e5, 0x19e5, 0x19e5, 0x19e5, 0x19e5, 0x19c5, 0xce77,
    0xffdd, 0xf77c, 0xf79c, 0xf79c, 0xf79c, 0xf79c, 0xf79c, 0xf79c, 0xf79c, 0xf79c, 0xf79c, 0xf79c, 0xf79c, 0xf79c, 0xf79c, 0xf79c,
    0xf79c, 0xf79c, 0xf79c, 0xf79c, 0xf79c, 0xf79c, 0xf79c, 0xf79c, 0xf79c, 0xf79c, 0xf79c, 0xf79c, 0xf79c, 0xf79c, 0xf79c, 0xf79c,
    0xf79c, 0xf79c, 0xf79c, 0xef7b, 0x3aa8, 0x19c5, 0x21e5, 0x19e5, 0x19e5, 0x19e5, 0x19e5, 0x19e5, 0x19e5, 0x19e5, 0x19e5, 0x19e5,
    0x19e5, 0x19e5, 0x19e5, 0x19e5, 0x19e5, 0x19e5, 0x19e5, 0x19e5, 0x19e5, 0x19e5, 0x19e5, 0x19e5, 0x19e5, 0x19e5, 0x19e5, 0x19e5,
    0x19e5, 0x19e5, 0x19e5, 0x19e5, 0x19e5, 0x19e5, 0x19e5, 0x19e5, 0x19e5, 0x19e5, 0x19e5, 0x19e5, 0x19e5, 0x19e5, 0x19e5, 0x19e5,
    0x19e5, 0x19e5, 0x19e5, 0x19e5, 0x19e5, 0x19e5, 0x2206, 0x1184, 0x7c4f, 0xfffe, 0xf77c, 0xf79c, 0xf79c, 0xf79c, 0xf79c, 0xf77c,
    0xfffe, 0xad94, 0x1184, 0x21e6, 0x19e5, 0x19e5, 0x19e5, 0x19e5, 0x19e5, 0x19e5, 0x19e5, 0x19e5, 0x19e5, 0x19e5, 0x19e5, 0x19e5,
    0x19e5, 0x19e5, 0x19e5, 0x19e5, 0x19e5, 0x19e5, 0x19e5, 0x19e5, 0x19e5, 0x19e5, 0x19e5, 0x19e5, 0x19e5, 0x19e5, 0x19e5, 0x19e5,
    0x19e5, 0x19e5, 0x19e5, 0x19e5, 0x19e5, 0x19e5, 0x19e5, 0x19e5, 0x19e5, 0x19e5, 0x19e5, 0x19e5, 0x19e5, 0x19e5, 0x19e5, 0x19e5,
    0x19e5, 0x19e5, 0x19e5, 0x19e5, 0x19e5, 0x19e5, 0x19e5, 0x19e5, 0x19e5, 0x19e5, 0x19e5, 0x19e5, 0x19e5, 0x19e5, 0x19e5, 0x19e5,
    0x19e5, 0x19e5, 0x19e5, 0x19e5, 0x19e5, 0x19e5, 0x19e5, 0x19e5, 0x19e5, 0x19e5, 0x19e5, 0x19e5, 0x19e5, 0x19e5, 0x19e5, 0x19e5,
    0x19e5, 0x19e5, 0x19e5, 0x19e5, 0x19e5, 0x19e5, 0x19e5, 0x19e5, 0x19e5, 0x19e5, 0x19e5, 0x19e5, 0x21e6, 0x1184, 0xad94, 0xfffe,
    0xf77c, 0xf79c, 0xf79c, 0xf79c, 0xf79c, 0xf77c, 0xfffe, 0x7c4f, 0x1184, 0x2206, 0x19e5, 0x19e5, 0x19e5, 0x19e5, 0x19e5, 0x19e5,
    0x19e5, 0x19e5, 0x19e5, 0x19e5, 0x19e5, 0x19e5, 0x19e5, 0x19e5, 0x19e5, 0x19e5, 0x19e5, 0x19e5, 0x19e5, 0x19e5, 0x19e5, 0x19e5,
    0x19e5, 0x19e5, 0x19e5, 0x19e5, 0x19e5, 0x19e5, 0x19e5, 0x19e5, 0x19e5, 0x19e5, 0x19e5, 0x19e5, 0x21e6, 0x1184, 0x63ad, 0xffdd,
    0xf77c, 0xf79c, 0xf79c, 0xf79c, 0xf79c, 0xf79c, 0xf79c, 0xf79c, 0xf79c, 0xf79c, 0xf79c, 0xf79c, 0xf79c, 0xf79c, 0xf79c, 0xf79c,
    0xf79c, 0xf79c, 0xf79c, 0xf79c, 0xf79c, 0xf79c, 0xf79c, 0xf79c, 0xf79c, 0xf79c, 0xf79c, 0xf79c, 0xf79c, 0xf79c, 0xf79c, 0xf79c,
    0xf79c, 0xf79c, 0xf79c, 0xf79c, 0x42e9, 0x11a4, 0x21e6, 0x19e5, 0x19e5, 0x19e5, 0x19e5, 0x19e5, 0x19e5, 0x19e5, 0x19e5, 0x19e5,
    0x19e5, 0x19e5, 0x19e5, 0x19e5, 0x19e5, 0x19e5, 0x19e5, 0x19e5, 0x19e5, 0x19e5, 0x19e5, 0x19e5, 0x19e5, 0x19e5, 0x19e5, 0x19e5,
    0x19e5, 0x19e5, 0x19e5, 0x19e5, 0x19e5, 0x19e5, 0x19e5, 0x19e5, 0x19e5, 0x19e5, 0x19e5, 0x19e5, 0x19e5, 0x19e5, 0x19e5, 0x19e5,
    0x19e5, 0x19e5, 0x19e5, 0x19e5, 0x19e5, 0x19e5, 0x2206, 0x1184, 0x7c4f, 0xfffe, 0xf77c, 0xf79c, 0xf79c, 0xf79c, 0xf79c, 0xf77c,
    0xfffe, 0xad94, 0x1184, 0x21e6, 0x19e5, 0x19e5, 0x19e5, 0x19e5, 0x19e5, 0x19e5, 0x19e5, 0x19e5, 0x19e5, 0x19e5, 0x19e5, 0x19e5,
    0x19e5, 0x19e5, 0x19e5, 0x19e5, 0x19e5, 0x19e5, 0x19e5, 0x19e5, 0x19e5, 0x19e5, 0x19e5, 0x19e5, 0x19e5, 0x19e5, 0x19e5, 0x19e5,
    0x19e5, 0x19e5, 0x19e5, 0x19e5, 0x19e5, 0x19e5, 0x19e5, 0x19e5, 0x19e5, 0x19e5, 0x19e5, 0x19e5, 0x19e5, 0x19e5, 0x19e5, 0x19e5,
    0x19e5, 0x19e5, 0x19e5, 0x19e5, 0x19e5, 0x19e5, 0x19e5, 0x19e5, 0x19e5, 0x19e5, 0x19e5, 0x19e5, 0x19e5, 0x19e5, 0x19e5, 0x19e5,
    0x19e5, 0x19e5, 0x19e5, 0x19e5, 0x19e5, 0x19e5, 0x19e5, 0x19e5, 0x19e5, 0x19e5, 0x19e5, 0x19e5, 0x19e5, 0x19e5, 0x19e5, 0x19e5,
    0x19e5, 0x19e5, 0x19e5, 0x19e5, 0x19e5, 0x19e5, 0x19e5, 0x19e5, 0x19e5, 0x19e5, 0x19e5, 0x19e5, 0x21e6, 0x1184, 0xad94, 0xfffe,
    0xf77c, 0xf79c, 0xf79c, 0xf79c, 0xf79c, 0xf77c, 0xfffe, 0x7c4f, 0x1184, 0x2206, 0x19e5, 0x19e5, 0x19e5, 0x19e5, 0x19e5, 0x19e5,
    0x19e5, 0x19e5, 0x19e5, 0x19e5, 0x19e5, 0x19e5, 0x19e5, 0x19e5, 0x19e5, 0x19e5, 0x19e5, 0x19e5, 0x19e5, 0x19e5, 0x19e5, 0x19e5,
    0x19e5, 0x19e5, 0x19e5, 0x19e5, 0x19e5, 0x19e5, 0x19e5, 0x19e5, 0x19e5, 0x19e5, 0x19e5, 0x19e5, 0x21e6, 0x11a4, 0xbe16, 0xffdd,
    0xf77c, 0xf79c, 0xf79c, 0xf79c, 0xf79c, 0xf79c, 0xf79c, 0xf79c, 0xf79c, 0xf79c, 0xf79c, 0xf79c, 0xf79c, 0xf79c, 0xf79c, 0xf79c,
    0xf79c, 0xf79c, 0xf79c, 0xf79c, 0xf79c, 0xf79c, 0xf79c, 0xf79c, 0xf79c, 0xf79c, 0xf79c, 0xf79c, 0xf79c, 0xf79c, 0xf79c, 0xf79c,
    0xf79c, 0xf79c, 0xf79c, 0xf79c, 0x42c9, 0x11a4, 0x21e6, 0x19e5, 0x19e5, 0x19e5, 0x19e5, 0x19e5, 0x19e5, 0x19e5, 0x19e5, 0x19e5,
    0x19e5, 0x19e5, 0x19e5, 0x19e5, 0x19e5, 0x19e5, 0x19e5, 0x19e5, 0x19e5, 0x19e5, 0x19e5, 0x19e5, 0x19e5, 0x19e5, 0x19e5, 0x19e5,
    0x19e5, 0x19e5, 0x19e5, 0x19e5, 0x19e5, 0x19e5, 0x19e5, 0x19e5, 0x19e5, 0x19e5, 0x19e5, 0x19e5, 0x19e5, 0x19e5, 0x19e5, 0x19e5,
    0x19e5, 0x19e5, 0x19e5, 0x19e5, 0x19e5, 0x19e5, 0x2206, 0x1184, 0x7c4f, 0xfffe, 0xf77c, 0xf79c, 0xf79c, 0xf79c, 0xf79c, 0xf77c,
    0xfffe, 0xad94, 0x1184, 0x21e6, 0x19e5, 0x19e5, 0x19e5, 0x19e5, 0x19e5, 0x19e5, 0x19e5, 0x19e5, 0x19e5, 0x19e5, 0x19e5, 0x19e5,
    0x19e5, 0x19e5, 0x19e5, 0x19e5, 0x19e5, 0x19e5, 0x19e5, 0x19e5, 0x19e5, 0x19e5, 0x19e5, 0x19e5, 0x19e5, 0x19e5, 0x19e5, 0x19e5,
    0x19e5, 0x19e5, 0x19e5, 0x19e5, 0x19e5, 0x19e5, 0x19e5, 0x19e5, 0x19e5, 0x19e5, 0x19e5, 0x19e5, 0x19e5, 0x19e5, 0x19e5, 0x19e5,
    0x19e5, 0x19e5, 0x19e5, 0x19e5, 0x19e5, 0x19e5, 0x19e5, 0x19e5, 0x19e5, 0x19e5, 0x19e5, 0x19e5, 0x19e5, 0x19e5, 0x19e5, 0x19e5,
    0x19e5, 0x19e5, 0x19e5, 0x19e5, 0x19e5, 0x19e5, 0x19e5, 0x19e5, 0x19e5, 0x19e5, 0x19e5, 0x19e5, 0x19e5, 0x19e5, 0x19e5, 0x19e5,
    0x19e5, 0x19e5, 0x19e5, 0x19e5, 0x19e5, 0x19e5, 0x19e5, 0x19e5, 0x19e5, 0x19e5, 0x19e5, 0x19e5, 0x21e6, 0x1184, 0xad94, 0xfffe,
    0xf77c, 0xf79c, 0xf79c, 0xf79c, 0xf79c, 0xf77c, 0xfffe, 0x7c4f, 0x1184, 0x2206, 0x19e5, 0x19e5, 0x19e5, 0x19e5, 0x19e5, 0x19e5,
    0x19e5, 0x19e5, 0x19e5, 0x19e5, 0x19e5, 0x19e5, 0x19e5, 0x19e5, 0x19e5, 0x19e5, 0x19e5, 0x19e5, 0x19e5, 0x19e5, 0x19e5, 0x19e5,
    0x19e5, 0x19e5, 0x19e5, 0x19e5, 0x19e5, 0x19e5, 0x19e5, 0x19e5, 0x19e5, 0x19e5, 0x19e5, 0x21e5, 0x19c5, 0x3a88, 0xef7b, 0xf79c,
    0xf79c, 0xf79c, 0xf79c, 0xf79c, 0xf79c, 0xf79c, 0xf79c, 0xf79c, 0xf79c, 0xf79c, 0xf79c, 0xf79c, 0xf79c, 0xf79c, 0xf79c, 0xf79c,
    0xf79c, 0xf79c, 0xf79c, 0xf79c, 0xf79c, 0xf79c, 0xf79c, 0xf79c, 0xf79c, 0xf79c, 0xf79c, 0xf79c, 0xf79c, 0xf79c, 0xf79c, 0xf79c,
    0xf79c, 0xf79c, 0xf79c, 0xef5b, 0x3288, 0x19c5, 0x21e5, 0x19e5, 0x19e5, 0x19e5, 0x19e5, 0x19e5, 0x19e5, 0x19e5, 0x19e5, 0x19e5,
    0x19e5, 0x19e5, 0x19e5, 0x19e5, 0x19e5, 0x19e5, 0x19e5, 0x19e5, 0x19e5, 0x19e5, 0x19e5, 0x19e5, 0x19e5, 0x19e5, 0x19e5, 0x19e5,
    0x19e5, 0x19e5, 0x19e5, 0x19e5, 0x19e5, 0x19e5, 0x19e5, 0x19e5, 0x19e5, 0x19e5, 0x19e5, 0x19e5, 0x19e5, 0x19e5, 0x19e5, 0x19e5,
    0x19e5, 0x19e5, 0x19e5, 0x19e5, 0x19e5, 0x19e5, 0x2206, 0x1184, 0x7c4f, 0xfffe, 0xf77c, 0xf79c, 0xf79c, 0xf79c, 0xf79c, 0xf77c,
    0xfffe, 0xad94, 0x1184, 0x21e6, 0x19e5, 0x19e5, 0x19e5, 0x19e5, 0x19e5, 0x19e5, 0x19e5, 0x19e5, 0x19e5, 0x19e5, 0x19e5, 0x19e5,
    0x19e5, 0x19e5, 0x19e5, 0x19e5, 0x19e5, 0x19e5, 0x19e5, 0x19e5, 0x19e5, 0x19e5, 0x19e5, 0x19e5, 0x19e5, 0x19e5, 0x19e5, 0x19e5,
    0x19e5, 0x19e5, 0x19e5, 0x19e5, 0x19e5, 0x19e5, 0x19e5, 0x19e5, 0x19e5, 0x19e5, 0x19e5, 0x19e5, 0x19e5, 0x19e5, 0x19e5, 0x19e5,
    0x19e5, 0x19e5, 0x19e5, 0x19e5, 0x19e5, 0x19e5, 0x19e5, 0x19e5, 0x19e5, 0x19e5, 0x19e5, 0x19e5, 0x19e5, 0x19e5, 0x19e5, 0x19e5,
    0x19e5, 0x19e5, 0x19e5, 0x19e5, 0x19e5, 0x19e5, 0x19e5, 0x19e5, 0x19e5, 0x19e5, 0x19e5, 0x19e5, 0x19e5, 0x19e5, 0x19e5, 0x19e5,
    0x19e5, 0x19e5, 0x19e5, 0x19e5, 0x19e5, 0x19e5, 0x19e5, 0x19e5, 0x19e5, 0x19e5, 0x19e5, 0x19e5, 0x21e6, 0x1184, 0xad94, 0xfffe,
    0xf77c, 0xf79c, 0xf79c, 0xf79c, 0xf79c, 0xf77c, 0xfffe, 0x7c4f, 0x1184, 0x2206, 0x19e5, 0x19e5, 0x19e5, 0x19e5, 0x19e5, 0x19e5,
    0x19e5, 0x19e5, 0x19e5, 0x19e5, 0x19e5, 0x19e5, 0x19e5, 0x19e5, 0x19e5, 0x19e5, 0x19e5, 0x19e5, 0x19e5, 0x19e5, 0x19e5, 0x19e5,
    0x19e5, 0x19e5, 0x19e5, 0x19e5, 0x19e5, 0x19e5, 0x19e5, 0x19e5, 0x19e5, 0x19e5, 0x19e5, 0x2206, 0x1184, 0x6bed, 0xfffd, 0xf77c,
    0xf79c, 0xf79c, 0xf79c, 0xf79c, 0xf79c, 0xf79c, 0xf79c, 0xf79c, 0xf79c, 0xf79c, 0xf79c, 0xf79c, 0xf79c, 0xf79c, 0xf79c, 0xf79c,
    0xf79c, 0xf79c, 0xf79c, 0xf79c, 0xf79c, 0xf79c, 0xf79c, 0xf79c, 0xf79c, 0xf79c, 0xf79c, 0xf79c, 0xf79c, 0xf79c, 0xf79c, 0xf79c,
    0xf79c, 0xf79c, 0xffbd, 0xd6b9, 0x21e6, 0x19e5, 0x21e5, 0x19e5, 0x19e5, 0x19e5, 0x19e5, 0x19e5, 0x19e5, 0x19e5, 0x19e5, 0x19e5,
    0x19e5, 0x19e5, 0x19e5, 0x19e5, 0x19e5, 0x19e5, 0x19e5, 0x19e5, 0x19e5, 0x19e5, 0x19e5, 0x19e5, 0x19e5, 0x19e5, 0x19e5, 0x19e5,
    0x19e5, 0x19e5, 0x19e5, 0x19e5, 0x19e5, 0x19e5, 0x19e5, 0x19e5, 0x19e5, 0x19e5, 0x19e5, 0x19e5, 0x19e5, 0x19e5, 0x19e5, 0x19e5,
    0x19e5, 0x19e5, 0x19e5, 0x19e5, 0x19e5, 0x19e5, 0x2206, 0x1184, 0x7c4f, 0xfffe, 0xf77c, 0xf79c, 0xf79c, 0xf79c, 0xf79c, 0xf77c,
    0xfffe, 0xad94, 0x1184, 0x21e6, 0x19e5, 0x19e5, 0x19e5, 0x19e5, 0x19e5, 0x19e5, 0x19e5, 0x19e5, 0x19e5, 0x19e5, 0x19e5, 0x19e5,
    0x19e5, 0x19e5, 0x19e5, 0x19e5, 0x19e5, 0x19e5, 0x19e5, 0x19e5, 0x19e5, 0x19e5, 0x19e5, 0x19e5, 0x19e5, 0x19e5, 0x19e5, 0x19e5,
    0x19e5, 0x19e5, 0x19e5, 0x19e5, 0x19e5, 0x19e5, 0x19e5, 0x19e5, 0x19e5, 0x19e5, 0x19e5, 0x19e5, 0x19e5, 0x19e5, 0x19e5, 0x19e5,
    0x19e5, 0x19e5, 0x19e5, 0x19e5, 0x19e5, 0x19e5, 0x19e5, 0x19e5, 0x19e5, 0x19e5, 0x19e5, 0x19e5, 0x19e5, 0x19e5, 0x19e5, 0x19e5,
    0x19e5, 0x19e5, 0x19e5, 0x19e5, 0x19e5, 0x19e5, 0x19e5, 0x19e5, 0x19e5, 0x19e5, 0x19e5, 0x19e5, 0x19e5, 0x19e5, 0x19e5, 0x19e5,
    0x19e5, 0x19e5, 0x19e5, 0x19e5, 0x19e5, 0x19e5, 0x19e5, 0x19e5, 0x19e5, 0x19e5, 0x19e5, 0x19e5, 0x21e6, 0x1184, 0xad94, 0xfffe,
    0xf77c, 0xf79c, 0xf79c, 0xf79c, 0xf79c, 0xf77c, 0xfffe, 0x7c4f, 0x1184, 0x2206, 0x19e5, 0x19e5, 0x19e5, 0x19e5, 0x19e5, 0x19e5,
    0x19e5, 0x19e5, 0x19e5, 0x19e5, 0x19e5, 0x19e5, 0x19e5, 0x19e5, 0x19e5, 0x19e5, 0x19e5, 0x19e5, 0x19e5, 0x19e5, 0x19e5, 0x19e5,
    0x19e5, 0x19e5, 0x19e5, 0x19e5, 0x19e5, 0x19e5, 0x19e5, 0x19e5, 0x19e5, 0x19e5, 0x19e5, 0x2206, 0x1184, 0x94f2, 0xfffe, 0xf77c,
    0xf79c, 0xf79c, 0xf79c, 0xf79c, 0xf79c, 0xf79c, 0xf79c, 0xf79c, 0xf79c, 0xf79c, 0xf79c, 0xf79c, 0xf79c, 0xf79c, 0xf79c, 0xf79c,
    0xf79c, 0xf79c, 0xf79c, 0xf79c, 0xf79c, 0xf79c, 0xf79c, 0xf79c, 0xf79c, 0xf79c, 0xf79c, 0xf79c, 0xf79c, 0xf79c, 0xf79c, 0xf79c,
    0xf79c, 0xf77c, 0xfffd, 0xad94, 0x1184, 0x21e6, 0x19e5, 0x19e5, 0x19e5, 0x19e5, 0x19e5, 0x19e5, 0x19e5, 0x19e5, 0x19e5, 0x19e5,
    0x19e5, 0x19e5, 0x19e5, 0x19e5, 0x19e5, 0x19e5, 0x19e5, 0x19e5, 0x19e5, 0x19e5, 0x19e5, 0x19e5, 0x19e5, 0x19e5, 0x19e5, 0x19e5,
    0x19e5, 0x19e5, 0x19e5, 0x19e5, 0x19e5, 0x19e5, 0x19e5, 0x19e5, 0x19e5, 0x19e5, 0x19e5, 0x19e5, 0x19e5, 0x19e5, 0x19e5, 0x19e5,
    0x19e5, 0x19e5, 0x19e5, 0x19e5, 0x19e5, 0x19e5, 0x2206, 0x1184, 0x7c4f, 0xfffe, 0xf77c, 0xf79c, 0xf79c, 0xf79c, 0xf79c, 0xf77c,
    0xfffe, 0xad94, 0x1184, 0x21e6, 0x19e5, 0x19e5, 0x19e5, 0x19e5, 0x19e5, 0x19e5, 0x19e5, 0x19e5, 0x19e5, 0x19e5, 0x19e5, 0x19e5,
    0x19e5, 0x19e5, 0x19e5, 0x19e5, 0x19e5, 0x19e5, 0x19e5, 0x19e5, 0x19e5, 0x19e5, 0x19e5, 0x19e5, 0x19e5, 0x19e5, 0x19e5, 0x19e5,
    0x19e5, 0x19e5, 0x19e5, 0x19e5, 0x19e5, 0x19e5, 0x19e5, 0x19e5, 0x19e5, 0x19e5, 0x19e5, 0x19e5, 0x19e5, 0x19e5, 0x19e5, 0x19e5,
    0x19e5, 0x19e5, 0x19e5, 0x19e5, 0x19e5, 0x19e5, 0x19e5, 0x19e5, 0x19e5, 0x19e5, 0x19e5, 0x19e5, 0x19e5, 0x19e5, 0x19e5, 0x19e5,
    0x19e5, 0x19e5, 0x19e5, 0x19e5, 0x19e5, 0x19e5, 0x19e5, 0x19e5, 0x19e5, 0x19e5, 0x19e5, 0x19e5, 0x19e5, 0x19e5, 0x19e5, 0x19e5,
    0x19e5, 0x19e5, 0x19e5, 0x19e5, 0x19e5, 0x19e5, 0x19e5, 0x19e5, 0x19e5, 0x19e5, 0x19e5, 0x19e5, 0x21e6, 0x1184, 0xad94, 0xfffe,
    0xf77c, 0xf79c, 0xf79c, 0xf79c, 0xf79c, 0xf77c, 0xfffe, 0x7c4f, 0x1184, 0x2206, 0x19e5, 0x19e5, 0x19e5, 0x19e5, 0x19e5, 0x19e5,
    0x19e5, 0x19e5, 0x19e5, 0x19e5, 0x19e5, 0x19e5, 0x19e5, 0x19e5, 0x19e5, 0x19e5, 0x19e5, 0x19e5, 0x19e5, 0x19e5, 0x19e5, 0x19e5,
    0x19e5, 0x19e5, 0x19e5, 0x19e5, 0x19e5, 0x19e5, 0x19e5, 0x19e5, 0x19e5, 0x19e5, 0x19e5, 0x21e6, 0x1184, 0xadb4, 0xfffd, 0xf77c,
    0xf79c, 0xf79c, 0xf79c, 0xf79c, 0xf79c, 0xf79c, 0xf79c, 0xf79c, 0xf79c, 0xf79c, 0xf79c, 0xf79c, 0xf79c, 0xf79c, 0xf79c, 0xf79c,
    0xf79c, 0xf79c, 0xf79c, 0xf79c, 0xf79c, 0xf79c, 0xf79c, 0xf79c, 0xf79c, 0xf79c, 0xf79c, 0xf79c, 0xf79c, 0xf79c, 0xf79c, 0xf79c,
    0xf79c, 0xf77c, 0xfffd, 0x6bed, 0x1184, 0x2206, 0x19e5, 0x19e5, 0x19e5, 0x19e5, 0x19e5, 0x19e5, 0x19e5, 0x19e5, 0x19e5, 0x19e5,
    0x19e5, 0x19e5, 0x19e5, 0x19e5, 0x19e5, 0x19e5, 0x19e5, 0x19e5, 0x19e5, 0x19e5, 0x19e5, 0x19e5, 0x19e5, 0x19e5, 0x19e5, 0x19e5,
    0x19e5, 0x19e5, 0x19e5, 0x19e5, 0x19e5, 0x19e5, 0x19e5, 0x19e5, 0x19e5, 0x19e5, 0x19e5, 0x19e5, 0x19e5, 0x19e5, 0x19e5, 0x19e5,
    0x19e5, 0x19e5, 0x19e5, 0x19e5, 0x19e5, 0x19e5, 0x2206, 0x1184, 0x7c4f, 0xfffe, 0xf77c, 0xf79c, 0xf79c, 0xf79c, 0xf79c, 0xf77c,
    0xfffe, 0xad94, 0x1184, 0x21e6, 0x19e5, 0x19e5, 0x19e5, 0x19e5, 0x19e5, 0x19e5, 0x19e5, 0x19e5, 0x19e5, 0x19e5, 0x19e5, 0x19e5,
    0x19e5, 0x19e5, 0x19e5, 0x19e5, 0x19e5, 0x19e5, 0x19e5, 0x19e5, 0x19e5, 0x19e5, 0x19e5, 0x19e5, 0x19e5, 0x19e5, 0x19e5, 0x19e5,
    0x19e5, 0x19e5, 0x19e5, 0x19e5, 0x19e5, 0x19e5, 0x19e5, 0x19e5, 0x19e5, 0x19e5, 0x19e5, 0x19e5, 0x19e5, 0x19e5, 0x19e5, 0x19e5,
    0x19e5, 0x19e5, 0x19e5, 0x19e5, 0x19e5, 0x19e5, 0x19e5, 0x19e5, 0x19e5, 0x19e5, 0x19e5, 0x19e5, 0x19e5, 0x19e5, 0x19e5, 0x19e5,
    0x19e5, 0x19e5, 0x19e5, 0x19e5, 0x19e5, 0x19e5, 0x19e5, 0x19e5, 0x19e5, 0x19e5, 0x19e5, 0x19e5, 0x19e5, 0x19e5, 0x19e5, 0x19e5,
    0x19e5, 0x19e5, 0x19e5, 0x19e5, 0x19e5, 0x19e5, 0x19e5, 0x19e5, 0x19e5, 0x19e5, 0x19e5, 0x19e5, 0x21e6, 0x1184, 0xad94, 0xfffe,
    0xf77c, 0xf79c, 0xf79c, 0xf79c, 0xf79c, 0xf77c, 0xfffe, 0x7c4f, 0x1184, 0x2206, 0x19e5, 0x19e5, 0x19e5, 0x19e5, 0x19e5, 0x19e5,
    0x19e5, 0x19e5, 0x19e5, 0x19e5, 0x19e5, 0x19e5, 0x19e5, 0x19e5, 0x19e5, 0x19e5, 0x19e5, 0x19e5, 0x19e5, 0x19e5, 0x19e5, 0x19e5,
    0x19e5, 0x19e5, 0x19e5, 0x19e5, 0x19e5, 0x19e5, 0x19e5, 0x19e5, 0x19e5, 0x19e5, 0x19e5, 0x21e6, 0x1184, 0xb5f5, 0xfffd, 0xf77c,
    0xf79c, 0xf79c, 0xf79c, 0xf79c, 0xf79c, 0xf79c, 0xf79c, 0xf79c, 0xf79c, 0xf79c, 0xf79c, 0xf79c, 0xf79c, 0xf79c, 0xf79c, 0xf79c,
    0xf79c, 0xf79c, 0xf79c, 0xf79c, 0xf79c, 0xf79c, 0xf79c, 0xf79c, 0xf79c, 0xf79c, 0xf79c, 0xf79c, 0xf79c, 0xf79c, 0xf79c, 0xf79c,
    0xf79c, 0xf7bd, 0xe71a, 0x2a27, 0x19c5, 0x21e5, 0x19e5, 0x19e5, 0x19e5, 0x19e5, 0x19e5, 0x19e5, 0x19e5, 0x19e5, 0x19e5, 0x19e5,
    0x19e5, 0x19e5, 0x19e5, 0x19e5, 0x19e5, 0x19e5, 0x19e5, 0x19e5, 0x19e5, 0x19e5, 0x19e5, 0x19e5, 0x19e5, 0x19e5, 0x19e5, 0x19e5,
    0x19e5, 0x19e5, 0x19e5, 0x19e5, 0x19e5, 0x19e5, 0x19e5, 0x19e5, 0x19e5, 0x19e5, 0x19e5, 0x19e5, 0x19e5, 0x19e5, 0x19e5, 0x19e5,
    0x19e5, 0x19e5, 0x19e5, 0x19e5, 0x19e5, 0x19e5, 0x2206, 0x1184, 0x7c4f, 0xfffe, 0xf77c, 0xf79c, 0xf79c, 0xf79c, 0xf79c, 0xf77c,
    0xfffe, 0xad94, 0x1184, 0x21e6, 0x19e5, 0x19e5, 0x19e5, 0x19e5, 0x19e5, 0x19e5, 0x19e5, 0x19e5, 0x19e5, 0x19e5, 0x19e5, 0x19e5,
    0x19e5, 0x19e5, 0x19e5, 0x19e5, 0x19e5, 0x19e5, 0x19e5, 0x19e5, 0x19e5, 0x19e5, 0x19e5, 0x19e5, 0x19e5, 0x19e5, 0x19e5, 0x19e5,
    0x19e5, 0x19e5, 0x19e5, 0x19e5, 0x19e5, 0x19e5, 0x19e5, 0x19e5, 0x19e5, 0x19e5, 0x19e5, 0x19e5, 0x19e5, 0x19e5, 0x19e5, 0x19e5,
    0x19e5, 0x19e5, 0x19e5, 0x19e5, 0x19e5, 0x19e5, 0x19e5, 0x19e5, 0x19e5, 0x19e5, 0x19e5, 0x19e5, 0x19e5, 0x19e5, 0x19e5, 0x19e5,
    0x19e5, 0x19e5, 0x19e5, 0x19e5, 0x19e5, 0x19e5, 0x19e5, 0x19e5, 0x19e5, 0x19e5, 0x19e5, 0x19e5, 0x19e5, 0x19e5, 0x19e5, 0x19e5,
    0x19e5, 0x19e5, 0x19e5, 0x19e5, 0x19e5, 0x19e5, 0x19e5, 0x19e5, 0x19e5, 0x19e5, 0x19e5, 0x19e5, 0x21e6, 0x1184, 0xad94, 0xfffe,
    0xf77c, 0xf79c, 0xf79c, 0xf79c, 0xf79c, 0xf77c, 0xfffe, 0x7c4f, 0x1184, 0x2206, 0x19e5, 0x19e5, 0x19e5, 0x19e5, 0x19e5, 0x19e5,
    0x19e5, 0x19e5, 0x19e5, 0x19e5, 0x19e5, 0x19e5, 0x19e5, 0x19e5, 0x19e5, 0x19e5, 0x19e5, 0x19e5, 0x19e5, 0x19e5, 0x19e5, 0x19e5,
    0x19e5, 0x19e5, 0x19e5, 0x19e5, 0x19e5, 0x19e5, 0x19e5, 0x19e5, 0x19e5, 0x19e5, 0x19e5, 0x21e6, 0x1184, 0xadb5, 0xfffd, 0xf77c,
    0xf79c, 0xf79c, 0xf79c, 0xf79c, 0xf79c, 0xf79c, 0xf79c, 0xf79c, 0xf79c, 0xf79c, 0xf79c, 0xf79c, 0xf79c, 0xf79c, 0xf79c, 0xf79c,
    0xf79c, 0xf79c, 0xf79c, 0xf79c, 0xf79c, 0xf79c, 0xf79c, 0xf79c, 0xf79c, 0xf79c, 0xf79c, 0xf79c, 0xf79c, 0xf79c, 0xf79c, 0xf79c,
    0xef7c, 0xfffe, 0x8cd1, 0x1184, 0x2206, 0x19e5, 0x19e5, 0x19e5, 0x19e5, 0x19e5, 0x19e5, 0x19e5, 0x19e5, 0x19e5, 0x19e5, 0x19e5,
    0x19e5, 0x19e5, 0x19e5, 0x19e5, 0x19e5, 0x19e5, 0x19e5, 0x19e5, 0x19e5, 0x19e5, 0x19e5, 0x19e5, 0x19e5, 0x19e5, 0x19e5, 0x19e5,
    0x19e5, 0x19e5, 0x19e5, 0x19e5, 0x19e5, 0x19e5, 0x19e5, 0x19e5, 0x19e5, 0x19e5, 0x19e5, 0x19e5, 0x19e5, 0x19e5, 0x19e5, 0x19e5,
    0x19e5, 0x19e5, 0x19e5, 0x19e5, 0x19e5, 0x19e5, 0x2206, 0x1184, 0x7c4f, 0xfffe, 0xf77c, 0xf79c, 0xf79c, 0xf79c, 0xf79c, 0xf77c,
    0xfffe, 0xad94, 0x1184, 0x21e6, 0x19e5, 0x19e5, 0x19e5, 0x19e5, 0x19e5, 0x19e5, 0x19e5, 0x19e5, 0x19e5, 0x19e5, 0x19e5, 0x19e5,
    0x19e5, 0x19e5, 0x19e5, 0x19e5, 0x19e5, 0x19e5, 0x19e5, 0x19e5, 0x19e5, 0x19e5, 0x19e5, 0x19e5, 0x19e5, 0x19e5, 0x19e5, 0x19e5,
    0x19e5, 0x19e5, 0x19e5, 0x19e5, 0x19e5, 0x19e5, 0x19e5, 0x19e5, 0x19e5, 0x19e5, 0x19e5, 0x19e5, 0x19e5, 0x19e5, 0x19e5, 0x19e5,
    0x19e5, 0x19e5, 0x19e5, 0x19e5, 0x19e5, 0x19e5, 0x19e5, 0x19e5, 0x19e5, 0x19e5, 0x19e5, 0x19e5, 0x19e5, 0x19e5, 0x19e5, 0x19e5,
    0x19e5, 0x19e5, 0x19e5, 0x19e5, 0x19e5, 0x19e5, 0x19e5, 0x19e5, 0x19e5, 0x19e5, 0x19e5, 0x19e5, 0x19e5, 0x19e5, 0x19e5, 0x19e5,
    0x19e5, 0x19e5, 0x19e5, 0x19e5, 0x19e5, 0x19e5, 0x19e5, 0x19e5, 0x19e5, 0x19e5, 0x19e5, 0x19e5, 0x21e6, 0x1184, 0xad94, 0xfffe,
    0xf77c, 0xf79c, 0xf79c, 0xf79c, 0xf79c, 0xf77c, 0xfffe, 0x7c4f, 0x1184, 0x2206, 0x19e5, 0x19e5, 0x19e5, 0x19e5, 0x19e5, 0x19e5,
    0x19e5, 0x19e5, 0x19e5, 0x19e5, 0x19e5, 0x19e5, 0x19e5, 0x19e5, 0x19e5, 0x19e5, 0x19e5, 0x19e5, 0x19e5, 0x19e5, 0x19e5, 0x19e5,
    0x19e5, 0x19e5, 0x19e5, 0x19e5, 0x19e5, 0x19e5, 0x19e5, 0x19e5, 0x19e5, 0x19e5, 0x19e5, 0x2206, 0x1184, 0x9512, 0xfffe, 0xf77c,
    0xf79c, 0xf79c, 0xf79c, 0xf79c, 0xf79c, 0xf79c, 0xf79c, 0xf79c, 0xf79c, 0xf79c, 0xf79c, 0xf79c, 0xf79c, 0xf79c, 0xf79c, 0xf79c,
    0xf79c, 0xf79c, 0xf79c, 0xf79c, 0xf79c, 0xf79c, 0xf79c, 0xf79c, 0xf79c, 0xf79c, 0xf79c, 0xf79c, 0xf79c, 0xf79c, 0xf79c, 0xf79c,
    0xffbd, 0xe71a, 0x2a27, 0x19c5, 0x21e5, 0x19e5, 0x19e5, 0x19e5, 0x19e5, 0x19e5, 0x19e5, 0x19e5, 0x19e5, 0x19e5, 0x19e5, 0x19e5,
    0x19e5, 0x19e5, 0x19e5, 0x19e5, 0x19e5, 0x19e5, 0x19e5, 0x19e5, 0x19e5, 0x19e5, 0x19e5, 0x19e5, 0x19e5, 0x19e5, 0x19e5, 0x19e5,
    0x19e5, 0x19e5, 0x19e5, 0x19e5, 0x19e5, 0x19e5, 0x19e5, 0x19e5, 0x19e5, 0x19e5, 0x19e5, 0x19e5, 0x19e5, 0x19e5, 0x19e5, 0x19e5,
    0x19e5, 0x19e5, 0x19e5, 0x19e5, 0x19e5, 0x19e5, 0x2206, 0x1184, 0x7c4f, 0xfffe, 0xf77c, 0xf79c, 0xf79c, 0xf79c, 0xf79c, 0xf77c,
    0xfffe, 0xad94, 0x1184, 0x21e6, 0x19e5, 0x19e5, 0x19e5, 0x19e5, 0x19e5, 0x19e5, 0x19e5, 0x19e5, 0x19e5, 0x19e5, 0x19e5, 0x19e5,
    0x19e5, 0x19e5, 0x19e5, 0x19e5, 0x19e5, 0x19e5, 0x19e5, 0x19e5, 0x19e5, 0x19e5, 0x19e5, 0x19e5, 0x19e5, 0x19e5, 0x19e5, 0x19e5,
    0x19e5, 0x19e5, 0x19e5, 0x19e5, 0x19e5, 0x19e5, 0x19e5, 0x19e5, 0x19e5, 0x19e5, 0x19e5, 0x19e5, 0x19e5, 0x19e5, 0x19e5, 0x19e5,
    0x19e5, 0x19e5, 0x19e5, 0x19e5, 0x19e5, 0x19e5, 0x19e5, 0x19e5, 0x19e5, 0x19e5, 0x19e5, 0x19e5, 0x19e5, 0x19e5, 0x19e5, 0x19e5,
    0x19e5, 0x19e5, 0x19e5, 0x19e5, 0x19e5, 0x19e5, 0x19e5, 0x19e5, 0x19e5, 0x19e5, 0x19e5, 0x19e5, 0x19e5, 0x19e5, 0x19e5, 0x19e5,
    0x19e5, 0x19e5, 0x19e5, 0x19e5, 0x19e5, 0x19e5, 0x19e5, 0x19e5, 0x19e5, 0x19e5, 0x19e5, 0x19e5, 0x21e6, 0x1184, 0xad94, 0xfffe,
    0xf77c, 0xf79c, 0xf79c, 0xf79c, 0xf79c, 0xf77c, 0xfffe, 0x7c4f, 0x1184, 0x2206, 0x19e5, 0x19e5, 0x19e5, 0x19e5, 0x19e5, 0x19e5,
    0x19e5, 0x19e5, 0x19e5, 0x19e5, 0x19e5, 0x19e5, 0x19e5, 0x19e5, 0x19e5, 0x19e5, 0x19e5, 0x19e5, 0x19e5, 0x19e5, 0x19e5, 0x19e5,
    0x19e5, 0x19e5, 0x19e5, 0x19e5, 0x19e5, 0x19e5, 0x19e5, 0x19e5, 0x19e5, 0x19e5, 0x19e5, 0x2206, 0x1184, 0x6c0e, 0xfffd, 0xf77c,
    0xf79c, 0xf79c, 0xf79c, 0xf79c, 0xf79c, 0xf79c, 0xf79c, 0xf79c, 0xf79c, 0xf79c, 0xf79c, 0xf79c, 0xf79c, 0xf79c, 0xf79c, 0xf79c,
    0xf79c, 0xf79c, 0xf79c, 0xf79c, 0xf79c, 0xf79c, 0xf79c, 0xf79c, 0xf79c, 0xf79c, 0xf79c, 0xf79c, 0xf79c, 0xf79c, 0xf79c, 0xf77c,
    0xfffe, 0x6bed, 0x1184, 0x2206, 0x19e5, 0x19e5, 0x19e5, 0x19e5, 0x19e5, 0x19e5, 0x19e5, 0x19e5, 0x19e5, 0x19e5, 0x19e5, 0x19e5,
    0x19e5, 0x19e5, 0x19e5, 0x19e5, 0x19e5, 0x19e5, 0x19e5, 0x19e5, 0x19e5, 0x19e5, 0x19e5, 0x19e5, 0x19e5, 0x19e5, 0x19e5, 0x19e5,
    0x19e5, 0x19e5, 0x19e5, 0x19e5, 0x19e5, 0x19e5, 0x19e5, 0x19e5, 0x19e5, 0x19e5, 0x19e5, 0x19e5, 0x19e5, 0x19e5, 0x19e5, 0x19e5,
    0x19e5, 0x19e5, 0x19e5, 0x19e5, 0x19e5, 0x19e5, 0x2206, 0x1184, 0x7c4f, 0xfffe, 0xf77c, 0xf79c, 0xf79c, 0xf79c, 0xf79c, 0xf77c,
    0xfffe, 0xad94, 0x1184, 0x21e6, 0x19e5, 0x19e5, 0x19e5, 0x19e5, 0x19e5, 0x19e5, 0x19e5, 0x19e5, 0x19e5, 0x19e5, 0x19e5, 0x19e5,
    0x19e5, 0x19e5, 0x19e5, 0x19e5, 0x19e5, 0x19e5, 0x19e5, 0x19e5, 0x19e5, 0x19e5, 0x19e5, 0x19e5, 0x19e5, 0x19e5, 0x19e5, 0x19e5,
    0x19e5, 0x19e5, 0x19e5, 0x19e5, 0x19e5, 0x19e5, 0x19e5, 0x19e5, 0x19e5, 0x19e5, 0x19e5, 0x19e5, 0x19e5, 0x19e5, 0x19e5, 0x19e5,
    0x19e5, 0x19e5, 0x19e5, 0x19e5, 0x19e5, 0x19e5, 0x19e5, 0x19e5, 0x19e5, 0x19e5, 0x19e5, 0x19e5, 0x19e5, 0x19e5, 0x19e5, 0x19e5,
    0x19e5, 0x19e5, 0x19e5, 0x19e5, 0x19e5, 0x19e5, 0x19e5, 0x19e5, 0x19e5, 0x19e5, 0x19e5, 0x19e5, 0x19e5, 0x19e5, 0x19e5, 0x19e5,
    0x19e5, 0x19e5, 0x19e5, 0x19e5, 0x19e5, 0x19e5, 0x19e5, 0x19e5, 0x19e5, 0x19e5, 0x19e5, 0x19e5, 0x21e6, 0x1184, 0xad94, 0xfffe,
    0xf77c, 0xf79c, 0xf79c, 0xf79c, 0xf79c, 0xf77c, 0xfffe, 0x7c4f, 0x1184, 0x2206, 0x19e5, 0x19e5, 0x19e5, 0x19e5, 0x19e5, 0x19e5,
    0x19e5, 0x19e5, 0x19e5, 0x19e5, 0x19e5, 0x19e5, 0x19e5, 0x19e5, 0x19e5, 0x19e5, 0x19e5, 0x19e5, 0x19e5, 0x19e5, 0x19e5, 0x19e5,
    0x19e5, 0x19e5, 0x19e5, 0x19e5, 0x19e5, 0x19e5, 0x19e5, 0x19e5, 0x19e5, 0x19e5, 0x19e5, 0x21e5, 0x19a5, 0x3aa8, 0xef7c, 0xf79c,
    0xf79c, 0xf79c, 0xf79c, 0xf79c, 0xf79c, 0xf79c, 0xf79c, 0xf79c, 0xf79c, 0xf79c, 0xf79c, 0xf79c, 0xf79c, 0xf79c, 0xf79c, 0xf79c,
    0xf79c, 0xf79c, 0xf79c, 0xf79c, 0xf79c, 0xf79c, 0xf79c, 0xf79c, 0xf79c, 0xf79c, 0xf79c, 0xf79c, 0xf79c, 0xf79c, 0xef7c, 0xfffe,
    0xa574, 0x1184, 0x21e6, 0x19e5, 0x19e5, 0x19e5, 0x19e5, 0x19e5, 0x19e5, 0x19e5, 0x19e5, 0x19e5, 0x19e5, 0x19e5, 0x19e5, 0x19e5,
    0x19e5, 0x19e5, 0x19e5, 0x19e5, 0x19e5, 0x19e5, 0x19e5, 0x19e5, 0x19e5, 0x19e5, 0x19e5, 0x19e5, 0x19e5, 0x19e5, 0x19e5, 0x19e5,
    0x19e5, 0x19e5, 0x19e5, 0x19e5, 0x19e5, 0x19e5, 0x19e5, 0x19e5, 0x19e5, 0x19e5, 0x19e5, 0x19e5, 0x19e5, 0x19e5, 0x19e5, 0x19e5,
    0x19e5, 0x19e5, 0x19e5, 0x19e5, 0x19e5, 0x19e5, 0x2206, 0x1184, 0x7c4f, 0xfffe, 0xf77c, 0xf79c, 0xf79c, 0xf79c, 0xf79c, 0xf77c,
    0xfffe, 0xad94, 0x1184, 0x21e6, 0x19e5, 0x19e5, 0x19e5, 0x19e5, 0x19e5, 0x19e5, 0x19e5, 0x19e5, 0x19e5, 0x19e5, 0x19e5, 0x19e5,
    0x19e5, 0x19e5, 0x19e5, 0x19e5, 0x19e5, 0x19e5, 0x19e5, 0x19e5, 0x19e5, 0x19e5, 0x19e5, 0x19e5, 0x19e5, 0x19e5, 0x19e5, 0x19e5,
    0x19e5, 0x19e5, 0x19e5, 0x19e5, 0x19e5, 0x19e5, 0x19e5, 0x19e5, 0x19e5, 0x19e5, 0x19e5, 0x19e5, 0x19e5, 0x19e5, 0x19e5, 0x19e5,
    0x19e5, 0x19e5, 0x19e5, 0x19e5, 0x19e5, 0x19e5, 0x19e5, 0x19e5, 0x19e5, 0x19e5, 0x19e5, 0x19e5, 0x19e5, 0x19e5, 0x19e5, 0x19e5,
    0x19e5, 0x19e5, 0x19e5, 0x19e5, 0x19e5, 0x19e5, 0x19e5, 0x19e5, 0x19e5, 0x19e5, 0x19e5, 0x19e5, 0x19e5, 0x19e5, 0x19e5, 0x19e5,
    0x19e5, 0x19e5, 0x19e5, 0x19e5, 0x19e5, 0x19e5, 0x19e5, 0x19e5, 0x19e5, 0x19e5, 0x19e5, 0x19e5, 0x21e6, 0x1184, 0xad94, 0xfffe,
    0xf77c, 0xf79c, 0xf79c, 0xf79c, 0xf79c, 0xf77c, 0xfffe, 0x7c4f, 0x1184, 0x2206, 0x19e5, 0x19e5, 0x19e5, 0x19e5, 0x19e5, 0x19e5,
    0x19e5, 0x19e5, 0x19e5, 0x19e5, 0x19e5, 0x19e5, 0x19e5, 0x19e5, 0x19e5, 0x19e5, 0x19e5, 0x19e5, 0x19e5, 0x19e5, 0x19e5, 0x19e5,
    0x19e5, 0x19e5, 0x19e5, 0x19e5, 0x19e5, 0x19e5, 0x19e5, 0x19e5, 0x19e5, 0x19e5, 0x19e5, 0x19e5, 0x21e6, 0x11a4, 0xb5d5, 0xfffd,
    0xf77c, 0xf79c, 0xf79c, 0xf79c, 0xf79c, 0xf79c, 0xf79c, 0xf79c, 0xf79c, 0xf79c, 0xf79c, 0xf79c, 0xf79c, 0xf79c, 0xf79c, 0xf79c,
    0xf79c, 0xf79c, 0xf79c, 0xf79c, 0xf79c, 0xf79c, 0xf79c, 0xf79c, 0xf79c, 0xf79c, 0xf79c, 0xf79c, 0xf79c, 0xef7c, 0xfffe, 0xc657,
    0x21e5, 0x19e5, 0x21e5, 0x19e5, 0x19e5, 0x19e5, 0x19e5, 0x19e5, 0x19e5, 0x19e5, 0x19e5, 0x19e5, 0x19e5, 0x19e5, 0x19e5, 0x19e5,
    0x19e5, 0x19e5, 0x19e5, 0x19e5, 0x19e5, 0x19e5, 0x19e5, 0x19e5, 0x19e5, 0x19e5, 0x19e5, 0x19e5, 0x19e5, 0x19e5, 0x19e5, 0x19e5,
    0x19e5, 0x19e5, 0x19e5, 0x19e5, 0x19e5, 0x19e5, 0x19e5, 0x19e5, 0x19e5, 0x19e5, 0x19e5, 0x19e5, 0x19e5, 0x19e5, 0x19e5, 0x19e5,
    0x19e5, 0x19e5, 0x19e5, 0x19e5, 0x19e5, 0x19e5, 0x2206, 0x1184, 0x7c4f, 0xfffe, 0xf77c, 0xf79c, 0xf79c, 0xf79c, 0xf79c, 0xf77c,
    0xfffe, 0xad94, 0x1184, 0x21e6, 0x19e5, 0x19e5, 0x19e5, 0x19e5, 0x19e5, 0x19e5, 0x19e5, 0x19e5, 0x19e5, 0x19e5, 0x19e5, 0x19e5,
    0x19e5, 0x19e5, 0x19e5, 0x19e5, 0x19e5, 0x19e5, 0x19e5, 0x19e5, 0x19e5, 0x19e5, 0x19e5, 0x19e5, 0x19e5, 0x19e5, 0x19e5, 0x19e5,
    0x19e5, 0x19e5, 0x19e5, 0x19e5, 0x19e5, 0x19e5, 0x19e5, 0x19e5, 0x19e5, 0x19e5, 0x19e5, 0x19e5, 0x19e5, 0x19e5, 0x19e5, 0x19e5,
    0x19e5, 0x19e5, 0x19e5, 0x19e5, 0x19e5, 0x19e5, 0x19e5, 0x19e5, 0x19e5, 0x19e5, 0x19e5, 0x19e5, 0x19e5, 0x19e5, 0x19e5, 0x19e5,
    0x19e5, 0x19e5, 0x19e5, 0x19e5, 0x19e5, 0x19e5, 0x19e5, 0x19e5, 0x19e5, 0x19e5, 0x19e5, 0x19e5, 0x19e5, 0x19e5, 0x19e5, 0x19e5,
    0x19e5, 0x19e5, 0x19e5, 0x19e5, 0x19e5, 0x19e5, 0x19e5, 0x19e5, 0x19e5, 0x19e5, 0x19e5, 0x19e5, 0x21e6, 0x1184, 0xad94, 0xfffe,
    0xf77c, 0xf79c, 0xf79c, 0xf79c, 0xf79c, 0xf77c, 0xfffe, 0x7c4f, 0x1184, 0x2206, 0x19e5, 0x19e5, 0x19e5, 0x19e5, 0x19e5, 0x19e5,
    0x19e5, 0x19e5, 0x19e5, 0x19e5, 0x19e5, 0x19e5, 0x19e5, 0x19e5, 0x19e5, 0x19e5, 0x19e5, 0x19e5, 0x19e5, 0x19e5, 0x19e5, 0x19e5,
    0x19e5, 0x19e5, 0x19e5, 0x19e5, 0x19e5, 0x19e5, 0x19e5, 0x19e5, 0x19e5, 0x19e5, 0x19e5, 0x19e5, 0x21e6, 0x11a4, 0x532b, 0xffbd,
    0xf79c, 0xf79c, 0xf79c, 0xf79c, 0xf79c, 0xf79c, 0xf79c, 0xf79c, 0xf79c, 0xf79c, 0xf79c, 0xf79c, 0xf79c, 0xf79c, 0xf79c, 0xf79c,
    0xf79c, 0xf79c, 0xf79c, 0xf79c, 0xf79c, 0xf79c, 0xf79c, 0xf79c, 0xf79c, 0xf79c, 0xf79c, 0xf79c, 0xef7c, 0xfffe, 0xd6b8, 0x2a27,
    0x19c5, 0x21e6, 0x19e5, 0x19e5, 0x19e5, 0x19e5, 0x19e5, 0x19e5, 0x19e5, 0x19e5, 0x19e5, 0x19e5, 0x19e5, 0x19e5, 0x19e5, 0x19e5,
    0x19e5, 0x19e5, 0x19e5, 0x19e5, 0x19e5, 0x19e5, 0x19e5, 0x19e5, 0x19e5, 0x19e5, 0x19e5, 0x19e5, 0x19e5, 0x19e5, 0x19e5, 0x19e5,
    0x19e5, 0x19e5, 0x19e5, 0x19e5, 0x19e5, 0x19e5, 0x19e5, 0x19e5, 0x19e5, 0x19e5, 0x19e5, 0x19e5, 0x19e5, 0x19e5, 0x19e5, 0x19e5,
    0x19e5, 0x19e5, 0x19e5, 0x19e5, 0x19e5, 0x19e5, 0x2206, 0x1184, 0x7c4f, 0xfffe, 0xf77c, 0xf79c, 0xf79c, 0xf79c, 0xf79c, 0xf77c,
    0xfffe, 0xad94, 0x1184, 0x21e6, 0x19e5, 0x19e5, 0x19e5, 0x19e5, 0x19e5, 0x19e5, 0x19e5, 0x19e5, 0x19e5, 0x19e5, 0x19e5, 0x19e5,
    0x19e5, 0x19e5, 0x19e5, 0x19e5, 0x19e5, 0x19e5, 0x19e5, 0x19e5, 0x19e5, 0x19e5, 0x19e5, 0x19e5, 0x19e5, 0x19e5, 0x19e5, 0x19e5,
    0x19e5, 0x19e5, 0x19e5, 0x19e5, 0x19e5, 0x19e5, 0x19e5, 0x19e5, 0x19e5, 0x19e5, 0x19e5, 0x19e5, 0x19e5, 0x19e5, 0x19e5, 0x19e5,
    0x19e5, 0x19e5, 0x19e5, 0x19e5, 0x19e5, 0x19e5, 0x19e5, 0x19e5, 0x19e5, 0x19e5, 0x19e5, 0x19e5, 0x19e5, 0x19e5, 0x19e5, 0x19e5,
    0x19e5, 0x19e5, 0x19e5, 0x19e5, 0x19e5, 0x19e5, 0x19e5, 0x19e5, 0x19e5, 0x19e5, 0x19e5, 0x19e5, 0x19e5, 0x19e5, 0x19e5, 0x19e5,
    0x19e5, 0x19e5, 0x19e5, 0x19e5, 0x19e5, 0x19e5, 0x19e5, 0x19e5, 0x19e5, 0x19e5, 0x19e5, 0x19e5, 0x21e6, 0x1184, 0xad94, 0xfffe,
    0xf77c, 0xf79c, 0xf79c, 0xf79c, 0xf79c, 0xf77c, 0xfffe, 0x7c4f, 0x1184, 0x2206, 0x19e5, 0x19e5, 0x19e5, 0x19e5, 0x19e5, 0x19e5,
    0x19e5, 0x19e5, 0x19e5, 0x19e5, 0x19e5, 0x19e5, 0x19e5, 0x19e5, 0x19e5, 0x19e5, 0x19e5, 0x19e5, 0x19e5, 0x19e5, 0x19e5, 0x19e5,
    0x19e5, 0x19e5, 0x19e5, 0x19e5, 0x19e5, 0x19e5, 0x19e5, 0x19e5, 0x19e5, 0x19e5, 0x19e5, 0x19e5, 0x19e5, 0x21e6, 0x1184, 0x9d53,
    0xfffe, 0xef7c, 0xf79c, 0xf79c, 0xf79c, 0xf79c, 0xf79c, 0xf79c, 0xf79c, 0xf79c, 0xf79c, 0xf79c, 0xf79c, 0xf79c, 0xf79c, 0xf79c,
    0xf79c, 0xf79c, 0xf79c, 0xf79c, 0xf79c, 0xf79c, 0xf79c, 0xf79c, 0xf79c, 0xf79c, 0xf79c, 0xf77c, 0xfffe, 0xc677, 0x2a27, 0x19a5,
    0x21e6, 0x19e5, 0x19e5, 0x19e5, 0x19e5, 0x19e5, 0x19e5, 0x19e5, 0x19e5, 0x19e5, 0x19e5, 0x19e5, 0x19e5, 0x19e5, 0x19e5, 0x19e5,
    0x19e5, 0x19e5, 0x19e5, 0x19e5, 0x19e5, 0x19e5, 0x19e5, 0x19e5, 0x19e5, 0x19e5, 0x19e5, 0x19e5, 0x19e5, 0x19e5, 0x19e5, 0x19e5,
    0x19e5, 0x19e5, 0x19e5, 0x19e5, 0x19e5, 0x19e5, 0x19e5, 0x19e5, 0x19e5, 0x19e5, 0x19e5, 0x19e5, 0x19e5, 0x19e5, 0x19e5, 0x19e5,
    0x19e5, 0x19e5, 0x19e5, 0x19e5, 0x19e5, 0x19e5, 0x2206, 0x1184, 0x7c4f, 0xfffe, 0xf77c, 0xf79c, 0xf79c, 0xf79c, 0xf79c, 0xf77c,
    0xfffe, 0xad94, 0x1184, 0x21e6, 0x19e5, 0x19e5, 0x19e5, 0x19e5, 0x19e5, 0x19e5, 0x19e5, 0x19e5, 0x19e5, 0x19e5, 0x19e5, 0x19e5,
    0x19e5, 0x19e5, 0x19e5, 0x19e5, 0x19e5, 0x19e5, 0x19e5, 0x19e5, 0x19e5, 0x19e5, 0x19e5, 0x19e5, 0x19e5, 0x19e5, 0x19e5, 0x19e5,
    0x19e5, 0x19e5, 0x19e5, 0x19e5, 0x19e5, 0x19e5, 0x19e5, 0x19e5, 0x19e5, 0x19e5, 0x19e5, 0x19e5, 0x19e5, 0x19e5, 0x19e5, 0x19e5,
    0x19e5, 0x19e5, 0x19e5, 0x19e5, 0x19e5, 0x19e5, 0x19e5, 0x19e5, 0x19e5, 0x19e5, 0x19e5, 0x19e5, 0x19e5, 0x19e5, 0x19e5, 0x19e5,
    0x19e5, 0x19e5, 0x19e5, 0x19e5, 0x19e5, 0x19e5, 0x19e5, 0x19e5, 0x19e5, 0x19e5, 0x19e5, 0x19e5, 0x19e5, 0x19e5, 0x19e5, 0x19e5,
    0x19e5, 0x19e5, 0x19e5, 0x19e5, 0x19e5, 0x19e5, 0x19e5, 0x19e5, 0x19e5, 0x19e5, 0x19e5, 0x19e5, 0x21e6, 0x1184, 0xad94, 0xfffe,
    0xf77c, 0xf79c, 0xf79c, 0xf79c, 0xf79c, 0xf77c, 0xfffe, 0x7c4f, 0x1184, 0x2206, 0x19e5, 0x19e5, 0x19e5, 0x19e5, 0x19e5, 0x19e5,
    0x19e5, 0x19e5, 0x19e5, 0x19e5, 0x19e5, 0x19e5, 0x19e5, 0x19e5, 0x19e5, 0x19e5, 0x19e5, 0x19e5, 0x19e5, 0x19e5, 0x19e5, 0x19e5,
    0x19e5, 0x19e5, 0x19e5, 0x19e5, 0x19e5, 0x19e5, 0x19e5, 0x19e5, 0x19e5, 0x19e5, 0x19e5, 0x19e5, 0x19e5, 0x21e5, 0x19e5, 0x21e6,
    0xce78, 0xfffe, 0xef7c, 0xf79c, 0xf79c, 0xf79c, 0xf79c, 0xf79c, 0xf79c, 0xf79c, 0xf79c, 0xf79c, 0xf79c, 0xf79c, 0xf79c, 0xf79c,
    0xf79c, 0xf79c, 0xf79c, 0xf79c, 0xf79c, 0xf79c, 0xf79c, 0xf79c, 0xf79c, 0xef7c, 0xf7bc, 0xfffe, 0xa594, 0x21e5, 0x19c5, 0x2206,
    0x19e5, 0x19e5, 0x19e5, 0x19e5, 0x19e5, 0x19e5, 0x19e5, 0x19e5, 0x19e5, 0x19e5, 0x19e5, 0x19e5, 0x19e5, 0x19e5, 0x19e5, 0x19e5,
    0x19e5, 0x19e5, 0x19e5, 0x19e5, 0x19e5, 0x19e5, 0x19e5, 0x19e5, 0x19e5, 0x19e5, 0x19e5, 0x19e5, 0x19e5, 0x19e5, 0x19e5, 0x19e5,
    0x19e5, 0x19e5, 0x19e5, 0x19e5, 0x19e5, 0x19e5, 0x19e5, 0x19e5, 0x19e5, 0x19e5, 0x19e5, 0x19e5, 0x19e5, 0x19e5, 0x19e5, 0x19e5,
    0x19e5, 0x19e5, 0x19e5, 0x19e5, 0x19e5, 0x19e5, 0x2206, 0x1184, 0x7c4f, 0xfffe, 0xf77c, 0xf79c, 0xf79c, 0xf79c, 0xf79c, 0xf77c,
    0xfffe, 0xad94, 0x1184, 0x21e6, 0x19e5, 0x19e5, 0x19e5, 0x19e5, 0x19e5, 0x19e5, 0x19e5, 0x19e5, 0x19e5, 0x19e5, 0x19e5, 0x19e5,
    0x19e5, 0x19e5, 0x19e5, 0x19e5, 0x19e5, 0x19e5, 0x19e5, 0x19e5, 0x19e5, 0x19e5, 0x19e5, 0x19e5, 0x19e5, 0x19e5, 0x19e5, 0x19e5,
    0x19e5, 0x19e5, 0x19e5, 0x19e5, 0x19e5, 0x19e5, 0x19e5, 0x19e5, 0x19e5, 0x19e5, 0x19e5, 0x19e5, 0x19e5, 0x19e5, 0x19e5, 0x19e5,
    0x19e5, 0x19e5, 0x19e5, 0x19e5, 0x19e5, 0x19e5, 0x19e5, 0x19e5, 0x19e5, 0x19e5, 0x19e5, 0x19e5, 0x19e5, 0x19e5, 0x19e5, 0x19e5,
    0x19e5, 0x19e5, 0x19e5, 0x19e5, 0x19e5, 0x19e5, 0x19e5, 0x19e5, 0x19e5, 0x19e5, 0x19e5, 0x19e5, 0x19e5, 0x19e5, 0x19e5, 0x19e5,
    0x19e5, 0x19e5, 0x19e5, 0x19e5, 0x19e5, 0x19e5, 0x19e5, 0x19e5, 0x19e5, 0x19e5, 0x19e5, 0x19e5, 0x21e6, 0x1184, 0xad94, 0xfffe,
    0xf77c, 0xf79c, 0xf79c, 0xf79c, 0xf79c, 0xf77c, 0xfffe, 0x7c4f, 0x1184, 0x2206, 0x19e5, 0x19e5, 0x19e5, 0x19e5, 0x19e5, 0x19e5,
    0x19e5, 0x19e5, 0x19e5, 0x19e5, 0x19e5, 0x19e5, 0x19e5, 0x19e5, 0x19e5, 0x19e5, 0x19e5, 0x19e5, 0x19e5, 0x19e5, 0x19e5, 0x19e5,
    0x19e5, 0x19e5, 0x19e5, 0x19e5, 0x19e5, 0x19e5, 0x19e5, 0x19e5, 0x19e5, 0x19e5, 0x19e5, 0x19e5, 0x19e5, 0x19e5, 0x21e6, 0x19c5,
    0x2a47, 0xce98, 0xfffe, 0xef7c, 0xf77c, 0xf79c, 0xf79c, 0xf79c, 0xf79c, 0xf79c, 0xf79c, 0xf79c, 0xf79c, 0xf79c, 0xf79c, 0xf79c,
    0xf79c, 0xf79c, 0xf79c, 0xf79c, 0xf79c, 0xf79c, 0xf79c, 0xf77c, 0xf79c, 0xfffe, 0xef5b, 0x740e, 0x1184, 0x19c5, 0x21e6, 0x19e5,
    0x19e5, 0x19e5, 0x19e5, 0x19e5, 0x19e5, 0x19e5, 0x19e5, 0x19e5, 0x19e5, 0x19e5, 0x19e5, 0x19e5, 0x19e5, 0x19e5, 0x19e5, 0x19e5,
    0x19e5, 0x19e5, 0x19e5, 0x19e5, 0x19e5, 0x19e5, 0x19e5, 0x19e5, 0x19e5, 0x19e5, 0x19e5, 0x19e5, 0x19e5, 0x19e5, 0x19e5, 0x19e5,
    0x19e5, 0x19e5, 0x19e5, 0x19e5, 0x19e5, 0x19e5, 0x19e5, 0x19e5, 0x19e5, 0x19e5, 0x19e5, 0x19e5, 0x19e5, 0x19e5, 0x19e5, 0x19e5,
    0x19e5, 0x19e5, 0x19e5, 0x19e5, 0x19e5, 0x19e5, 0x2206, 0x1184, 0x7c4f, 0xfffe, 0xf77c, 0xf79c, 0xf79c, 0xf79c, 0xf79c, 0xf77c,
    0xfffe, 0xad94, 0x1184, 0x21e6, 0x19e5, 0x19e5, 0x19e5, 0x19e5, 0x19e5, 0x19e5, 0x19e5, 0x19e5, 0x19e5, 0x19e5, 0x19e5, 0x19e5,
    0x19e5, 0x19e5, 0x19e5, 0x19e5, 0x19e5, 0x19e5, 0x19e5, 0x19e5, 0x19e5, 0x19e5, 0x19e5, 0x19e5, 0x19e5, 0x19e5, 0x19e5, 0x19e5,
    0x19e5, 0x19e5, 0x19e5, 0x19e5, 0x19e5, 0x19e5, 0x19e5, 0x19e5, 0x19e5, 0x19e5, 0x19e5, 0x19e5, 0x19e5, 0x19e5, 0x19e5, 0x19e5,
    0x19e5, 0x19e5, 0x19e5, 0x19e5, 0x19e5, 0x19e5, 0x19e5, 0x19e5, 0x19e5, 0x19e5, 0x19e5, 0x19e5, 0x19e5, 0x19e5, 0x19e5, 0x19e5,
    0x19e5, 0x19e5, 0x19e5, 0x19e5, 0x19e5, 0x19e5, 0x19e5, 0x19e5, 0x19e5, 0x19e5, 0x19e5, 0x19e5, 0x19e5, 0x19e5, 0x19e5, 0x19e5,
    0x19e5, 0x19e5, 0x19e5, 0x19e5, 0x19e5, 0x19e5, 0x19e5, 0x19e5, 0x19e5, 0x19e5, 0x19e5, 0x19e5, 0x21e6, 0x1184, 0xad94, 0xfffe,
    0xf77c, 0xf79c, 0xf79c, 0xf79c, 0xf79c, 0xf77c, 0xfffe, 0x7c4f, 0x1184, 0x2206, 0x19e5, 0x19e5, 0x19e5, 0x19e5, 0x19e5, 0x19e5,
    0x19e5, 0x19e5, 0x19e5, 0x19e5, 0x19e5, 0x19e5, 0x19e5, 0x19e5, 0x19e5, 0x19e5, 0x19e5, 0x19e5, 0x19e5, 0x19e5, 0x19e5, 0x19e5,
    0x19e5, 0x19e5, 0x19e5, 0x19e5, 0x19e5, 0x19e5, 0x19e5, 0x19e5, 0x19e5, 0x19e5, 0x19e5, 0x19e5, 0x19e5, 0x19e5, 0x19e5, 0x21e6,
    0x19c5, 0x2206, 0xadb5, 0xfffe, 0xffbd, 0xf77c, 0xf77c, 0xf79c, 0xf79c, 0xf79c, 0xf79c, 0xf79c, 0xf79c, 0xf79c, 0xf79c, 0xf79c,
    0xf79c, 0xf79c, 0xf79c, 0xf79c, 0xf77c, 0xf77c, 0xf79c, 0xfffe, 0xf7bc, 0xa574, 0x3268, 0x1184, 0x21e6, 0x21e5, 0x19e5, 0x19e5,
    0x19e5, 0x19e5, 0x19e5, 0x19e5, 0x19e5, 0x19e5, 0x19e5, 0x19e5, 0x19e5, 0x19e5, 0x19e5, 0x19e5, 0x19e5, 0x19e5, 0x19e5, 0x19e5,
    0x19e5, 0x19e5, 0x19e5, 0x19e5, 0x19e5, 0x19e5, 0x19e5, 0x19e5, 0x19e5, 0x19e5, 0x19e5, 0x19e5, 0x19e5, 0x19e5, 0x19e5, 0x19e5,
    0x19e5, 0x19e5, 0x19e5, 0x19e5, 0x19e5, 0x19e5, 0x19e5, 0x19e5, 0x19e5, 0x19e5, 0x19e5, 0x19e5, 0x19e5, 0x19e5, 0x19e5, 0x19e5,
    0x19e5, 0x19e5, 0x19e5, 0x19e5, 0x19e5, 0x19e5, 0x2206, 0x1184, 0x7c4f, 0xfffe, 0xf77c, 0xf79c, 0xf79c, 0xf79c, 0xf79c, 0xf77c,
    0xfffe, 0xad94, 0x1184, 0x21e6, 0x19e5, 0x19e5, 0x19e5, 0x19e5, 0x19e5, 0x19e5, 0x19e5, 0x19e5, 0x19e5, 0x19e5, 0x19e5, 0x19e5,
    0x19e5, 0x19e5, 0x19e5, 0x19e5, 0x19e5, 0x19e5, 0x19e5, 0x19e5, 0x19e5, 0x19e5, 0x19e5, 0x19e5, 0x19e5, 0x19e5, 0x19e5, 0x19e5,
    0x19e5, 0x19e5, 0x19e5, 0x19e5, 0x19e5, 0x19e5, 0x19e5, 0x19e5, 0x19e5, 0x19e5, 0x19e5, 0x19e5, 0x19e5, 0x19e5, 0x19e5, 0x19e5,
    0x19e5, 0x19e5, 0x19e5, 0x19e5, 0x19e5, 0x19e5, 0x19e5, 0x19e5, 0x19e5, 0x19e5, 0x19e5, 0x19e5, 0x19e5, 0x19e5, 0x19e5, 0x19e5,
    0x19e5, 0x19e5, 0x19e5, 0x19e5, 0x19e5, 0x19e5, 0x19e5, 0x19e5, 0x19e5, 0x19e5, 0x19e5, 0x19e5, 0x19e5, 0x19e5, 0x19e5, 0x19e5,
    0x19e5, 0x19e5, 0x19e5, 0x19e5, 0x19e5, 0x19e5, 0x19e5, 0x19e5, 0x19e5, 0x19e5, 0x19e5, 0x19e5, 0x21e6, 0x1184, 0xad94, 0xfffe,
    0xf77c, 0xf79c, 0xf79c, 0xf79c, 0xf79c, 0xf77c, 0xfffe, 0x7c4f, 0x1184, 0x2206, 0x19e5, 0x19e5, 0x19e5, 0x19e5, 0x19e5, 0x19e5,
    0x19e5, 0x19e5, 0x19e5, 0x19e5, 0x19e5, 0x19e5, 0x19e5, 0x19e5, 0x19e5, 0x19e5, 0x19e5, 0x19e5, 0x19e5, 0x19e5, 0x19e5, 0x19e5,
    0x19e5, 0x19e5, 0x19e5, 0x19e5, 0x19e5, 0x19e5, 0x19e5, 0x19e5, 0x19e5, 0x19e5, 0x19e5, 0x19e5, 0x19e5, 0x19e5, 0x19e5, 0x19e5,
    0x21e6, 0x19c5, 0x11a4, 0x6bed, 0xded9, 0xfffe, 0xffdd, 0xf79c, 0xf77c, 0xf77c, 0xf77c, 0xf77c, 0xf79c, 0xf79c, 0xf79c, 0xf77c,
    0xf77c, 0xf77c, 0xf77c, 0xf79c, 0xffdd, 0xfffe, 0xef7b, 0xa594, 0x4aea, 0x1184, 0x19c5, 0x2206, 0x19e5, 0x19e5, 0x19e5, 0x19e5,
    0x19e5, 0x19e5, 0x19e5, 0x19e5, 0x19e5, 0x19e5, 0x19e5, 0x19e5, 0x19e5, 0x19e5, 0x19e5, 0x19e5, 0x19e5, 0x19e5, 0x19e5, 0x19e5,
    0x19e5, 0x19e5, 0x19e5, 0x19e5, 0x19e5, 0x19e5, 0x19e5, 0x19e5, 0x19e5, 0x19e5, 0x19e5, 0x19e5, 0x19e5, 0x19e5, 0x19e5, 0x19e5,
    0x19e5, 0x19e5, 0x19e5, 0x19e5, 0x19e5, 0x19e5, 0x19e5, 0x19e5, 0x19e5, 0x19e5, 0x19e5, 0x19e5, 0x19e5, 0x19e5, 0x19e5, 0x19e5,
    0x19e5, 0x19e5, 0x19e5, 0x19e5, 0x19e5, 0x19e5, 0x2206, 0x1184, 0x7c4f, 0xfffe, 0xf77c, 0xf79c, 0xf79c, 0xf79c, 0xf79c, 0xf77c,
    0xfffe, 0xad94, 0x1184, 0x21e6, 0x19e5, 0x19e5, 0x19e5, 0x19e5, 0x19e5, 0x19e5, 0x19e5, 0x19e5, 0x19e5, 0x19e5, 0x19e5, 0x19e5,
    0x19e5, 0x19e5, 0x19e5, 0x19e5, 0x19e5, 0x19e5, 0x19e5, 0x19e5, 0x19e5, 0x19e5, 0x19e5, 0x19e5, 0x19e5, 0x19e5, 0x19e5, 0x19e5,
    0x19e5, 0x19e5, 0x19e5, 0x19e5, 0x19e5, 0x19e5, 0x19e5, 0x19e5, 0x19e5, 0x19e5, 0x19e5, 0x19e5, 0x19e5, 0x19e5, 0x19e5, 0x19e5,
    0x19e5, 0x19e5, 0x19e5, 0x19e5, 0x19e5, 0x19e5, 0x19e5, 0x19e5, 0x19e5, 0x19e5, 0x19e5, 0x19e5, 0x19e5, 0x19e5, 0x19e5, 0x19e5,
    0x19e5, 0x19e5, 0x19e5, 0x19e5, 0x19e5, 0x19e5, 0x19e5, 0x19e5, 0x19e5, 0x19e5, 0x19e5, 0x19e5, 0x19e5, 0x19e5, 0x19e5, 0x19e5,
    0x19e5, 0x19e5, 0x19e5, 0x19e5, 0x19e5, 0x19e5, 0x19e5, 0x19e5, 0x19e5, 0x19e5, 0x19e5, 0x19e5, 0x21e6, 0x1184, 0xad94, 0xfffe,
    0xf77c, 0xf79c, 0xf79c, 0xf79c, 0xf79c, 0xf77c, 0xfffe, 0x7c4f, 0x1184, 0x2206, 0x19e5, 0x19e5, 0x19e5, 0x19e5, 0x19e5, 0x19e5,
    0x19e5, 0x19e5, 0x19e5, 0x19e5, 0x19e5, 0x19e5, 0x19e5, 0x19e5, 0x19e5, 0x19e5, 0x19e5, 0x19e5, 0x19e5, 0x19e5, 0x19e5, 0x19e5,
    0x19e5, 0x19e5, 0x19e5, 0x19e5, 0x19e5, 0x19e5, 0x19e5, 0x19e5, 0x19e5, 0x19e5, 0x19e5, 0x19e5, 0x19e5, 0x19e5, 0x19e5, 0x19e5,
    0x19e5, 0x21e5, 0x21e6, 0x1184, 0x2206, 0x740e, 0xc657, 0xf77c, 0xfffd, 0xfffe, 0xffdd, 0xffdd, 0xffbd, 0xffbd, 0xffbd, 0xffdd,
    0xfffd, 0xfffe, 0xffdd, 0xef7b, 0xc657, 0x7c70, 0x3a88, 0x1184, 0x11a4, 0x21e6, 0x21e5, 0x19e5, 0x19e5, 0x19e5, 0x19e5, 0x19e5,
    0x19e5, 0x19e5, 0x19e5, 0x19e5, 0x19e5, 0x19e5, 0x19e5, 0x19e5, 0x19e5, 0x19e5, 0x19e5, 0x19e5, 0x19e5, 0x19e5, 0x19e5, 0x19e5,
    0x19e5, 0x19e5, 0x19e5, 0x19e5, 0x19e5, 0x19e5, 0x19e5, 0x19e5, 0x19e5, 0x19e5, 0x19e5, 0x19e5, 0x19e5, 0x19e5, 0x19e5, 0x19e5,
    0x19e5, 0x19e5, 0x19e5, 0x19e5, 0x19e5, 0x19e5, 0x19e5, 0x19e5, 0x19e5, 0x19e5, 0x19e5, 0x19e5, 0x19e5, 0x19e5, 0x19e5, 0x19e5,
    0x19e5, 0x19e5, 0x19e5, 0x19e5, 0x19e5, 0x19e5, 0x2206, 0x1184, 0x7c6f, 0xfffe, 0xf77c, 0xf79c, 0xf79c, 0xf79c, 0xf79c, 0xf77c,
    0xfffe, 0xad94, 0x1184, 0x21e6, 0x19e5, 0x19e5, 0x19e5, 0x19e5, 0x19e5, 0x19e5, 0x19e5, 0x19e5, 0x19e5, 0x19e5, 0x19e5, 0x19e5,
    0x19e5, 0x19e5, 0x19e5, 0x19e5, 0x19e5, 0x19e5, 0x19e5, 0x19e5, 0x19e5, 0x19e5, 0x19e5, 0x19e5, 0x19e5, 0x19e5, 0x19e5, 0x19e5,
    0x19e5, 0x19e5, 0x19e5, 0x19e5, 0x19e5, 0x19e5, 0x19e5, 0x19e5, 0x19e5, 0x19e5, 0x19e5, 0x19e5, 0x19e5, 0x19e5, 0x19e5, 0x19e5,
    0x19e5, 0x19e5, 0x19e5, 0x19e5, 0x19e5, 0x19e5, 0x19e5, 0x19e5, 0x19e5, 0x19e5, 0x19e5, 0x19e5, 0x19e5, 0x19e5, 0x19e5, 0x19e5,
    0x19e5, 0x19e5, 0x19e5, 0x19e5, 0x19e5, 0x19e5, 0x19e5, 0x19e5, 0x19e5, 0x19e5, 0x19e5, 0x19e5, 0x19e5, 0x19e5, 0x19e5, 0x19e5,
    0x19e5, 0x19e5, 0x19e5, 0x19e5, 0x19e5, 0x19e5, 0x19e5, 0x19e5, 0x19e5, 0x19e5, 0x19e5, 0x19e5, 0x2206, 0x1184, 0xa574, 0xfffe,
    0xf77c, 0xf79c, 0xf79c, 0xf79c, 0xf79c, 0xf77c, 0xfffe, 0x8490, 0x1184, 0x2206, 0x19e5, 0x19e5, 0x19e5, 0x19e5, 0x19e5, 0x19e5,
    0x19e5, 0x19e5, 0x19e5, 0x19e5, 0x19e5, 0x19e5, 0x19e5, 0x19e5, 0x19e5, 0x19e5, 0x19e5, 0x19e5, 0x19e5, 0x19e5, 0x19e5, 0x19e5,
    0x19e5, 0x19e5, 0x19e5, 0x19e5, 0x19e5, 0x19e5, 0x19e5, 0x19e5, 0x19e5, 0x19e5, 0x19e5, 0x19e5, 0x19e5, 0x19e5, 0x19e5, 0x19e5,
    0x19e5, 0x19e5, 0x19e5, 0x2206, 0x19e5, 0x1184, 0x19c5, 0x3aa9, 0x6c0e, 0x9d33, 0xbe16, 0xce98, 0xd6b9, 0xd6d9, 0xd6b9, 0xc657,
    0xadb5, 0x8cf1, 0x63cd, 0x3a88, 0x19c5, 0x1184, 0x19c5, 0x21e6, 0x21e6, 0x19e5, 0x19e5, 0x19e5, 0x19e5, 0x19e5, 0x19e5, 0x19e5,
    0x19e5, 0x19e5, 0x19e5, 0x19e5, 0x19e5, 0x19e5, 0x19e5, 0x19e5, 0x19e5, 0x19e5, 0x19e5, 0x19e5, 0x19e5, 0x19e5, 0x19e5, 0x19e5,
    0x19e5, 0x19e5, 0x19e5, 0x19e5, 0x19e5, 0x19e5, 0x19e5, 0x19e5, 0x19e5, 0x19e5, 0x19e5, 0x19e5, 0x19e5, 0x19e5, 0x19e5, 0x19e5,
    0x19e5, 0x19e5, 0x19e5, 0x19e5, 0x19e5, 0x19e5, 0x19e5, 0x19e5, 0x19e5, 0x19e5, 0x19e5, 0x19e5, 0x19e5, 0x19e5, 0x19e5, 0x19e5,
    0x19e5, 0x19e5, 0x19e5, 0x19e5, 0x19e5, 0x19e5, 0x2206, 0x1184, 0x84b0, 0xfffe, 0xf77c, 0xf79c, 0xf79c, 0xf79c, 0xf79c, 0xf77c,
    0xfffe, 0xa574, 0x1184, 0x2206, 0x19e5, 0x19e5, 0x19e5, 0x19e5, 0x19e5, 0x19e5, 0x19e5, 0x19e5, 0x19e5, 0x19e5, 0x19e5, 0x19e5,
    0x19e5, 0x19e5, 0x19e5, 0x19e5, 0x19e5, 0x19e5, 0x19e5, 0x19e5, 0x19e5, 0x19e5, 0x19e5, 0x19e5, 0x19e5, 0x19e5, 0x19e5, 0x19e5,
    0x19e5, 0x19e5, 0x19e5, 0x19e5, 0x19e5, 0x19e5, 0x19e5, 0x19e5, 0x19e5, 0x19e5, 0x19e5, 0x19e5, 0x19e5, 0x19e5, 0x19e5, 0x19e5,
    0x19e5, 0x19e5, 0x19e5, 0x19e5, 0x19e5, 0x19e5, 0x19e5, 0x19e5, 0x19e5, 0x19e5, 0x19e5, 0x19e5, 0x19e5, 0x19e5, 0x19e5, 0x19e5,
    0x19e5, 0x19e5, 0x19e5, 0x19e5, 0x19e5, 0x19e5, 0x19e5, 0x19e5, 0x19e5, 0x19e5, 0x19e5, 0x19e5, 0x19e5, 0x19e5, 0x19e5, 0x19e5,
    0x19e5, 0x19e5, 0x19e5, 0x19e5, 0x19e5, 0x19e5, 0x19e5, 0x19e5, 0x19e5, 0x19e5, 0x19e5, 0x19e5, 0x2206, 0x1184, 0x9512, 0xfffe,
    0xf77c, 0xf79c, 0xf79c, 0xf79c, 0xf79c, 0xf77c, 0xfffe, 0x9d32, 0x1184, 0x2206, 0x19e5, 0x19e5, 0x19e5, 0x19e5, 0x19e5, 0x19e5,
    0x19e5, 0x19e5, 0x19e5, 0x19e5, 0x19e5, 0x19e5, 0x19e5, 0x19e5, 0x19e5, 0x19e5, 0x19e5, 0x19e5, 0x19e5, 0x19e5, 0x19e5, 0x19e5,
    0x19e5, 0x19e5, 0x19e5, 0x19e5, 0x19e5, 0x19e5, 0x19e5, 0x19e5, 0x19e5, 0x19e5, 0x19e5, 0x19e5, 0x19e5, 0x19e5, 0x19e5, 0x19e5,
    0x19e5, 0x19e5, 0x19e5, 0x19e5, 0x21e5, 0x2206, 0x21e5, 0x19a5, 0x1184, 0x1184, 0x11a4, 0x19c5, 0x2206, 0x2206, 0x21e5, 0x19c5,
    0x1184, 0x1184, 0x1184, 0x19c5, 0x21e5, 0x2206, 0x21e5, 0x19e5, 0x19e5, 0x19e5, 0x19e5, 0x19e5, 0x19e5, 0x19e5, 0x19e5, 0x19e5,
    0x19e5, 0x19e5, 0x19e5, 0x19e5, 0x19e5, 0x19e5, 0x19e5, 0x19e5, 0x19e5, 0x19e5, 0x19e5, 0x19e5, 0x19e5, 0x19e5, 0x19e5, 0x19e5,
    0x19e5, 0x19e5, 0x19e5, 0x19e5, 0x19e5, 0x19e5, 0x19e5, 0x19e5, 0x19e5, 0x19e5, 0x19e5, 0x19e5, 0x19e5, 0x19e5, 0x19e5, 0x19e5,
    0x19e5, 0x19e5, 0x19e5, 0x19e5, 0x19e5, 0x19e5, 0x19e5, 0x19e5, 0x19e5, 0x19e5, 0x19e5, 0x19e5, 0x19e5, 0x19e5, 0x19e5, 0x19e5,
    0x19e5, 0x19e5, 0x19e5, 0x19e5, 0x19e5, 0x19e5, 0x2206, 0x1184, 0x9d32, 0xfffe, 0xf77c, 0xf79c, 0xf79c, 0xf79c, 0xf79c, 0xf77c,
    0xfffe, 0x9512, 0x1184, 0x2206, 0x19e5, 0x19e5, 0x19e5, 0x19e5, 0x19e5, 0x19e5, 0x19e5, 0x19e5, 0x19e5, 0x19e5, 0x19e5, 0x19e5,
    0x19e5, 0x19e5, 0x19e5, 0x19e5, 0x19e5, 0x19e5, 0x19e5, 0x19e5, 0x19e5, 0x19e5, 0x19e5, 0x19e5, 0x19e5, 0x19e5, 0x19e5, 0x19e5,
    0x19e5, 0x19e5, 0x19e5, 0x19e5, 0x19e5, 0x19e5, 0x19e5, 0x19e5, 0x19e5, 0x19e5, 0x19e5, 0x19e5, 0x19e5, 0x19e5, 0x19e5, 0x19e5,
    0x19e5, 0x19e5, 0x19e5, 0x19e5, 0x19e5, 0x19e5, 0x19e5, 0x19e5, 0x19e5, 0x19e5, 0x19e5, 0x19e5, 0x19e5, 0x19e5, 0x19e5, 0x19e5,
    0x19e5, 0x19e5, 0x19e5, 0x19e5, 0x19e5, 0x19e5, 0x19e5, 0x19e5, 0x19e5, 0x19e5, 0x19e5, 0x19e5, 0x19e5, 0x19e5, 0x19e5, 0x19e5,
    0x19e5, 0x19e5, 0x19e5, 0x19e5, 0x19e5, 0x19e5, 0x19e5, 0x19e5, 0x19e5, 0x19e5, 0x19e5, 0x19e5, 0x2206, 0x1184, 0x8490, 0xfffe,
    0xf77c, 0xf79c, 0xf79c, 0xf79c, 0xf79c, 0xf77c, 0xffdd, 0xbdf6, 0x11a4, 0x21e6, 0x19e5, 0x19e5, 0x19e5, 0x19e5, 0x19e5, 0x19e5,
    0x19e5, 0x19e5, 0x19e5, 0x19e5, 0x19e5, 0x19e5, 0x19e5, 0x19e5, 0x19e5, 0x19e5, 0x19e5, 0x19e5, 0x19e5, 0x19e5, 0x19e5, 0x19e5,
    0x19e5, 0x19e5, 0x19e5, 0x19e5, 0x19e5, 0x19e5, 0x19e5, 0x19e5, 0x19e5, 0x19e5, 0x19e5, 0x19e5, 0x19e5, 0x19e5, 0x19e5, 0x19e5,
    0x19e5, 0x19e5, 0x19e5, 0x19e5, 0x19e5, 0x19e5, 0x19e5, 0x21e5, 0x2206, 0x2206, 0x21e6, 0x19e5, 0x19e5, 0x19e5, 0x19e5, 0x21e5,
    0x21e6, 0x2206, 0x21e6, 0x21e5, 0x19e5, 0x19e5, 0x19e5, 0x19e5, 0x19e5, 0x19e5, 0x19e5, 0x19e5, 0x19e5, 0x19e5, 0x19e5, 0x19e5,
    0x19e5, 0x19e5, 0x19e5, 0x19e5, 0x19e5, 0x19e5, 0x19e5, 0x19e5, 0x19e5, 0x19e5, 0x19e5, 0x19e5, 0x19e5, 0x19e5, 0x19e5, 0x19e5,
    0x19e5, 0x19e5, 0x19e5, 0x19e5, 0x19e5, 0x19e5, 0x19e5, 0x19e5, 0x19e5, 0x19e5, 0x19e5, 0x19e5, 0x19e5, 0x19e5, 0x19e5, 0x19e5,
    0x19e5, 0x19e5, 0x19e5, 0x19e5, 0x19e5, 0x19e5, 0x19e5, 0x19e5, 0x19e5, 0x19e5, 0x19e5, 0x19e5, 0x19e5, 0x19e5, 0x19e5, 0x19e5,
    0x19e5, 0x19e5, 0x19e5, 0x19e5, 0x19e5, 0x19e5, 0x21e6, 0x11a4, 0xbe16, 0xffdd, 0xf77c, 0xf79c, 0xf79c, 0xf79c, 0xf79c, 0xf77c,
    0xfffe, 0x8490, 0x1184, 0x2206, 0x19e5, 0x19e5, 0x19e5, 0x19e5, 0x19e5, 0x19e5, 0x19e5, 0x19e5, 0x19e5, 0x19e5, 0x19e5, 0x19e5,
    0x19e5, 0x19e5, 0x19e5, 0x19e5, 0x19e5, 0x19e5, 0x19e5, 0x19e5, 0x19e5, 0x19e5, 0x19e5, 0x19e5, 0x19e5, 0x19e5, 0x19e5, 0x19e5,
    0x19e5, 0x19e5, 0x19e5, 0x19e5, 0x19e5, 0x19e5, 0x19e5, 0x19e5, 0x19e5, 0x19e5, 0x19e5, 0x19e5, 0x19e5, 0x19e5, 0x19e5, 0x19e5,
    0x19e5, 0x19e5, 0x19e5, 0x19e5, 0x19e5, 0x19e5, 0x19e5, 0x19e5, 0x19e5, 0x19e5, 0x19e5, 0x19e5, 0x19e5, 0x19e5, 0x19e5, 0x19e5,
    0x19e5, 0x19e5, 0x19e5, 0x19e5, 0x19e5, 0x19e5, 0x19e5, 0x19e5, 0x19e5, 0x19e5, 0x19e5, 0x19e5, 0x19e5, 0x19e5, 0x19e5, 0x19e5,
    0x19e5, 0x19e5, 0x19e5, 0x19e5, 0x19e5, 0x19e5, 0x19e5, 0x19e5, 0x19e5, 0x19e5, 0x19e5, 0x19e5, 0x21e6, 0x1184, 0x63cd, 0xffdd,
    0xf77c, 0xf79c, 0xf79c, 0xf79c, 0xf79c, 0xf79c, 0xffbd, 0xdefa, 0x2a26, 0x19c5, 0x21e5, 0x19e5, 0x19e5, 0x19e5, 0x19e5, 0x19e5,
    0x19e5, 0x19e5, 0x19e5, 0x19e5, 0x19e5, 0x19e5, 0x19e5, 0x19e5, 0x19e5, 0x19e5, 0x19e5, 0x19e5, 0x19e5, 0x19e5, 0x19e5, 0x19e5,
    0x19e5, 0x19e5, 0x19e5, 0x19e5, 0x19e5, 0x19e5, 0x19e5, 0x19e5, 0x19e5, 0x19e5, 0x19e5, 0x19e5, 0x19e5, 0x19e5, 0x19e5, 0x19e5,
    0x19e5, 0x19e5, 0x19e5, 0x19e5, 0x19e5, 0x19e5, 0x19e5, 0x19e5, 0x19e5, 0x19e5, 0x19e5, 0x19e5, 0x21e5, 0x21e5, 0x19e5, 0x19e5,
    0x19e5, 0x19e5, 0x19e5, 0x19e5, 0x19e5, 0x19e5, 0x19e5, 0x19e5, 0x19e5, 0x19e5, 0x19e5, 0x19e5, 0x19e5, 0x19e5, 0x19e5, 0x19e5,
    0x19e5, 0x19e5, 0x19e5, 0x19e5, 0x19e5, 0x19e5, 0x19e5, 0x19e5, 0x19e5, 0x19e5, 0x19e5, 0x19e5, 0x19e5, 0x19e5, 0x19e5, 0x19e5,
    0x19e5, 0x19e5, 0x19e5, 0x19e5, 0x19e5, 0x19e5, 0x19e5, 0x19e5, 0x19e5, 0x19e5, 0x19e5, 0x19e5, 0x19e5, 0x19e5, 0x19e5, 0x19e5,
    0x19e5, 0x19e5, 0x19e5, 0x19e5, 0x19e5, 0x19e5, 0x19e5, 0x19e5, 0x19e5, 0x19e5, 0x19e5, 0x19e5, 0x19e5, 0x19e5, 0x19e5, 0x19e5,
    0x19e5, 0x19e5, 0x19e5, 0x19e5, 0x19e5, 0x21e5, 0x19c5, 0x2a26, 0xdf1a, 0xffbd, 0xf79c, 0xf79c, 0xf79c, 0xf79c, 0xf79c, 0xf77c,
    0xffdd, 0x63ad, 0x1184, 0x21e6, 0x19e5, 0x19e5, 0x19e5, 0x19e5, 0x19e5, 0x19e5, 0x19e5, 0x19e5, 0x19e5, 0x19e5, 0x19e5, 0x19e5,
    0x19e5, 0x19e5, 0x19e5, 0x19e5, 0x19e5, 0x19e5, 0x19e5, 0x19e5, 0x19e5, 0x19e5, 0x19e5, 0x19e5, 0x19e5, 0x19e5, 0x19e5, 0x19e5,
    0x19e5, 0x19e5, 0x19e5, 0x19e5, 0x19e5, 0x19e5, 0x19e5, 0x19e5, 0x19e5, 0x19e5, 0x19e5, 0x19e5, 0x19e5, 0x19e5, 0x19e5, 0x19e5,
    0x19e5, 0x19e5, 0x19e5, 0x19e5, 0x19e5, 0x19e5, 0x19e5, 0x19e5, 0x19e5, 0x19e5, 0x19e5, 0x19e5, 0x19e5, 0x19e5, 0x19e5, 0x19e5,
    0x19e5, 0x19e5, 0x19e5, 0x19e5, 0x19e5, 0x19e5, 0x19e5, 0x19e5, 0x19e5, 0x19e5, 0x19e5, 0x19e5, 0x19e5, 0x19e5, 0x19e5, 0x19e5,
    0x19e5, 0x19e5, 0x19e5, 0x19e5, 0x19e5, 0x19e5, 0x19e5, 0x19e5, 0x19e5, 0x19e5, 0x19e5, 0x19e5, 0x21e6, 0x11a4, 0x42c9, 0xf79c,
    0xf79c, 0xf79c, 0xf79c, 0xf79c, 0xf79c, 0xf79c, 0xf79c, 0xffbd, 0x534b, 0x11a4, 0x21e6, 0x19e5, 0x19e5, 0x19e5, 0x19e5, 0x19e5,
    0x19e5, 0x19e5, 0x19e5, 0x19e5, 0x19e5, 0x19e5, 0x19e5, 0x19e5, 0x19e5, 0x19e5, 0x19e5, 0x19e5, 0x19e5, 0x19e5, 0x19e5, 0x19e5,
    0x19e5, 0x19e5, 0x19e5, 0x19e5, 0x19e5, 0x19e5, 0x19e5, 0x19e5, 0x19e5, 0x19e5, 0x19e5, 0x19e5, 0x19e5, 0x19e5, 0x19e5, 0x19e5,
    0x19e5, 0x19e5, 0x19e5, 0x19e5, 0x19e5, 0x19e5, 0x19e5, 0x19e5, 0x19e5, 0x19e5, 0x19e5, 0x19e5, 0x19e5, 0x19e5, 0x19e5, 0x19e5,
    0x19e5, 0x19e5, 0x19e5, 0x19e5, 0x19e5, 0x19e5, 0x19e5, 0x19e5, 0x19e5, 0x19e5, 0x19e5, 0x19e5, 0x19e5, 0x19e5, 0x19e5, 0x19e5,
    0x19e5, 0x19e5, 0x19e5, 0x19e5, 0x19e5, 0x19e5, 0x19e5, 0x19e5, 0x19e5, 0x19e5, 0x19e5, 0x19e5, 0x19e5, 0x19e5, 0x19e5, 0x19e5,
    0x19e5, 0x19e5, 0x19e5, 0x19e5, 0x19e5, 0x19e5, 0x19e5, 0x19e5, 0x19e5, 0x19e5, 0x19e5, 0x19e5, 0x19e5, 0x19e5, 0x19e5, 0x19e5,
    0x19e5, 0x19e5, 0x19e5, 0x19e5, 0x19e5, 0x19e5, 0x19e5, 0x19e5, 0x19e5, 0x19e5, 0x19e5, 0x19e5, 0x19e5, 0x19e5, 0x19e5, 0x19e5,
    0x19e5, 0x19e5, 0x19e5, 0x19e5, 0x19e5, 0x21e6, 0x11a4, 0x534b, 0xffdd, 0xf79c, 0xf79c, 0xf79c, 0xf79c, 0xf79c, 0xf79c, 0xf79c,
    0xf79c, 0x42c9, 0x11a4, 0x21e6, 0x19e5, 0x19e5, 0x19e5, 0x19e5, 0x19e5, 0x19e5, 0x19e5, 0x19e5, 0x19e5, 0x19e5, 0x19e5, 0x19e5,
    0x19e5, 0x19e5, 0x19e5, 0x19e5, 0x19e5, 0x19e5, 0x19e5, 0x19e5, 0x19e5, 0x19e5, 0x19e5, 0x19e5, 0x19e5, 0x19e5, 0x19e5, 0x19e5,
    0x19e5, 0x19e5, 0x19e5, 0x19e5, 0x19e5, 0x19e5, 0x19e5, 0x19e5, 0x19e5, 0x19e5, 0x19e5, 0x19e5, 0x19e5, 0x19e5, 0x19e5, 0x19e5,
    0x19e5, 0x19e5, 0x19e5, 0x19e5, 0x19e5, 0x19e5, 0x19e5, 0x19e5, 0x19e5, 0x19e5, 0x19e5, 0x19e5, 0x19e5, 0x19e5, 0x19e5, 0x19e5,
    0x19e5, 0x19e5, 0x19e5, 0x19e5, 0x19e5, 0x19e5, 0x19e5, 0x19e5, 0x19e5, 0x19e5, 0x19e5, 0x19e5, 0x19e5, 0x19e5, 0x19e5, 0x19e5,
    0x19e5, 0x19e5, 0x19e5, 0x19e5, 0x19e5, 0x19e5, 0x19e5, 0x19e5, 0x19e5, 0x19e5, 0x19e5, 0x19e5, 0x21e5, 0x19c5, 0x2206, 0xded9,
    0xffbd, 0xf79c, 0xf79c, 0xf79c, 0xf79c, 0xf79c, 0xf77c, 0xfffe, 0x9d33, 0x1184, 0x2206, 0x19e5, 0x19e5, 0x19e5, 0x19e5, 0x19e5,
    0x19e5, 0x19e5, 0x19e5, 0x19e5, 0x19e5, 0x19e5, 0x19e5, 0x19e5, 0x19e5, 0x19e5, 0x19e5, 0x19e5, 0x19e5, 0x19e5, 0x19e5, 0x19e5,
    0x19e5, 0x19e5, 0x19e5, 0x19e5, 0x19e5, 0x19e5, 0x19e5, 0x19e5, 0x19e5, 0x19e5, 0x19e5, 0x19e5, 0x19e5, 0x19e5, 0x19e5, 0x19e5,
    0x19e5, 0x19e5, 0x19e5, 0x19e5, 0x19e5, 0x19e5, 0x19e5, 0x19e5, 0x19e5, 0x19e5, 0x19e5, 0x19e5, 0x19e5, 0x19e5, 0x19e5, 0x19e5,
    0x19e5, 0x19e5, 0x19e5, 0x19e5, 0x19e5, 0x19e5, 0x19e5, 0x19e5, 0x19e5, 0x19e5, 0x19e5, 0x19e5, 0x19e5, 0x19e5, 0x19e5, 0x19e5,
    0x19e5, 0x19e5, 0x19e5, 0x19e5, 0x19e5, 0x19e5, 0x19e5, 0x19e5, 0x19e5, 0x19e5, 0x19e5, 0x19e5, 0x19e5, 0x19e5, 0x19e5, 0x19e5,
    0x19e5, 0x19e5, 0x19e5, 0x19e5, 0x19e5, 0x19e5, 0x19e5, 0x19e5, 0x19e5, 0x19e5, 0x19e5, 0x19e5, 0x19e5, 0x19e5, 0x19e5, 0x19e5,
    0x19e5, 0x19e5, 0x19e5, 0x19e5, 0x19e5, 0x19e5, 0x19e5, 0x19e5, 0x19e5, 0x19e5, 0x19e5, 0x19e5, 0x19e5, 0x19e5, 0x19e5, 0x19e5,
    0x19e5, 0x19e5, 0x19e5, 0x19e5, 0x19e5, 0x2206, 0x1184, 0x9d53, 0xfffe, 0xf77c, 0xf79c, 0xf79c, 0xf79c, 0xf79c, 0xf79c, 0xffbd,
    0xded9, 0x2206, 0x19e5, 0x21e5, 0x19e5, 0x19e5, 0x19e5, 0x19e5, 0x19e5, 0x19e5, 0x19e5, 0x19e5, 0x19e5, 0x19e5, 0x19e5, 0x19e5,
    0x19e5, 0x19e5, 0x19e5, 0x19e5, 0x19e5, 0x19e5, 0x19e5, 0x19e5, 0x19e5, 0x19e5, 0x19e5, 0x19e5, 0x19e5, 0x19e5, 0x19e5, 0x19e5,
    0x19e5, 0x19e5, 0x19e5, 0x19e5, 0x19e5, 0x19e5, 0x19e5, 0x19e5, 0x19e5, 0x19e5, 0x19e5, 0x19e5, 0x19e5, 0x19e5, 0x19e5, 0x19e5,
    0x19e5, 0x19e5, 0x19e5, 0x19e5, 0x19e5, 0x19e5, 0x19e5, 0x19e5, 0x19e5, 0x19e5, 0x19e5, 0x19e5, 0x19e5, 0x19e5, 0x19e5, 0x19e5,
    0x19e5, 0x19e5, 0x19e5, 0x19e5, 0x19e5, 0x19e5, 0x19e5, 0x19e5, 0x19e5, 0x19e5, 0x19e5, 0x19e5, 0x19e5, 0x19e5, 0x19e5, 0x19e5,
    0x19e5, 0x19e5, 0x19e5, 0x19e5, 0x19e5, 0x19e5, 0x19e5, 0x19e5, 0x19e5, 0x19e5, 0x19e5, 0x19e5, 0x19e5, 0x21e6, 0x1184, 0xad94,
    0xfffd, 0xf77c, 0xf79c, 0xf79c, 0xf79c, 0xf79c, 0xf79c, 0xf7bc, 0xe73b, 0x2a47, 0x19c5, 0x21e5, 0x19e5, 0x19e5, 0x19e5, 0x19e5,
    0x19e5, 0x19e5, 0x19e5, 0x19e5, 0x19e5, 0x19e5, 0x19e5, 0x19e5, 0x19e5, 0x19e5, 0x19e5, 0x19e5, 0x19e5, 0x19e5, 0x19e5, 0x19e5,
    0x19e5, 0x19e5, 0x19e5, 0x19e5, 0x19e5, 0x19e5, 0x19e5, 0x19e5, 0x19e5, 0x19e5, 0x19e5, 0x19e5, 0x19e5, 0x19e5, 0x19e5, 0x19e5,
    0x19e5, 0x19e5, 0x19e5, 0x19e5, 0x19e5, 0x19e5, 0x19e5, 0x19e5, 0x19e5, 0x19e5, 0x19e5, 0x19e5, 0x19e5, 0x19e5, 0x19e5, 0x19e5,
    0x19e5, 0x19e5, 0x19e5, 0x19e5, 0x19e5, 0x19e5, 0x19e5, 0x19e5, 0x19e5, 0x19e5, 0x19e5, 0x19e5, 0x19e5, 0x19e5, 0x19e5, 0x19e5,
    0x19e5, 0x19e5, 0x19e5, 0x19e5, 0x19e5, 0x19e5, 0x19e5, 0x19e5, 0x19e5, 0x19e5, 0x19e5, 0x19e5, 0x19e5, 0x19e5, 0x19e5, 0x19e5,
    0x19e5, 0x19e5, 0x19e5, 0x19e5, 0x19e5, 0x19e5, 0x19e5, 0x19e5, 0x19e5, 0x19e5, 0x19e5, 0x19e5, 0x19e5, 0x19e5, 0x19e5, 0x19e5,
    0x19e5, 0x19e5, 0x19e5, 0x19e5, 0x19e5, 0x19e5, 0x19e5, 0x19e5, 0x19e5, 0x19e5, 0x19e5, 0x19e5, 0x19e5, 0x19e5, 0x19e5, 0x19e5,
    0x19e5, 0x19e5, 0x19e5, 0x19e5, 0x21e5, 0x19c5, 0x3247, 0xe73b, 0xf7bc, 0xf79c, 0xf79c, 0xf79c, 0xf79c, 0xf79c, 0xf77c, 0xfffd,
    0xad94, 0x1184, 0x21e6, 0x19e5, 0x19e5, 0x19e5, 0x19e5, 0x19e5, 0x19e5, 0x19e5, 0x19e5, 0x19e5, 0x19e5, 0x19e5, 0x19e5, 0x19e5,
    0x19e5, 0x19e5, 0x19e5, 0x19e5, 0x19e5, 0x19e5, 0x19e5, 0x19e5, 0x19e5, 0x19e5, 0x19e5, 0x19e5, 0x19e5, 0x19e5, 0x19e5, 0x19e5,
    0x19e5, 0x19e5, 0x19e5, 0x19e5, 0x19e5, 0x19e5, 0x19e5, 0x19e5, 0x19e5, 0x19e5, 0x19e5, 0x19e5, 0x19e5, 0x19e5, 0x19e5, 0x19e5,
    0x19e5, 0x19e5, 0x19e5, 0x19e5, 0x19e5, 0x19e5, 0x19e5, 0x19e5, 0x19e5, 0x19e5, 0x19e5, 0x19e5, 0x19e5, 0x19e5, 0x19e5, 0x19e5,
    0x19e5, 0x19e5, 0x19e5, 0x19e5, 0x19e5, 0x19e5, 0x19e5, 0x19e5, 0x19e5, 0x19e5, 0x19e5, 0x19e5, 0x19e5, 0x19e5, 0x19e5, 0x19e5,
    0x19e5, 0x19e5, 0x19e5, 0x19e5, 0x19e5, 0x19e5, 0x19e5, 0x19e5, 0x19e5, 0x19e5, 0x19e5, 0x19e5, 0x19e5, 0x2206, 0x1184, 0x6bed,
    0xfffd, 0xf77c, 0xf79c, 0xf79c, 0xf79c, 0xf79c, 0xf79c, 0xf77c, 0xfffe, 0x8cd1, 0x0964, 0x2206, 0x19e5, 0x19e5, 0x19e5, 0x19e5,
    0x19e5, 0x19e5, 0x19e5, 0x19e5, 0x19e5, 0x19e5, 0x19e5, 0x19e5, 0x19e5, 0x19e5, 0x19e5, 0x19e5, 0x19e5, 0x19e5, 0x19e5, 0x19e5,
    0x19e5, 0x19e5, 0x19e5, 0x19e5, 0x19e5, 0x19e5, 0x19e5, 0x19e5, 0x19e5, 0x19e5, 0x19e5, 0x19e5, 0x19e5, 0x19e5, 0x19e5, 0x19e5,
    0x19e5, 0x19e5, 0x19e5, 0x19e5, 0x19e5, 0x19e5, 0x19e5, 0x19e5, 0x19e5, 0x19e5, 0x19e5, 0x19e5, 0x19e5, 0x19e5, 0x19e5, 0x19e5,
    0x19e5, 0x19e5, 0x19e5, 0x19e5, 0x19e5, 0x19e5, 0x19e5, 0x19e5, 0x19e5, 0x19e5, 0x19e5, 0x19e5, 0x19e5, 0x19e5, 0x19e5, 0x19e5,
    0x19e5, 0x19e5, 0x19e5, 0x19e5, 0x19e5, 0x19e5, 0x19e5, 0x19e5, 0x19e5, 0x19e5, 0x19e5, 0x19e5, 0x19e5, 0x19e5, 0x19e5, 0x19e5,
    0x19e5, 0x19e5, 0x19e5, 0x19e5, 0x19e5, 0x19e5, 0x19e5, 0x19e5, 0x19e5, 0x19e5, 0x19e5, 0x19e5, 0x19e5, 0x19e5, 0x19e5, 0x19e5,
    0x19e5, 0x19e5, 0x19e5, 0x19e5, 0x19e5, 0x19e5, 0x19e5, 0x19e5, 0x19e5, 0x19e5, 0x19e5, 0x19e5, 0x19e5, 0x19e5, 0x19e5, 0x19e5,
    0x19e5, 0x19e5, 0x19e5, 0x19e5, 0x2206, 0x0984, 0x8cd1, 0xfffe, 0xf77c, 0xf79c, 0xf79c, 0xf79c, 0xf79c, 0xf79c, 0xf77c, 0xfffd,
    0x6bcd, 0x1184, 0x2206, 0x19e5, 0x19e5, 0x19e5, 0x19e5, 0x19e5, 0x19e5, 0x19e5, 0x19e5, 0x19e5, 0x19e5, 0x19e5, 0x19e5, 0x19e5,
    0x19e5, 0x19e5, 0x19e5, 0x19e5, 0x19e5, 0x19e5, 0x19e5, 0x19e5, 0x19e5, 0x19e5, 0x19e5, 0x19e5, 0x19e5, 0x19e5, 0x19e5, 0x19e5,
    0x19e5, 0x19e5, 0x19e5, 0x19e5, 0x19e5, 0x19e5, 0x19e5, 0x19e5, 0x19e5, 0x19e5, 0x19e5, 0x19e5, 0x19e5, 0x19e5, 0x19e5, 0x19e5,
    0x19e5, 0x19e5, 0x19e5, 0x19e5, 0x19e5, 0x19e5, 0x19e5, 0x19e5, 0x19e5, 0x19e5, 0x19e5, 0x19e5, 0x19e5, 0x19e5, 0x19e5, 0x19e5,
    0x19e5, 0x19e5, 0x19e5, 0x19e5, 0x19e5, 0x19e5, 0x19e5, 0x19e5, 0x19e5, 0x19e5, 0x19e5, 0x19e5, 0x19e5, 0x19e5, 0x19e5, 0x19e5,
    0x19e5, 0x19e5, 0x19e5, 0x19e5, 0x19e5, 0x19e5, 0x19e5, 0x19e5, 0x19e5, 0x19e5, 0x19e5, 0x19e5, 0x19e5, 0x21e5, 0x19c5, 0x2a47,
    0xe73a, 0xf7bc, 0xf79c, 0xf79c, 0xf79c, 0xf79c, 0xf79c, 0xf79c, 0xf79c, 0xef7c, 0x3aa8, 0x11a4, 0x21e6, 0x19e5, 0x19e5, 0x19e5,
    0x19e5, 0x19e5, 0x19e5, 0x19e5, 0x19e5, 0x19e5, 0x19e5, 0x19e5, 0x19e5, 0x19e5, 0x19e5, 0x19e5, 0x19e5, 0x19e5, 0x19e5, 0x19e5,
    0x19e5, 0x19e5, 0x19e5, 0x19e5, 0x19e5, 0x19e5, 0x19e5, 0x19e5, 0x19e5, 0x19e5, 0x19e5, 0x19e5, 0x19e5, 0x19e5, 0x19e5, 0x19e5,
    0x19e5, 0x19e5, 0x19e5, 0x19e5, 0x19e5, 0x19e5, 0x19e5, 0x19e5, 0x19e5, 0x19e5, 0x19e5, 0x19e5, 0x19e5, 0x19e5, 0x19e5, 0x19e5,
    0x19e5, 0x19e5, 0x19e5, 0x19e5, 0x19e5, 0x19e5, 0x19e5, 0x19e5, 0x19e5, 0x19e5, 0x19e5, 0x19e5, 0x19e5, 0x19e5, 0x19e5, 0x19e5,
    0x19e5, 0x19e5, 0x19e5, 0x19e5, 0x19e5, 0x19e5, 0x19e5, 0x19e5, 0x19e5, 0x19e5, 0x19e5, 0x19e5, 0x19e5, 0x19e5, 0x19e5, 0x19e5,
    0x19e5, 0x19e5, 0x19e5, 0x19e5, 0x19e5, 0x19e5, 0x19e5, 0x19e5, 0x19e5, 0x19e5, 0x19e5, 0x19e5, 0x19e5, 0x19e5, 0x19e5, 0x19e5,
    0x19e5, 0x19e5, 0x19e5, 0x19e5, 0x19e5, 0x19e5, 0x19e5, 0x19e5, 0x19e5, 0x19e5, 0x19e5, 0x19e5, 0x19e5, 0x19e5, 0x19e5, 0x19e5,
    0x19e5, 0x19e5, 0x19e5, 0x21e6, 0x11a4, 0x3aa9, 0xef7c, 0xf79c, 0xf79c, 0xf79c, 0xf79c, 0xf79c, 0xf79c, 0xf79c, 0xf7bc, 0xe73a,
    0x2a47, 0x19c5, 0x21e5, 0x19e5, 0x19e5, 0x19e5, 0x19e5, 0x19e5, 0x19e5, 0x19e5, 0x19e5, 0x19e5, 0x19e5, 0x19e5, 0x19e5, 0x19e5,
    0x19e5, 0x19e5, 0x19e5, 0x19e5, 0x19e5, 0x19e5, 0x19e5, 0x19e5, 0x19e5, 0x19e5, 0x19e5, 0x19e5, 0x19e5, 0x19e5, 0x19e5, 0x19e5,
    0x19e5, 0x19e5, 0x19e5, 0x19e5, 0x19e5, 0x19e5, 0x19e5, 0x19e5, 0x19e5, 0x19e5, 0x19e5, 0x19e5, 0x19e5, 0x19e5, 0x19e5, 0x19e5,
    0x19e5, 0x19e5, 0x19e5, 0x19e5, 0x19e5, 0x19e5, 0x19e5, 0x19e5, 0x19e5, 0x19e5, 0x19e5, 0x19e5, 0x19e5, 0x19e5, 0x19e5, 0x19e5,
    0x19e5, 0x19e5, 0x19e5, 0x19e5, 0x19e5, 0x19e5, 0x19e5, 0x19e5, 0x19e5, 0x19e5, 0x19e5, 0x19e5, 0x19e5, 0x19e5, 0x19e5, 0x19e5,
    0x19e5, 0x19e5, 0x19e5, 0x19e5, 0x19e5, 0x19e5, 0x19e5, 0x19e5, 0x19e5, 0x19e5, 0x19e5, 0x19e5, 0x19e5, 0x19e5, 0x2206, 0x1184,
    0x9d53, 0xfffe, 0xf77c, 0xf79c, 0xf79c, 0xf79c, 0xf79c, 0xf79c, 0xf77c, 0xffdd, 0xc637, 0x19a5, 0x19e5, 0x21e5, 0x19e5, 0x19e5,
    0x19e5, 0x19e5, 0x19e5, 0x19e5, 0x19e5, 0x19e5, 0x19e5, 0x19e5, 0x19e5, 0x19e5, 0x19e5, 0x19e5, 0x19e5, 0x19e5, 0x19e5, 0x19e5,
    0x19e5, 0x19e5, 0x19e5, 0x19e5, 0x19e5, 0x19e5, 0x19e5, 0x19e5, 0x19e5, 0x19e5, 0x19e5, 0x19e5, 0x19e5, 0x19e5, 0x19e5, 0x19e5,
    0x19e5, 0x19e5, 0x19e5, 0x19e5, 0x19e5, 0x19e5, 0x19e5, 0x19e5, 0x19e5, 0x19e5, 0x19e5, 0x19e5, 0x19e5, 0x19e5, 0x19e5, 0x19e5,
    0x19e5, 0x19e5, 0x19e5, 0x19e5, 0x19e5, 0x19e5, 0x19e5, 0x19e5, 0x19e5, 0x19e5, 0x19e5, 0x19e5, 0x19e5, 0x19e5, 0x19e5, 0x19e5,
    0x19e5, 0x19e5, 0x19e5, 0x19e5, 0x19e5, 0x19e5, 0x19e5, 0x19e5, 0x19e5, 0x19e5, 0x19e5, 0x19e5, 0x19e5, 0x19e5, 0x19e5, 0x19e5,
    0x19e5, 0x19e5, 0x19e5, 0x19e5, 0x19e5, 0x19e5, 0x19e5, 0x19e5, 0x19e5, 0x19e5, 0x19e5, 0x19e5, 0x19e5, 0x19e5, 0x19e5, 0x19e5,
    0x19e5, 0x19e5, 0x19e5, 0x19e5, 0x19e5, 0x19e5, 0x19e5, 0x19e5, 0x19e5, 0x19e5, 0x19e5, 0x19e5, 0x19e5, 0x19e5, 0x19e5, 0x19e5,
    0x19e5, 0x19e5, 0x21e5, 0x19e5, 0x19c5, 0xc637, 0xffdd, 0xf77c, 0xf79c, 0xf79c, 0xf79c, 0xf79c, 0xf79c, 0xf77c, 0xfffe, 0x9d53,
    0x1184, 0x2206, 0x19e5, 0x19e5, 0x19e5, 0x19e5, 0x19e5, 0x19e5, 0x19e5, 0x19e5, 0x19e5, 0x19e5, 0x19e5, 0x19e5, 0x19e5, 0x19e5,
    0x19e5, 0x19e5, 0x19e5, 0x19e5, 0x19e5, 0x19e5, 0x19e5, 0x19e5, 0x19e5, 0x19e5, 0x19e5, 0x19e5, 0x19e5, 0x19e5, 0x19e5, 0x19e5,
    0x19e5, 0x19e5, 0x19e5, 0x19e5, 0x19e5, 0x19e5, 0x19e5, 0x19e5, 0x19e5, 0x19e5, 0x19e5, 0x19e5, 0x19e5, 0x19e5, 0x19e5, 0x19e5,
    0x19e5, 0x19e5, 0x19e5, 0x19e5, 0x19e5, 0x19e5, 0x19e5, 0x19e5, 0x19e5, 0x19e5, 0x19e5, 0x19e5, 0x19e5, 0x19e5, 0x19e5, 0x19e5,
    0x19e5, 0x19e5, 0x19e5, 0x19e5, 0x19e5, 0x19e5, 0x19e5, 0x19e5, 0x19e5, 0x19e5, 0x19e5, 0x19e5, 0x19e5, 0x19e5, 0x19e5, 0x19e5,
    0x19e5, 0x19e5, 0x19e5, 0x19e5, 0x19e5, 0x19e5, 0x19e5, 0x19e5, 0x19e5, 0x19e5, 0x19e5, 0x19e5, 0x19e5, 0x19e5, 0x21e6, 0x11a4,
    0x42e9, 0xf79c, 0xf79c, 0xf79c, 0xf79c, 0xf79c, 0xf79c, 0xf79c, 0xf79c, 0xf77c, 0xfffe, 0x9d32, 0x1184, 0x21e6, 0x21e5, 0x19e5,
    0x19e5, 0x19e5, 0x19e5, 0x19e5, 0x19e5, 0x19e5, 0x19e5, 0x19e5, 0x19e5, 0x19e5, 0x19e5, 0x19e5, 0x19e5, 0x19e5, 0x19e5, 0x19e5,
    0x19e5, 0x19e5, 0x19e5, 0x19e5, 0x19e5, 0x19e5, 0x19e5, 0x19e5, 0x19e5, 0x19e5, 0x19e5, 0x19e5, 0x19e5, 0x19e5, 0x19e5, 0x19e5,
    0x19e5, 0x19e5, 0x19e5, 0x19e5, 0x19e5, 0x19e5, 0x19e5, 0x19e5, 0x19e5, 0x19e5, 0x19e5, 0x19e5, 0x19e5, 0x19e5, 0x19e5, 0x19e5,
    0x19e5, 0x19e5, 0x19e5, 0x19e5, 0x19e5, 0x19e5, 0x19e5, 0x19e5, 0x19e5, 0x19e5, 0x19e5, 0x19e5, 0x19e5, 0x19e5, 0x19e5, 0x19e5,
    0x19e5, 0x19e5, 0x19e5, 0x19e5, 0x19e5, 0x19e5, 0x19e5, 0x19e5, 0x19e5, 0x19e5, 0x19e5, 0x19e5, 0x19e5, 0x19e5, 0x19e5, 0x19e5,
    0x19e5, 0x19e5, 0x19e5, 0x19e5, 0x19e5, 0x19e5, 0x19e5, 0x19e5, 0x19e5, 0x19e5, 0x19e5, 0x19e5, 0x19e5, 0x19e5, 0x19e5, 0x19e5,
    0x19e5, 0x19e5, 0x19e5, 0x19e5, 0x19e5, 0x19e5, 0x19e5, 0x19e5, 0x19e5, 0x19e5, 0x19e5, 0x19e5, 0x19e5, 0x19e5, 0x19e5, 0x19e5,
    0x19e5, 0x21e5, 0x21e6, 0x0984, 0x9d32, 0xfffe, 0xf77c, 0xf79c, 0xf79c, 0xf79c, 0xf79c, 0xf79c, 0xf79c, 0xf79c, 0xf79c, 0x42e9,
    0x11a4, 0x21e6, 0x19e5, 0x19e5, 0x19e5, 0x19e5, 0x19e5, 0x19e5, 0x19e5, 0x19e5, 0x19e5, 0x19e5, 0x19e5, 0x19e5, 0x19e5, 0x19e5,
    0x19e5, 0x19e5, 0x19e5, 0x19e5, 0x19e5, 0x19e5, 0x19e5, 0x19e5, 0x19e5, 0x19e5, 0x19e5, 0x19e5, 0x19e5, 0x19e5, 0x19e5, 0x19e5,
    0x19e5, 0x19e5, 0x19e5, 0x19e5, 0x19e5, 0x19e5, 0x19e5, 0x19e5, 0x19e5, 0x19e5, 0x19e5, 0x19e5, 0x19e5, 0x19e5, 0x19e5, 0x19e5,
    0x19e5, 0x19e5, 0x19e5, 0x19e5, 0x19e5, 0x19e5, 0x19e5, 0x19e5, 0x19e5, 0x19e5, 0x19e5, 0x19e5, 0x19e5, 0x19e5, 0x19e5, 0x19e5,
    0x19e5, 0x19e5, 0x19e5, 0x19e5, 0x19e5, 0x19e5, 0x19e5, 0x19e5, 0x19e5, 0x19e5, 0x19e5, 0x19e5, 0x19e5, 0x19e5, 0x19e5, 0x19e5,
    0x19e5, 0x19e5, 0x19e5, 0x19e5, 0x19e5, 0x19e5, 0x19e5, 0x19e5, 0x19e5, 0x19e5, 0x19e5, 0x19e5, 0x19e5, 0x19e5, 0x19e5, 0x21e6,
    0x1184, 0xadb4, 0xfffe, 0xf77c, 0xf79c, 0xf79c, 0xf79c, 0xf79c, 0xf79c, 0xf79c, 0xf77c, 0xfffe, 0x8cb1, 0x0984, 0x19e5, 0x21e6,
    0x19e5, 0x19e5, 0x19e5, 0x19e5, 0x19e5, 0x19e5, 0x19e5, 0x19e5, 0x19e5, 0x19e5, 0x19e5, 0x19e5, 0x19e5, 0x19e5, 0x19e5, 0x19e5,
    0x19e5, 0x19e5, 0x19e5, 0x19e5, 0x19e5, 0x19e5, 0x19e5, 0x19e5, 0x19e5, 0x19e5, 0x19e5, 0x19e5, 0x19e5, 0x19e5, 0x19e5, 0x19e5,
    0x19e5, 0x19e5, 0x19e5, 0x19e5, 0x19e5, 0x19e5, 0x19e5, 0x19e5, 0x19e5, 0x19e5, 0x19e5, 0x19e5, 0x19e5, 0x19e5, 0x19e5, 0x19e5,
    0x19e5, 0x19e5, 0x19e5, 0x19e5, 0x19e5, 0x19e5, 0x19e5, 0x19e5, 0x19e5, 0x19e5, 0x19e5, 0x19e5, 0x19e5, 0x19e5, 0x19e5, 0x19e5,
    0x19e5, 0x19e5, 0x19e5, 0x19e5, 0x19e5, 0x19e5, 0x19e5, 0x19e5, 0x19e5, 0x19e5, 0x19e5, 0x19e5, 0x19e5, 0x19e5, 0x19e5, 0x19e5,
    0x19e5, 0x19e5, 0x19e5, 0x19e5, 0x19e5, 0x19e5, 0x19e5, 0x19e5, 0x19e5, 0x19e5, 0x19e5, 0x19e5, 0x19e5, 0x19e5, 0x19e5, 0x19e5,
    0x19e5, 0x19e5, 0x19e5, 0x19e5, 0x19e5, 0x19e5, 0x19e5, 0x19e5, 0x19e5, 0x19e5, 0x19e5, 0x19e5, 0x19e5, 0x19e5, 0x19e5, 0x19e5,
    0x21e6, 0x19e5, 0x1184, 0x8cd1, 0xfffe, 0xf77c, 0xf79c, 0xf79c, 0xf79c, 0xf79c, 0xf79c, 0xf79c, 0xf77c, 0xfffe, 0xad94, 0x1184,
    0x21e6, 0x19e5, 0x19e5, 0x19e5, 0x19e5, 0x19e5, 0x19e5, 0x19e5, 0x19e5, 0x19e5, 0x19e5, 0x19e5, 0x19e5, 0x19e5, 0x19e5, 0x19e5,
    0x19e5, 0x19e5, 0x19e5, 0x19e5, 0x19e5, 0x19e5, 0x19e5, 0x19e5, 0x19e5, 0x19e5, 0x19e5, 0x19e5, 0x19e5, 0x19e5, 0x19e5, 0x19e5,
    0x19e5, 0x19e5, 0x19e5, 0x19e5, 0x19e5, 0x19e5, 0x19e5, 0x19e5, 0x19e5, 0x19e5, 0x19e5, 0x19e5, 0x19e5, 0x19e5, 0x19e5, 0x19e5,
    0x19e5, 0x19e5, 0x19e5, 0x19e5, 0x19e5, 0x19e5, 0x19e5, 0x19e5, 0x19e5, 0x19e5, 0x19e5, 0x19e5, 0x19e5, 0x19e5, 0x19e5, 0x19e5,
    0x19e5, 0x19e5, 0x19e5, 0x19e5, 0x19e5, 0x19e5, 0x19e5, 0x19e5, 0x19e5, 0x19e5, 0x19e5, 0x19e5, 0x19e5, 0x19e5, 0x19e5, 0x19e5,
    0x19e5, 0x19e5, 0x19e5, 0x19e5, 0x19e5, 0x19e5, 0x19e5, 0x19e5, 0x19e5, 0x19e5, 0x19e5, 0x19e5, 0x19e5, 0x19e5, 0x19e5, 0x21e6,
    0x19a5, 0x3aa9, 0xf77c, 0xf79c, 0xf79c, 0xf79c, 0xf79c, 0xf79c, 0xf79c, 0xf79c, 0xf79c, 0xf77c, 0xfffd, 0x9d32, 0x19a5, 0x11a4,
    0x2206, 0x21e5, 0x19e5, 0x19e5, 0x19e5, 0x19e5, 0x19e5, 0x19e5, 0x19e5, 0x19e5, 0x19e5, 0x19e5, 0x19e5, 0x19e5, 0x19e5, 0x19e5,
    0x19e5, 0x19e5, 0x19e5, 0x19e5, 0x19e5, 0x19e5, 0x19e5, 0x19e5, 0x19e5, 0x19e5, 0x19e5, 0x19e5, 0x19e5, 0x19e5, 0x19e5, 0x19e5,
    0x19e5, 0x19e5, 0x19e5, 0x19e5, 0x19e5, 0x19e5, 0x19e5, 0x19e5, 0x19e5, 0x19e5, 0x19e5, 0x19e5, 0x19e5, 0x19e5, 0x19e5, 0x19e5,
    0x19e5, 0x19e5, 0x19e5, 0x19e5, 0x19e5, 0x19e5, 0x19e5, 0x19e5, 0x19e5, 0x19e5, 0x19e5, 0x19e5, 0x19e5, 0x19e5, 0x19e5, 0x19e5,
    0x19e5, 0x19e5, 0x19e5, 0x19e5, 0x19e5, 0x19e5, 0x19e5, 0x19e5, 0x19e5, 0x19e5, 0x19e5, 0x19e5, 0x19e5, 0x19e5, 0x19e5, 0x19e5,
    0x19e5, 0x19e5, 0x19e5, 0x19e5, 0x19e5, 0x19e5, 0x19e5, 0x19e5, 0x19e5, 0x19e5, 0x19e5, 0x19e5, 0x19e5, 0x19e5, 0x19e5, 0x19e5,
    0x19e5, 0x19e5, 0x19e5, 0x19e5, 0x19e5, 0x19e5, 0x19e5, 0x19e5, 0x19e5, 0x19e5, 0x19e5, 0x19e5, 0x19e5, 0x19e5, 0x21e5, 0x2206,
    0x11a4, 0x19c5, 0x9d32, 0xfffd, 0xf77c, 0xf79c, 0xf79c, 0xf79c, 0xf79c, 0xf79c, 0xf79c, 0xf79c, 0xf79c, 0xf77c, 0x3aa9, 0x19a5,
    0x21e6, 0x19e5, 0x19e5, 0x19e5, 0x19e5, 0x19e5, 0x19e5, 0x19e5, 0x19e5, 0x19e5, 0x19e5, 0x19e5, 0x19e5, 0x19e5, 0x19e5, 0x19e5,
    0x19e5, 0x19e5, 0x19e5, 0x19e5, 0x19e5, 0x19e5, 0x19e5, 0x19e5, 0x19e5, 0x19e5, 0x19e5, 0x19e5, 0x19e5, 0x19e5, 0x19e5, 0x19e5,
    0x19e5, 0x19e5, 0x19e5, 0x19e5, 0x19e5, 0x19e5, 0x19e5, 0x19e5, 0x19e5, 0x19e5, 0x19e5, 0x19e5, 0x19e5, 0x19e5, 0x19e5, 0x19e5,
    0x19e5, 0x19e5, 0x19e5, 0x19e5, 0x19e5, 0x19e5, 0x19e5, 0x19e5, 0x19e5, 0x19e5, 0x19e5, 0x19e5, 0x19e5, 0x19e5, 0x19e5, 0x19e5,
    0x19e5, 0x19e5, 0x19e5, 0x19e5, 0x19e5, 0x19e5, 0x19e5, 0x19e5, 0x19e5, 0x19e5, 0x19e5, 0x19e5, 0x19e5, 0x19e5, 0x19e5, 0x19e5,
    0x19e5, 0x19e5, 0x19e5, 0x19e5, 0x19e5, 0x19e5, 0x19e5, 0x19e5, 0x19e5, 0x19e5, 0x19e5, 0x19e5, 0x19e5, 0x19e5, 0x19e5, 0x19e5,
    0x2206, 0x1184, 0x8cb1, 0xfffe, 0xef7c, 0xf79c, 0xf79c, 0xf79c, 0xf79c, 0xf79c, 0xf79c, 0xf79c, 0xf77c, 0xfffe, 0xc637, 0x3aa8,
    0x0964, 0x19c5, 0x2206, 0x21e6, 0x21e5, 0x19e5, 0x19e5, 0x19e5, 0x19e5, 0x19e5, 0x19e5, 0x19e5, 0x19e5, 0x19e5, 0x19e5, 0x19e5,
    0x19e5, 0x19e5, 0x19e5, 0x19e5, 0x19e5, 0x19e5, 0x19e5, 0x19e5, 0x19e5, 0x19e5, 0x19e5, 0x19e5, 0x19e5, 0x19e5, 0x19e5, 0x19e5,
    0x19e5, 0x19e5, 0x19e5, 0x19e5, 0x19e5, 0x19e5, 0x19e5, 0x19e5, 0x19e5, 0x19e5, 0x19e5, 0x19e5, 0x19e5, 0x19e5, 0x19e5, 0x19e5,
    0x19e5, 0x19e5, 0x19e5, 0x19e5, 0x19e5, 0x19e5, 0x19e5, 0x19e5, 0x19e5, 0x19e5, 0x19e5, 0x19e5, 0x19e5, 0x19e5, 0x19e5, 0x19e5,
    0x19e5, 0x19e5, 0x19e5, 0x19e5, 0x19e5, 0x19e5, 0x19e5, 0x19e5, 0x19e5, 0x19e5, 0x19e5, 0x19e5, 0x19e5, 0x19e5, 0x19e5, 0x19e5,
    0x19e5, 0x19e5, 0x19e5, 0x19e5, 0x19e5, 0x19e5, 0x19e5, 0x19e5, 0x19e5, 0x19e5, 0x19e5, 0x19e5, 0x19e5, 0x19e5, 0x19e5, 0x19e5,
    0x19e5, 0x19e5, 0x19e5, 0x19e5, 0x19e5, 0x19e5, 0x19e5, 0x19e5, 0x19e5, 0x19e5, 0x19e5, 0x21e5, 0x21e6, 0x2206, 0x19c5, 0x0964,
    0x3aa9, 0xc637, 0xfffe, 0xf77c, 0xf79c, 0xf79c, 0xf79c, 0xf79c, 0xf79c, 0xf79c, 0xf79c, 0xef7c, 0xfffe, 0x8cb1, 0x1184, 0x2206,
    0x19e5, 0x19e5, 0x19e5, 0x19e5, 0x19e5, 0x19e5, 0x19e5, 0x19e5, 0x19e5, 0x19e5, 0x19e5, 0x19e5, 0x19e5, 0x19e5, 0x19e5, 0x19e5,
    0x19e5, 0x19e5, 0x19e5, 0x19e5, 0x19e5, 0x19e5, 0x19e5, 0x19e5, 0x19e5, 0x19e5, 0x19e5, 0x19e5, 0x19e5, 0x19e5, 0x19e5, 0x19e5,
    0x19e5, 0x19e5, 0x19e5, 0x19e5, 0x19e5, 0x19e5, 0x19e5, 0x19e5, 0x19e5, 0x19e5, 0x19e5, 0x19e5, 0x19e5, 0x19e5, 0x19e5, 0x19e5,
    0x19e5, 0x19e5, 0x19e5, 0x19e5, 0x19e5, 0x19e5, 0x19e5, 0x19e5, 0x19e5, 0x19e5, 0x19e5, 0x19e5, 0x19e5, 0x19e5, 0x19e5, 0x19e5,
    0x19e5, 0x19e5, 0x19e5, 0x19e5, 0x19e5, 0x19e5, 0x19e5, 0x19e5, 0x19e5, 0x19e5, 0x19e5, 0x19e5, 0x19e5, 0x19e5, 0x19e5, 0x19e5,
    0x19e5, 0x19e5, 0x19e5, 0x19e5, 0x19e5, 0x19e5, 0x19e5, 0x19e5, 0x19e5, 0x19e5, 0x19e5, 0x19e5, 0x19e5, 0x19e5, 0x19e5, 0x19e5,
    0x21e5, 0x19e5, 0x19e5, 0xce78, 0xffdd, 0xf77c, 0xf79c, 0xf79c, 0xf79c, 0xf79c, 0xf79c, 0xf79c, 0xf79c, 0xf77c, 0xffdd, 0xef7c,
    0x8cd1, 0x3247, 0x1184, 0x11a4, 0x19c5, 0x21e6, 0x2206, 0x2206, 0x2206, 0x2206, 0x2206, 0x2206, 0x2206, 0x2206, 0x2206, 0x2206,
    0x2206, 0x2206, 0x2206, 0x2206, 0x2206, 0x2206, 0x2206, 0x2206, 0x2206, 0x2206, 0x2206, 0x2206, 0x2206, 0x2206, 0x2206, 0x2206,
    0x2206, 0x2206, 0x2206, 0x2206, 0x2206, 0x2206, 0x2206, 0x2206, 0x2206, 0x2206, 0x2206, 0x2206, 0x2206, 0x2206, 0x2206, 0x2206,
    0x2206, 0x2206, 0x2206, 0x2206, 0x2206, 0x2206, 0x2206, 0x2206, 0x2206, 0x2206, 0x2206, 0x2206, 0x2206, 0x2206, 0x2206, 0x2206,
    0x2206, 0x2206, 0x2206, 0x2206, 0x2206, 0x2206, 0x2206, 0x2206, 0x2206, 0x2206, 0x2206, 0x2206, 0x2206, 0x2206, 0x2206, 0x2206,
    0x2206, 0x2206, 0x2206, 0x2206, 0x2206, 0x2206, 0x2206, 0x2206, 0x2206, 0x2206, 0x2206, 0x2206, 0x2206, 0x2206, 0x2206, 0x2206,
    0x2206, 0x2206, 0x2206, 0x2206, 0x2206, 0x2206, 0x2206, 0x2206, 0x2206, 0x2206, 0x21e6, 0x19c5, 0x11a4, 0x1184, 0x3247, 0x8cd1,
    0xef7c, 0xffdd, 0xf77c, 0xf79c, 0xf79c, 0xf79c, 0xf79c, 0xf79c, 0xf79c, 0xf79c, 0xf77c, 0xffdd, 0xce77, 0x19c5, 0x19e5, 0x21e5,
    0x19e5, 0x19e5, 0x19e5, 0x19e5, 0x19e5, 0x19e5, 0x19e5, 0x19e5, 0x19e5, 0x19e5, 0x19e5, 0x19e5, 0x19e5, 0x19e5, 0x19e5, 0x19e5,
    0x19e5, 0x19e5, 0x19e5, 0x19e5, 0x19e5, 0x19e5, 0x19e5, 0x19e5, 0x19e5, 0x19e5, 0x19e5, 0x19e5, 0x19e5, 0x19e5, 0x19e5, 0x19e5,
    0x19e5, 0x19e5, 0x19e5, 0x19e5, 0x19e5, 0x19e5, 0x19e5, 0x19e5, 0x19e5, 0x19e5, 0x19e5, 0x19e5, 0x19e5, 0x19e5, 0x19e5, 0x19e5,
    0x19e5, 0x19e5, 0x19e5, 0x19e5, 0x19e5, 0x19e5, 0x19e5, 0x19e5, 0x19e5, 0x19e5, 0x19e5, 0x19e5, 0x19e5, 0x19e5, 0x19e5, 0x19e5,
    0x19e5, 0x19e5, 0x19e5, 0x19e5, 0x19e5, 0x19e5, 0x19e5, 0x19e5, 0x19e5, 0x19e5, 0x19e5, 0x19e5, 0x19e5, 0x19e5, 0x19e5, 0x19e5,
    0x19e5, 0x19e5, 0x19e5, 0x19e5, 0x19e5, 0x19e5, 0x19e5, 0x19e5, 0x19e5, 0x19e5, 0x19e5, 0x19e5, 0x19e5, 0x19e5, 0x19e5, 0x19e5,
    0x19e5, 0x21e6, 0x11a4, 0x3aa8, 0xef5b, 0xf7bc, 0xf77c, 0xf79c, 0xf79c, 0xf79c, 0xf79c, 0xf79c, 0xf79c, 0xf79c, 0xf77c, 0xf79c,
    0xfffe, 0xe73b, 0x9d33, 0x534b, 0x2a26, 0x11a4, 0x1184, 0x1184, 0x1184, 0x1184, 0x1184, 0x1184, 0x1184, 0x1184, 0x1184, 0x1184,
    0x1184, 0x1184, 0x1184, 0x1184, 0x1184, 0x1184, 0x1184, 0x1184, 0x1184, 0x1184, 0x1184, 0x1184, 0x1184, 0x1184, 0x1184, 0x1184,
    0x1184, 0x1184, 0x1184, 0x1184, 0x1184, 0x1184, 0x1184, 0x1184, 0x1184, 0x1184, 0x1184, 0x1184, 0x1184, 0x1184, 0x1184, 0x1184,
    0x1184, 0x1184, 0x1184, 0x1184, 0x1184, 0x1184, 0x1184, 0x1184, 0x1184, 0x1184, 0x1184, 0x1184, 0x1184, 0x1184, 0x1184, 0x1184,
    0x1184, 0x1184, 0x1184, 0x1184, 0x1184, 0x1184, 0x1184, 0x1184, 0x1184, 0x1184, 0x1184, 0x1184, 0x1184, 0x1184, 0x1184, 0x1184,
    0x1184, 0x1184, 0x1184, 0x1184, 0x1184, 0x1184, 0x1184, 0x1184, 0x1184, 0x1184, 0x1184, 0x1184, 0x1184, 0x1184, 0x1184, 0x1184,
    0x1184, 0x1184, 0x1184, 0x1184, 0x1184, 0x1184, 0x1184, 0x1184, 0x1184, 0x1184, 0x11a4, 0x2a26, 0x534b, 0x9d53, 0xe73b, 0xfffe,
    0xf79c, 0xf77c, 0xf79c, 0xf79c, 0xf79c, 0xf79c, 0xf79c, 0xf79c, 0xf79c, 0xf77c, 0xf7bc, 0xef5b, 0x3aa8, 0x11a4, 0x21e6, 0x19e5,
    0x19e5, 0x19e5, 0x19e5, 0x19e5, 0x19e5, 0x19e5, 0x19e5, 0x19e5, 0x19e5, 0x19e5, 0x19e5, 0x19e5, 0x19e5, 0x19e5, 0x19e5, 0x19e5,
    0x19e5, 0x19e5, 0x19e5, 0x19e5, 0x19e5, 0x19e5, 0x19e5, 0x19e5, 0x19e5, 0x19e5, 0x19e5, 0x19e5, 0x19e5, 0x19e5, 0x19e5, 0x19e5,
    0x19e5, 0x19e5, 0x19e5, 0x19e5, 0x19e5, 0x19e5, 0x19e5, 0x19e5, 0x19e5, 0x19e5, 0x19e5, 0x19e5, 0x19e5, 0x19e5, 0x19e5, 0x19e5,
    0x19e5, 0x19e5, 0x19e5, 0x19e5, 0x19e5, 0x19e5, 0x19e5, 0x19e5, 0x19e5, 0x19e5, 0x19e5, 0x19e5, 0x19e5, 0x19e5, 0x19e5, 0x19e5,
    0x19e5, 0x19e5, 0x19e5, 0x19e5, 0x19e5, 0x19e5, 0x19e5, 0x19e5, 0x19e5, 0x19e5, 0x19e5, 0x19e5, 0x19e5, 0x19e5, 0x19e5, 0x19e5,
    0x19e5, 0x19e5, 0x19e5, 0x19e5, 0x19e5, 0x19e5, 0x19e5, 0x19e5, 0x19e5, 0x19e5, 0x19e5, 0x19e5, 0x19e5, 0x19e5, 0x19e5, 0x19e5,
    0x19e5, 0x19e5, 0x2206, 0x1184, 0x5b8c, 0xffbd, 0xf79c, 0xf79c, 0xf79c, 0xf79c, 0xf79c, 0xf79c, 0xf79c, 0xf79c, 0xf79c, 0xf79c,
    0xf77c, 0xf7bc, 0xfffe, 0xffdd, 0xdefa, 0xbe16, 0x9d32, 0x8490, 0x7c6f, 0x7c6f, 0x7c6f, 0x7c6f, 0x7c6f, 0x7c6f, 0x7c6f, 0x7c6f,
    0x7c6f, 0x7c6f, 0x7c6f, 0x7c6f, 0x7c6f, 0x7c6f, 0x7c6f, 0x7c6f, 0x7c6f, 0x7c6f, 0x7c6f, 0x7c6f, 0x7c6f, 0x7c6f, 0x7c6f, 0x7c6f,
    0x7c6f, 0x7c6f, 0x7c6f, 0x7c6f, 0x7c6f, 0x7c6f, 0x7c6f, 0x7c6f, 0x7c6f, 0x7c6f, 0x7c6f, 0x7c6f, 0x7c6f, 0x7c6f, 0x7c6f, 0x7c6f,
    0x7c6f, 0x7c6f, 0x7c6f, 0x7c6f, 0x7c6f, 0x7c6f, 0x7c6f, 0x7c6f, 0x7c6f, 0x7c6f, 0x7c6f, 0x7c6f, 0x7c6f, 0x7c6f, 0x7c6f, 0x7c6f,
    0x7c6f, 0x7c6f, 0x7c6f, 0x7c6f, 0x7c6f, 0x7c6f, 0x7c6f, 0x7c6f, 0x7c6f, 0x7c6f, 0x7c6f, 0x7c6f, 0x7c6f, 0x7c6f, 0x7c6f, 0x7c6f,
    0x7c6f, 0x7c6f, 0x7c6f, 0x7c6f, 0x7c6f, 0x7c6f, 0x7c6f, 0x7c6f, 0x7c6f, 0x7c6f, 0x7c6f, 0x7c6f, 0x7c6f, 0x7c6f, 0x7c6f, 0x7c6f,
    0x7c6f, 0x7c6f, 0x7c6f, 0x7c6f, 0x7c6f, 0x7c6f, 0x7c6f, 0x7c6f, 0x8490, 0x9d32, 0xbe16, 0xdf1a, 0xffdd, 0xfffe, 0xf7bc, 0xf77c,
    0xf79c, 0xf79c, 0xf79c, 0xf79c, 0xf79c, 0xf79c, 0xf79c, 0xf79c, 0xf79c, 0xf79c, 0xffbd, 0x5b6c, 0x1184, 0x2206, 0x19e5, 0x19e5,
    0x19e5, 0x19e5, 0x19e5, 0x19e5, 0x19e5, 0x19e5, 0x19e5, 0x19e5, 0x19e5, 0x19e5, 0x19e5, 0x19e5, 0x19e5, 0x19e5, 0x19e5, 0x19e5,
    0x19e5, 0x19e5, 0x19e5, 0x19e5, 0x19e5, 0x19e5, 0x19e5, 0x19e5, 0x19e5, 0x19e5, 0x19e5, 0x19e5, 0x19e5, 0x19e5, 0x19e5, 0x19e5,
    0x19e5, 0x19e5, 0x19e5, 0x19e5, 0x19e5, 0x19e5, 0x19e5, 0x19e5, 0x19e5, 0x19e5, 0x19e5, 0x19e5, 0x19e5, 0x19e5, 0x19e5, 0x19e5,
    0x19e5, 0x19e5, 0x19e5, 0x19e5, 0x19e5, 0x19e5, 0x19e5, 0x19e5, 0x19e5, 0x19e5, 0x19e5, 0x19e5, 0x19e5, 0x19e5, 0x19e5, 0x19e5,
    0x19e5, 0x19e5, 0x19e5, 0x19e5, 0x19e5, 0x19e5, 0x19e5, 0x19e5, 0x19e5, 0x19e5, 0x19e5, 0x19e5, 0x19e5, 0x19e5, 0x19e5, 0x19e5,
    0x19e5, 0x19e5, 0x19e5, 0x19e5, 0x19e5, 0x19e5, 0x19e5, 0x19e5, 0x19e5, 0x19e5, 0x19e5, 0x19e5, 0x19e5, 0x19e5, 0x19e5, 0x19e5,
    0x19e5, 0x19e5, 0x19e5, 0x2206, 0x1184, 0x6c0e, 0xffdd, 0xf79c, 0xf77c, 0xf79c, 0xf79c, 0xf79c, 0xf79c, 0xf79c, 0xf79c, 0xf79c,
    0xf79c, 0xf79c, 0xf77c, 0xf79c, 0xffbd, 0xffdd, 0xfffe, 0xfffe, 0xfffe, 0xfffe, 0xfffe, 0xfffe, 0xfffe, 0xfffe, 0xfffe, 0xfffe,
    0xfffe, 0xfffe, 0xfffe, 0xfffe, 0xfffe, 0xfffe, 0xfffe, 0xfffe, 0xfffe, 0xfffe, 0xfffe, 0xfffe, 0xfffe, 0xfffe, 0xfffe, 0xfffe,
    0xfffe, 0xfffe, 0xfffe, 0xfffe, 0xfffe, 0xfffe, 0xfffe, 0xfffe, 0xfffe, 0xfffe, 0xfffe, 0xfffe, 0xfffe, 0xfffe, 0xfffe, 0xfffe,
    0xfffe, 0xfffe, 0xfffe, 0xfffe, 0xfffe, 0xfffe, 0xfffe, 0xfffe, 0xfffe, 0xfffe, 0xfffe, 0xfffe, 0xfffe, 0xfffe, 0xfffe, 0xfffe,
    0xfffe, 0xfffe, 0xfffe, 0xfffe, 0xfffe, 0xfffe, 0xfffe, 0xfffe, 0xfffe, 0xfffe, 0xfffe, 0xfffe, 0xfffe, 0xfffe, 0xfffe, 0xfffe,
    0xfffe, 0xfffe, 0xfffe, 0xfffe, 0xfffe, 0xfffe, 0xfffe, 0xfffe, 0xfffe, 0xfffe, 0xfffe, 0xfffe, 0xfffe, 0xfffe, 0xfffe, 0xfffe,
    0xfffe, 0xfffe, 0xfffe, 0xfffe, 0xfffe, 0xfffe, 0xfffe, 0xfffe, 0xfffe, 0xfffe, 0xffdd, 0xffbd, 0xf79c, 0xf77c, 0xf79c, 0xf79c,
    0xf79c, 0xf79c, 0xf79c, 0xf79c, 0xf79c, 0xf79c, 0xf79c, 0xf77c, 0xf79c, 0xffdd, 0x6bee, 0x1184, 0x2206, 0x19e5, 0x19e5, 0x19e5,
    0x19e5, 0x19e5, 0x19e5, 0x19e5, 0x19e5, 0x19e5, 0x19e5, 0x19e5, 0x19e5, 0x19e5, 0x19e5, 0x19e5, 0x19e5, 0x19e5, 0x19e5, 0x19e5,
    0x19e5, 0x19e5, 0x19e5, 0x19e5, 0x19e5, 0x19e5, 0x19e5, 0x19e5, 0x19e5, 0x19e5, 0x19e5, 0x19e5, 0x19e5, 0x19e5, 0x19e5, 0x19e5,
    0x19e5, 0x19e5, 0x19e5, 0x19e5, 0x19e5, 0x19e5, 0x19e5, 0x19e5, 0x19e5, 0x19e5, 0x19e5, 0x19e5, 0x19e5, 0x19e5, 0x19e5, 0x19e5,
    0x19e5, 0x19e5, 0x19e5, 0x19e5, 0x19e5, 0x19e5, 0x19e5, 0x19e5, 0x19e5, 0x19e5, 0x19e5, 0x19e5, 0x19e5, 0x19e5, 0x19e5, 0x19e5,
    0x19e5, 0x19e5, 0x19e5, 0x19e5, 0x19e5, 0x19e5, 0x19e5, 0x19e5, 0x19e5, 0x19e5, 0x19e5, 0x19e5, 0x19e5, 0x19e5, 0x19e5, 0x19e5,
    0x19e5, 0x19e5, 0x19e5, 0x19e5, 0x19e5, 0x19e5, 0x19e5, 0x19e5, 0x19e5, 0x19e5, 0x19e5, 0x19e5, 0x19e5, 0x19e5, 0x19e5, 0x19e5,
    0x19e5, 0x19e5, 0x19e5, 0x19e5, 0x2206, 0x1184, 0x6bee, 0xffbd, 0xf7bc, 0xf77c, 0xf79c, 0xf79c, 0xf79c, 0xf79c, 0xf79c, 0xf79c,
    0xf79c, 0xf79c, 0xf79c, 0xf79c, 0xf79c, 0xf77c, 0xf77c, 0xf77c, 0xf77c, 0xf77c, 0xf77c, 0xf77c, 0xf77c, 0xf77c, 0xf77c, 0xf77c,
    0xf77c, 0xf77c, 0xf77c, 0xf77c, 0xf77c, 0xf77c, 0xf77c, 0xf77c, 0xf77c, 0xf77c, 0xf77c, 0xf77c, 0xf77c, 0xf77c, 0xf77c, 0xf77c,
    0xf77c, 0xf77c, 0xf77c, 0xf77c, 0xf77c, 0xf77c, 0xf77c, 0xf77c, 0xf77c, 0xf77c, 0xf77c, 0xf77c, 0xf77c, 0xf77c, 0xf77c, 0xf77c,
    0xf77c, 0xf77c, 0xf77c, 0xf77c, 0xf77c, 0xf77c, 0xf77c, 0xf77c, 0xf77c, 0xf77c, 0xf77c, 0xf77c, 0xf77c, 0xf77c, 0xf77c, 0xf77c,
    0xf77c, 0xf77c, 0xf77c, 0xf77c, 0xf77c, 0xf77c, 0xf77c, 0xf77c, 0xf77c, 0xf77c, 0xf77c, 0xf77c, 0xf77c, 0xf77c, 0xf77c, 0xf77c,
    0xf77c, 0xf77c, 0xf77c, 0xf77c, 0xf77c, 0xf77c, 0xf77c, 0xf77c, 0xf77c, 0xf77c, 0xf77c, 0xf77c, 0xf77c, 0xf77c, 0xf77c, 0xf77c,
    0xf77c, 0xf77c, 0xf77c, 0xf77c, 0xf77c, 0xf77c, 0xf77c, 0xf77c, 0xf77c, 0xf77c, 0xf77c, 0xf79c, 0xf79c, 0xf79c, 0xf79c, 0xf79c,
    0xf79c, 0xf79c, 0xf79c, 0xf79c, 0xf79c, 0xf79c, 0xf77c, 0xf7bc, 0xffbd, 0x6bee, 0x1184, 0x2206, 0x19e5, 0x19e5, 0x19e5, 0x19e5,
    0x19e5, 0x19e5, 0x19e5, 0x19e5, 0x19e5, 0x19e5, 0x19e5, 0x19e5, 0x19e5, 0x19e5, 0x19e5, 0x19e5, 0x19e5, 0x19e5, 0x19e5, 0x19e5,
    0x19e5, 0x19e5, 0x19e5, 0x19e5, 0x19e5, 0x19e5, 0x19e5, 0x19e5, 0x19e5, 0x19e5, 0x19e5, 0x19e5, 0x19e5, 0x19e5, 0x19e5, 0x19e5,
    0x19e5, 0x19e5, 0x19e5, 0x19e5, 0x19e5, 0x19e5, 0x19e5, 0x19e5, 0x19e5, 0x19e5, 0x19e5, 0x19e5, 0x19e5, 0x19e5, 0x19e5, 0x19e5,
    0x19e5, 0x19e5, 0x19e5, 0x19e5, 0x19e5, 0x19e5, 0x19e5, 0x19e5, 0x19e5, 0x19e5, 0x19e5, 0x19e5, 0x19e5, 0x19e5, 0x19e5, 0x19e5,
    0x19e5, 0x19e5, 0x19e5, 0x19e5, 0x19e5, 0x19e5, 0x19e5, 0x19e5, 0x19e5, 0x19e5, 0x19e5, 0x19e5, 0x19e5, 0x19e5, 0x19e5, 0x19e5,
    0x19e5, 0x19e5, 0x19e5, 0x19e5, 0x19e5, 0x19e5, 0x19e5, 0x19e5, 0x19e5, 0x19e5, 0x19e5, 0x19e5, 0x19e5, 0x19e5, 0x19e5, 0x19e5,
    0x19e5, 0x19e5, 0x19e5, 0x19e5, 0x19e5, 0x2206, 0x1184, 0x5b8c, 0xef5b, 0xffdd, 0xef7c, 0xf79c, 0xf79c, 0xf79c, 0xf79c, 0xf79c,
    0xf79c, 0xf79c, 0xf79c, 0xf79c, 0xf79c, 0xf79c, 0xf79c, 0xf79c, 0xf79c, 0xf79c, 0xf79c, 0xf79c, 0xf79c, 0xf79c, 0xf79c, 0xf79c,
    0xf79c, 0xf79c, 0xf79c, 0xf79c, 0xf79c, 0xf79c, 0xf79c, 0xf79c, 0xf79c, 0xf79c, 0xf79c, 0xf79c, 0xf79c, 0xf79c, 0xf79c, 0xf79c,
    0xf79c, 0xf79c, 0xf79c, 0xf79c, 0xf79c, 0xf79c, 0xf79c, 0xf79c, 0xf79c, 0xf79c, 0xf79c, 0xf79c, 0xf79c, 0xf79c, 0xf79c, 0xf79c,
    0xf79c, 0xf79c, 0xf79c, 0xf79c, 0xf79c, 0xf79c, 0xf79c, 0xf79c, 0xf79c, 0xf79c, 0xf79c, 0xf79c, 0xf79c, 0xf79c, 0xf79c, 0xf79c,
    0xf79c, 0xf79c, 0xf79c, 0xf79c, 0xf79c, 0xf79c, 0xf79c, 0xf79c, 0xf79c, 0xf79c, 0xf79c, 0xf79c, 0xf79c, 0xf79c, 0xf79c, 0xf79c,
    0xf79c, 0xf79c, 0xf79c, 0xf79c, 0xf79c, 0xf79c, 0xf79c, 0xf79c, 0xf79c, 0xf79c, 0xf79c, 0xf79c, 0xf79c, 0xf79c, 0xf79c, 0xf79c,
    0xf79c, 0xf79c, 0xf79c, 0xf79c, 0xf79c, 0xf79c, 0xf79c, 0xf79c, 0xf79c, 0xf79c, 0xf79c, 0xf79c, 0xf79c, 0xf79c, 0xf79c, 0xf79c,
    0xf79c, 0xf79c, 0xf79c, 0xf79c, 0xf79c, 0xef7c, 0xffdd, 0xef5b, 0x5b6c, 0x1184, 0x2206, 0x19e5, 0x19e5, 0x19e5, 0x19e5, 0x19e5,
    0x19e5, 0x19e5, 0x19e5, 0x19e5, 0x19e5, 0x19e5, 0x19e5, 0x19e5, 0x19e5, 0x19e5, 0x19e5, 0x19e5, 0x19e5, 0x19e5, 0x19e5, 0x19e5,
    0x19e5, 0x19e5, 0x19e5, 0x19e5, 0x19e5, 0x19e5, 0x19e5, 0x19e5, 0x19e5, 0x19e5, 0x19e5, 0x19e5, 0x19e5, 0x19e5, 0x19e5, 0x19e5,
    0x19e5, 0x19e5, 0x19e5, 0x19e5, 0x19e5, 0x19e5, 0x19e5, 0x19e5, 0x19e5, 0x19e5, 0x19e5, 0x19e5, 0x19e5, 0x19e5, 0x19e5, 0x19e5,
    0x19e5, 0x19e5, 0x19e5, 0x19e5, 0x19e5, 0x19e5, 0x19e5, 0x19e5, 0x19e5, 0x19e5, 0x19e5, 0x19e5, 0x19e5, 0x19e5, 0x19e5, 0x19e5,
    0x19e5, 0x19e5, 0x19e5, 0x19e5, 0x19e5, 0x19e5, 0x19e5, 0x19e5, 0x19e5, 0x19e5, 0x19e5, 0x19e5, 0x19e5, 0x19e5, 0x19e5, 0x19e5,
    0x19e5, 0x19e5, 0x19e5, 0x19e5, 0x19e5, 0x19e5, 0x19e5, 0x19e5, 0x19e5, 0x19e5, 0x19e5, 0x19e5, 0x19e5, 0x19e5, 0x19e5, 0x19e5,
    0x19e5, 0x19e5, 0x19e5, 0x19e5, 0x19e5, 0x19e5, 0x2206, 0x1184, 0x3aa8, 0xce77, 0xfffe, 0xf79c, 0xf77c, 0xf79c, 0xf79c, 0xf79c,
    0xf79c, 0xf79c, 0xf79c, 0xf79c, 0xf79c, 0xf79c, 0xf79c, 0xf79c, 0xf79c, 0xf79c, 0xf79c, 0xf79c, 0xf79c, 0xf79c, 0xf79c, 0xf79c,
    0xf79c, 0xf79c, 0xf79c, 0xf79c, 0xf79c, 0xf79c, 0xf79c, 0xf79c, 0xf79c, 0xf79c, 0xf79c, 0xf79c, 0xf79c, 0xf79c, 0xf79c, 0xf79c,
    0xf79c, 0xf79c, 0xf79c, 0xf79c, 0xf79c, 0xf79c, 0xf79c, 0xf79c, 0xf79c, 0xf79c, 0xf79c, 0xf79c, 0xf79c, 0xf79c, 0xf79c, 0xf79c,
    0xf79c, 0xf79c, 0xf79c, 0xf79c, 0xf79c, 0xf79c, 0xf79c, 0xf79c, 0xf79c, 0xf79c, 0xf79c, 0xf79c, 0xf79c, 0xf79c, 0xf79c, 0xf79c,
    0xf79c, 0xf79c, 0xf79c, 0xf79c, 0xf79c, 0xf79c, 0xf79c, 0xf79c, 0xf79c, 0xf79c, 0xf79c, 0xf79c, 0xf79c, 0xf79c, 0xf79c, 0xf79c,
    0xf79c, 0xf79c, 0xf79c, 0xf79c, 0xf79c, 0xf79c, 0xf79c, 0xf79c, 0xf79c, 0xf79c, 0xf79c, 0xf79c, 0xf79c, 0xf79c, 0xf79c, 0xf79c,
    0xf79c, 0xf79c, 0xf79c, 0xf79c, 0xf79c, 0xf79c, 0xf79c, 0xf79c, 0xf79c, 0xf79c, 0xf79c, 0xf79c, 0xf79c, 0xf79c, 0xf79c, 0xf79c,
    0xf79c, 0xf79c, 0xf79c, 0xf77c, 0xf79c, 0xfffe, 0xce77, 0x3aa8, 0x1184, 0x2206, 0x19e5, 0x19e5, 0x19e5, 0x19e5, 0x19e5, 0x19e5,
    0x19e5, 0x19e5, 0x19e5, 0x19e5, 0x19e5, 0x19e5, 0x19e5, 0x19e5, 0x19e5, 0x19e5, 0x19e5, 0x19e5, 0x19e5, 0x19e5, 0x19e5, 0x19e5,
    0x19e5, 0x19e5, 0x19e5, 0x19e5, 0x19e5, 0x19e5, 0x19e5, 0x19e5, 0x19e5, 0x19e5, 0x19e5, 0x19e5, 0x19e5, 0x19e5, 0x19e5, 0x19e5,
    0x19e5, 0x19e5, 0x19e5, 0x19e5, 0x19e5, 0x19e5, 0x19e5, 0x19e5, 0x19e5, 0x19e5, 0x19e5, 0x19e5, 0x19e5, 0x19e5, 0x19e5, 0x19e5,
    0x19e5, 0x19e5, 0x19e5, 0x19e5, 0x19e5, 0x19e5, 0x19e5, 0x19e5, 0x19e5, 0x19e5, 0x19e5, 0x19e5, 0x19e5, 0x19e5, 0x19e5, 0x19e5,
    0x19e5, 0x19e5, 0x19e5, 0x19e5, 0x19e5, 0x19e5, 0x19e5, 0x19e5, 0x19e5, 0x19e5, 0x19e5, 0x19e5, 0x19e5, 0x19e5, 0x19e5, 0x19e5,
    0x19e5, 0x19e5, 0x19e5, 0x19e5, 0x19e5, 0x19e5, 0x19e5, 0x19e5, 0x19e5, 0x19e5, 0x19e5, 0x19e5, 0x19e5, 0x19e5, 0x19e5, 0x19e5,
    0x19e5, 0x19e5, 0x19e5, 0x19e5, 0x19e5, 0x19e5, 0x19e5, 0x2206, 0x11a4, 0x19c5, 0x8cb1, 0xf77c, 0xfffe, 0xf79c, 0xf77c, 0xf79c,
    0xf79c, 0xf79c, 0xf79c, 0xf79c, 0xf79c, 0xf79c, 0xf79c, 0xf79c, 0xf79c, 0xf79c, 0xf79c, 0xf79c, 0xf79c, 0xf79c, 0xf79c, 0xf79c,
    0xf79c, 0xf79c, 0xf79c, 0xf79c, 0xf79c, 0xf79c, 0xf79c, 0xf79c, 0xf79c, 0xf79c, 0xf79c, 0xf79c, 0xf79c, 0xf79c, 0xf79c, 0xf79c,
    0xf79c, 0xf79c, 0xf79c, 0xf79c, 0xf79c, 0xf79c, 0xf79c, 0xf79c, 0xf79c, 0xf79c, 0xf79c, 0xf79c, 0xf79c, 0xf79c, 0xf79c, 0xf79c,
    0xf79c, 0xf79c, 0xf79c, 0xf79c, 0xf79c, 0xf79c, 0xf79c, 0xf79c, 0xf79c, 0xf79c, 0xf79c, 0xf79c, 0xf79c, 0xf79c, 0xf79c, 0xf79c,
    0xf79c, 0xf79c, 0xf79c, 0xf79c, 0xf79c, 0xf79c, 0xf79c, 0xf79c, 0xf79c, 0xf79c, 0xf79c, 0xf79c, 0xf79c, 0xf79c, 0xf79c, 0xf79c,
    0xf79c, 0xf79c, 0xf79c, 0xf79c, 0xf79c, 0xf79c, 0xf79c, 0xf79c, 0xf79c, 0xf79c, 0xf79c, 0xf79c, 0xf79c, 0xf79c, 0xf79c, 0xf79c,
    0xf79c, 0xf79c, 0xf79c, 0xf79c, 0xf79c, 0xf79c, 0xf79c, 0xf79c, 0xf79c, 0xf79c, 0xf79c, 0xf79c, 0xf79c, 0xf79c, 0xf79c, 0xf79c,
    0xf79c, 0xf77c, 0xf79c, 0xfffe, 0xf77c, 0x8cb1, 0x19c5, 0x11a4, 0x2206, 0x19e5, 0x19e5, 0x19e5, 0x19e5, 0x19e5, 0x19e5, 0x19e5,
    0x19e5, 0x19e5, 0x19e5, 0x19e5, 0x19e5, 0x19e5, 0x19e5, 0x19e5, 0x19e5, 0x19e5, 0x19e5, 0x19e5, 0x19e5, 0x19e5, 0x19e5, 0x19e5,
    0x19e5, 0x19e5, 0x19e5, 0x19e5, 0x19e5, 0x19e5, 0x19e5, 0x19e5, 0x19e5, 0x19e5, 0x19e5, 0x19e5, 0x19e5, 0x19e5, 0x19e5, 0x19e5,
    0x19e5, 0x19e5, 0x19e5, 0x19e5, 0x19e5, 0x19e5, 0x19e5, 0x19e5, 0x19e5, 0x19e5, 0x19e5, 0x19e5, 0x19e5, 0x19e5, 0x19e5, 0x19e5,
    0x19e5, 0x19e5, 0x19e5, 0x19e5, 0x19e5, 0x19e5, 0x19e5, 0x19e5, 0x19e5, 0x19e5, 0x19e5, 0x19e5, 0x19e5, 0x19e5, 0x19e5, 0x19e5,
    0x19e5, 0x19e5, 0x19e5, 0x19e5, 0x19e5, 0x19e5, 0x19e5, 0x19e5, 0x19e5, 0x19e5, 0x19e5, 0x19e5, 0x19e5, 0x19e5, 0x19e5, 0x19e5,
    0x19e5, 0x19e5, 0x19e5, 0x19e5, 0x19e5, 0x19e5, 0x19e5, 0x19e5, 0x19e5, 0x19e5, 0x19e5, 0x19e5, 0x19e5, 0x19e5, 0x19e5, 0x19e5,
    0x19e5, 0x19e5, 0x19e5, 0x19e5, 0x19e5, 0x19e5, 0x19e5, 0x19e5, 0x21e6, 0x19e5, 0x1184, 0x3aa9, 0xad94, 0xf79c, 0xfffe, 0xf7bc,
    0xf77c, 0xf77c, 0xf79c, 0xf79c, 0xf79c, 0xf79c, 0xf79c, 0xf79c, 0xf79c, 0xf79c, 0xf79c, 0xf79c, 0xf79c, 0xf79c, 0xf79c, 0xf79c,
    0xf79c, 0xf79c, 0xf79c, 0xf79c, 0xf79c, 0xf79c, 0xf79c, 0xf79c, 0xf79c, 0xf79c, 0xf79c, 0xf79c, 0xf79c, 0xf79c, 0xf79c, 0xf79c,
    0xf79c, 0xf79c, 0xf79c, 0xf79c, 0xf79c, 0xf79c, 0xf79c, 0xf79c, 0xf79c, 0xf79c, 0xf79c, 0xf79c, 0xf79c, 0xf79c, 0xf79c, 0xf79c,
    0xf79c, 0xf79c, 0xf79c, 0xf79c, 0xf79c, 0xf79c, 0xf79c, 0xf79c, 0xf79c, 0xf79c, 0xf79c, 0xf79c, 0xf79c, 0xf79c, 0xf79c, 0xf79c,
    0xf79c, 0xf79c, 0xf79c, 0xf79c, 0xf79c, 0xf79c, 0xf79c, 0xf79c, 0xf79c, 0xf79c, 0xf79c, 0xf79c, 0xf79c, 0xf79c, 0xf79c, 0xf79c,
    0xf79c, 0xf79c, 0xf79c, 0xf79c, 0xf79c, 0xf79c, 0xf79c, 0xf79c, 0xf79c, 0xf79c, 0xf79c, 0xf79c, 0xf79c, 0xf79c, 0xf79c, 0xf79c,
    0xf79c, 0xf79c, 0xf79c, 0xf79c, 0xf79c, 0xf79c, 0xf79c, 0xf79c, 0xf79c, 0xf79c, 0xf79c, 0xf79c, 0xf79c, 0xf79c, 0xf77c, 0xf77c,
    0xf7bc, 0xfffe, 0xf79c, 0xad94, 0x3aa9, 0x1184, 0x19e5, 0x21e6, 0x19e5, 0x19e5, 0x19e5, 0x19e5, 0x19e5, 0x19e5, 0x19e5, 0x19e5,
    0x19e5, 0x19e5, 0x19e5, 0x19e5, 0x19e5, 0x19e5, 0x19e5, 0x19e5, 0x19e5, 0x19e5, 0x19e5, 0x19e5, 0x19e5, 0x19e5, 0x19e5, 0x19e5,
    0x19e5, 0x19e5, 0x19e5, 0x19e5, 0x19e5, 0x19e5, 0x19e5, 0x19e5, 0x19e5, 0x19e5, 0x19e5, 0x19e5, 0x19e5, 0x19e5, 0x19e5, 0x19e5,
    0x19e5, 0x19e5, 0x19e5, 0x19e5, 0x19e5, 0x19e5, 0x19e5, 0x19e5, 0x19e5, 0x19e5, 0x19e5, 0x19e5, 0x19e5, 0x19e5, 0x19e5, 0x19e5,
    0x19e5, 0x19e5, 0x19e5, 0x19e5, 0x19e5, 0x19e5, 0x19e5, 0x19e5, 0x19e5, 0x19e5, 0x19e5, 0x19e5, 0x19e5, 0x19e5, 0x19e5, 0x19e5,
    0x19e5, 0x19e5, 0x19e5, 0x19e5, 0x19e5, 0x19e5, 0x19e5, 0x19e5, 0x19e5, 0x19e5, 0x19e5, 0x19e5, 0x19e5, 0x19e5, 0x19e5, 0x19e5,
    0x19e5, 0x19e5, 0x19e5, 0x19e5, 0x19e5, 0x19e5, 0x19e5, 0x19e5, 0x19e5, 0x19e5, 0x19e5, 0x19e5, 0x19e5, 0x19e5, 0x19e5, 0x19e5,
    0x19e5, 0x19e5, 0x19e5, 0x19e5, 0x19e5, 0x19e5, 0x19e5, 0x19e5, 0x19e5, 0x21e5, 0x2206, 0x19a5, 0x1184, 0x42e9, 0x9d53, 0xe73a,
    0xfffd, 0xfffe, 0xffbd, 0xf79c, 0xf77c, 0xf77c, 0xf77c, 0xf77c, 0xf77c, 0xf77c, 0xf77c, 0xf77c, 0xf77c, 0xf77c, 0xf77c, 0xf77c,
    0xf77c, 0xf77c, 0xf77c, 0xf77c, 0xf77c, 0xf77c, 0xf77c, 0xf77c, 0xf77c, 0xf77c, 0xf77c, 0xf77c, 0xf77c, 0xf77c, 0xf77c, 0xf77c,
    0xf77c, 0xf77c, 0xf77c, 0xf77c, 0xf77c, 0xf77c, 0xf77c, 0xf77c, 0xf77c, 0xf77c, 0xf77c, 0xf77c, 0xf77c, 0xf77c, 0xf77c, 0xf77c,
    0xf77c, 0xf77c, 0xf77c, 0xf77c, 0xf77c, 0xf77c, 0xf77c, 0xf77c, 0xf77c, 0xf77c, 0xf77c, 0xf77c, 0xf77c, 0xf77c, 0xf77c, 0xf77c,
    0xf77c, 0xf77c, 0xf77c, 0xf77c, 0xf77c, 0xf77c, 0xf77c, 0xf77c, 0xf77c, 0xf77c, 0xf77c, 0xf77c, 0xf77c, 0xf77c, 0xf77c, 0xf77c,
    0xf77c, 0xf77c, 0xf77c, 0xf77c, 0xf77c, 0xf77c, 0xf77c, 0xf77c, 0xf77c, 0xf77c, 0xf77c, 0xf77c, 0xf77c, 0xf77c, 0xf77c, 0xf77c,
    0xf77c, 0xf77c, 0xf77c, 0xf77c, 0xf77c, 0xf77c, 0xf77c, 0xf77c, 0xf77c, 0xf77c, 0xf77c, 0xf77c, 0xf79c, 0xffbd, 0xfffe, 0xfffd,
    0xe73a, 0x9d53, 0x42e9, 0x1184, 0x19a5, 0x2206, 0x21e5, 0x19e5, 0x19e5, 0x19e5, 0x19e5, 0x19e5, 0x19e5, 0x19e5, 0x19e5, 0x19e5,
    0x19e5, 0x19e5, 0x19e5, 0x19e5, 0x19e5, 0x19e5, 0x19e5, 0x19e5, 0x19e5, 0x19e5, 0x19e5, 0x19e5, 0x19e5, 0x19e5, 0x19e5, 0x19e5,
    0x19e5, 0x19e5, 0x19e5, 0x19e5, 0x19e5, 0x19e5, 0x19e5, 0x19e5, 0x19e5, 0x19e5, 0x19e5, 0x19e5, 0x19e5, 0x19e5, 0x19e5, 0x19e5,
    0x19e5, 0x19e5, 0x19e5, 0x19e5, 0x19e5, 0x19e5, 0x19e5, 0x19e5, 0x19e5, 0x19e5, 0x19e5, 0x19e5, 0x19e5, 0x19e5, 0x19e5, 0x19e5,
    0x19e5, 0x19e5, 0x19e5, 0x19e5, 0x19e5, 0x19e5, 0x19e5, 0x19e5, 0x19e5, 0x19e5, 0x19e5, 0x19e5, 0x19e5, 0x19e5, 0x19e5, 0x19e5,
    0x19e5, 0x19e5, 0x19e5, 0x19e5, 0x19e5, 0x19e5, 0x19e5, 0x19e5, 0x19e5, 0x19e5, 0x19e5, 0x19e5, 0x19e5, 0x19e5, 0x19e5, 0x19e5,
    0x19e5, 0x19e5, 0x19e5, 0x19e5, 0x19e5, 0x19e5, 0x19e5, 0x19e5, 0x19e5, 0x19e5, 0x19e5, 0x19e5, 0x19e5, 0x19e5, 0x19e5, 0x19e5,
    0x19e5, 0x19e5, 0x19e5, 0x19e5, 0x19e5, 0x19e5, 0x19e5, 0x19e5, 0x19e5, 0x19e5, 0x19e5, 0x21e6, 0x21e6, 0x11a4, 0x1184, 0x2a47,
    0x6bed, 0xad94, 0xded9, 0xf79c, 0xffdd, 0xfffe, 0xfffe, 0xfffe, 0xfffe, 0xfffe, 0xfffe, 0xfffe, 0xfffe, 0xfffe, 0xfffe, 0xfffe,
    0xfffe, 0xfffe, 0xfffe, 0xfffe, 0xfffe, 0xfffe, 0xfffe, 0xfffe, 0xfffe, 0xfffe, 0xfffe, 0xfffe, 0xfffe, 0xfffe, 0xfffe, 0xfffe,
    0xfffe, 0xfffe, 0xfffe, 0xfffe, 0xfffe, 0xfffe, 0xfffe, 0xfffe, 0xfffe, 0xfffe, 0xfffe, 0xfffe, 0xfffe, 0xfffe, 0xfffe, 0xfffe,
    0xfffe, 0xfffe, 0xfffe, 0xfffe, 0xfffe, 0xfffe, 0xfffe, 0xfffe, 0xfffe, 0xfffe, 0xfffe, 0xfffe, 0xfffe, 0xfffe, 0xfffe, 0xfffe,
    0xfffe, 0xfffe, 0xfffe, 0xfffe, 0xfffe, 0xfffe, 0xfffe, 0xfffe, 0xfffe, 0xfffe, 0xfffe, 0xfffe, 0xfffe, 0xfffe, 0xfffe, 0xfffe,
    0xfffe, 0xfffe, 0xfffe, 0xfffe, 0xfffe, 0xfffe, 0xfffe, 0xfffe, 0xfffe, 0xfffe, 0xfffe, 0xfffe, 0xfffe, 0xfffe, 0xfffe, 0xfffe,
    0xfffe, 0xfffe, 0xfffe, 0xfffe, 0xfffe, 0xfffe, 0xfffe, 0xfffe, 0xfffe, 0xfffe, 0xfffe, 0xffdd, 0xf79c, 0xded9, 0xad94, 0x6bcd,
    0x2a47, 0x1184, 0x11a4, 0x21e6, 0x21e6, 0x19e5, 0x19e5, 0x19e5, 0x19e5, 0x19e5, 0x19e5, 0x19e5, 0x19e5, 0x19e5, 0x19e5, 0x19e5,
    0x19e5, 0x19e5, 0x19e5, 0x19e5, 0x19e5, 0x19e5, 0x19e5, 0x19e5, 0x19e5, 0x19e5, 0x19e5, 0x19e5, 0x19e5, 0x19e5, 0x19e5, 0x19e5,
    0x19e5, 0x19e5, 0x19e5, 0x19e5, 0x19e5, 0x19e5, 0x19e5, 0x19e5, 0x19e5, 0x19e5, 0x19e5, 0x19e5, 0x19e5, 0x19e5, 0x19e5, 0x19e5,
    0x19e5, 0x19e5, 0x19e5, 0x19e5, 0x19e5, 0x19e5, 0x19e5, 0x19e5, 0x19e5, 0x19e5, 0x19e5, 0x19e5, 0x19e5, 0x19e5, 0x19e5, 0x19e5,
    0x19e5, 0x19e5, 0x19e5, 0x19e5, 0x19e5, 0x19e5, 0x19e5, 0x19e5, 0x19e5, 0x19e5, 0x19e5, 0x19e5, 0x19e5, 0x19e5, 0x19e5, 0x19e5,
    0x19e5, 0x19e5, 0x19e5, 0x19e5, 0x19e5, 0x19e5, 0x19e5, 0x19e5, 0x19e5, 0x19e5, 0x19e5, 0x19e5, 0x19e5, 0x19e5, 0x19e5, 0x19e5,
    0x19e5, 0x19e5, 0x19e5, 0x19e5, 0x19e5, 0x19e5, 0x19e5, 0x19e5, 0x19e5, 0x19e5, 0x19e5, 0x19e5, 0x19e5, 0x19e5, 0x19e5, 0x19e5,
    0x19e5, 0x19e5, 0x19e5, 0x19e5, 0x19e5, 0x19e5, 0x19e5, 0x19e5, 0x19e5, 0x19e5, 0x19e5, 0x19e5, 0x19e5, 0x21e6, 0x2206, 0x19c5,
    0x1184, 0x1184, 0x2206, 0x42c9, 0x63ad, 0x8490, 0x9512, 0xa574, 0xad94, 0xad94, 0xad94, 0xad94, 0xad94, 0xad94, 0xad94, 0xad94,
    0xad94, 0xad94, 0xad94, 0xad94, 0xad94, 0xad94, 0xad94, 0xad94, 0xad94, 0xad94, 0xad94, 0xad94, 0xad94, 0xad94, 0xad94, 0xad94,
    0xad94, 0xad94, 0xad94, 0xad94, 0xad94, 0xad94, 0xad94, 0xad94, 0xad94, 0xad94, 0xad94, 0xad94, 0xad94, 0xad94, 0xad94, 0xad94,
    0xad94, 0xad94, 0xad94, 0xad94, 0xad94, 0xad94, 0xad94, 0xad94, 0xad94, 0xad94, 0xad94, 0xad94, 0xad94, 0xad94, 0xad94, 0xad94,
    0xad94, 0xad94, 0xad94, 0xad94, 0xad94, 0xad94, 0xad94, 0xad94, 0xad94, 0xad94, 0xad94, 0xad94, 0xad94, 0xad94, 0xad94, 0xad94,
    0xad94, 0xad94, 0xad94, 0xad94, 0xad94, 0xad94, 0xad94, 0xad94, 0xad94, 0xad94, 0xad94, 0xad94, 0xad94, 0xad94, 0xad94, 0xad94,
    0xad94, 0xad94, 0xad94, 0xad94, 0xad94, 0xad94, 0xad94, 0xad94, 0xa574, 0x9512, 0x8490, 0x63ad, 0x42c9, 0x2206, 0x1184, 0x1184,
    0x19c5, 0x2206, 0x21e6, 0x19e5, 0x19e5, 0x19e5, 0x19e5, 0x19e5, 0x19e5, 0x19e5, 0x19e5, 0x19e5, 0x19e5, 0x19e5, 0x19e5, 0x19e5,
    0x19e5, 0x19e5, 0x19e5, 0x19e5, 0x19e5, 0x19e5, 0x19e5, 0x19e5, 0x19e5, 0x19e5, 0x19e5, 0x19e5, 0x19e5, 0x19e5, 0x19e5, 0x19e5,
    0x19e5, 0x19e5, 0x19e5, 0x19e5, 0x19e5, 0x19e5, 0x19e5, 0x19e5, 0x19e5, 0x19e5, 0x19e5, 0x19e5, 0x19e5, 0x19e5, 0x19e5, 0x19e5,
    0x19e5, 0x19e5, 0x19e5, 0x19e5, 0x19e5, 0x19e5, 0x19e5, 0x19e5, 0x19e5, 0x19e5, 0x19e5, 0x19e5, 0x19e5, 0x19e5, 0x19e5, 0x19e5,
    0x19e5, 0x19e5, 0x19e5, 0x19e5, 0x19e5, 0x19e5, 0x19e5, 0x19e5, 0x19e5, 0x19e5, 0x19e5, 0x19e5, 0x19e5, 0x19e5, 0x19e5, 0x19e5,
    0x19e5, 0x19e5, 0x19e5, 0x19e5, 0x19e5, 0x19e5, 0x19e5, 0x19e5, 0x19e5, 0x19e5, 0x19e5, 0x19e5, 0x19e5, 0x19e5, 0x19e5, 0x19e5,
    0x19e5, 0x19e5, 0x19e5, 0x19e5, 0x19e5, 0x19e5, 0x19e5, 0x19e5, 0x19e5, 0x19e5, 0x19e5, 0x19e5, 0x19e5, 0x19e5, 0x19e5, 0x19e5,
    0x19e5, 0x19e5, 0x19e5, 0x19e5, 0x19e5, 0x19e5, 0x19e5, 0x19e5, 0x19e5, 0x19e5, 0x19e5, 0x19e5, 0x19e5, 0x19e5, 0x19e5, 0x21e5,
    0x2206, 0x21e6, 0x19e5, 0x11a4, 0x1184, 0x1184, 0x1184, 0x1184, 0x1184, 0x1184, 0x1184, 0x1184, 0x1184, 0x1184, 0x1184, 0x1184,
    0x1184, 0x1184, 0x1184, 0x1184, 0x1184, 0x1184, 0x1184, 0x1184, 0x1184, 0x1184, 0x1184, 0x1184, 0x1184, 0x1184, 0x1184, 0x1184,
    0x1184, 0x1184, 0x1184, 0x1184, 0x1184, 0x1184, 0x1184, 0x1184, 0x1184, 0x1184, 0x1184, 0x1184, 0x1184, 0x1184, 0x1184, 0x1184,
    0x1184, 0x1184, 0x1184, 0x1184, 0x1184, 0x1184, 0x1184, 0x1184, 0x1184, 0x1184, 0x1184, 0x1184, 0x1184, 0x1184, 0x1184, 0x1184,
    0x1184, 0x1184, 0x1184, 0x1184, 0x1184, 0x1184, 0x1184, 0x1184, 0x1184, 0x1184, 0x1184, 0x1184, 0x1184, 0x1184, 0x1184, 0x1184,
    0x1184, 0x1184, 0x1184, 0x1184, 0x1184, 0x1184, 0x1184, 0x1184, 0x1184, 0x1184, 0x1184, 0x1184, 0x1184, 0x1184, 0x1184, 0x1184,
    0x1184, 0x1184, 0x1184, 0x1184, 0x1184, 0x1184, 0x1184, 0x1184, 0x1184, 0x1184, 0x1184, 0x1184, 0x11a4, 0x19e5, 0x21e6, 0x2206,
    0x21e5, 0x19e5, 0x19e5, 0x19e5, 0x19e5, 0x19e5, 0x19e5, 0x19e5, 0x19e5, 0x19e5, 0x19e5, 0x19e5, 0x19e5, 0x19e5, 0x19e5, 0x19e5,
    0x19e5, 0x19e5, 0x19e5, 0x19e5, 0x19e5, 0x19e5, 0x19e5, 0x19e5, 0x19e5, 0x19e5, 0x19e5, 0x19e5, 0x19e5, 0x19e5, 0x19e5, 0x19e5,
    0x19e5, 0x19e5, 0x19e5, 0x19e5, 0x19e5, 0x19e5, 0x19e5, 0x19e5, 0x19e5, 0x19e5, 0x19e5, 0x19e5, 0x19e5, 0x19e5, 0x19e5, 0x19e5,
    0x19e5, 0x19e5, 0x19e5, 0x19e5, 0x19e5, 0x19e5, 0x19e5, 0x19e5, 0x19e5, 0x19e5, 0x19e5, 0x19e5, 0x19e5, 0x19e5, 0x19e5, 0x19e5,
    0x19e5, 0x19e5, 0x19e5, 0x19e5, 0x19e5, 0x19e5, 0x19e5, 0x19e5, 0x19e5, 0x19e5, 0x19e5, 0x19e5, 0x19e5, 0x19e5, 0x19e5, 0x19e5,
    0x19e5, 0x19e5, 0x19e5, 0x19e5, 0x19e5, 0x19e5, 0x19e5, 0x19e5, 0x19e5, 0x19e5, 0x19e5, 0x19e5, 0x19e5, 0x19e5, 0x19e5, 0x19e5,
    0x19e5, 0x19e5, 0x19e5, 0x19e5, 0x19e5, 0x19e5, 0x19e5, 0x19e5, 0x19e5, 0x19e5, 0x19e5, 0x19e5, 0x19e5, 0x19e5, 0x19e5, 0x19e5,
    0x19e5, 0x19e5, 0x19e5, 0x19e5, 0x19e5, 0x19e5, 0x19e5, 0x19e5, 0x19e5, 0x19e5, 0x19e5, 0x19e5, 0x19e5, 0x19e5, 0x19e5, 0x19e5,
    0x19e5, 0x19e5, 0x21e5, 0x21e6, 0x21e6, 0x2206, 0x2206, 0x21e6, 0x21e6, 0x21e6, 0x21e6, 0x21e6, 0x21e6, 0x21e6, 0x21e6, 0x21e6,
    0x21e6, 0x21e6, 0x21e6, 0x21e6, 0x21e6, 0x21e6, 0x21e6, 0x21e6, 0x21e6, 0x21e6, 0x21e6, 0x21e6, 0x21e6, 0x21e6, 0x21e6, 0x21e6,
    0x21e6, 0x21e6, 0x21e6, 0x21e6, 0x21e6, 0x21e6, 0x21e6, 0x21e6, 0x21e6, 0x21e6, 0x21e6, 0x21e6, 0x21e6, 0x21e6, 0x21e6, 0x21e6,
    0x21e6, 0x21e6, 0x21e6, 0x21e6, 0x21e6, 0x21e6, 0x21e6, 0x21e6, 0x21e6, 0x21e6, 0x21e6, 0x21e6, 0x21e6, 0x21e6, 0x21e6, 0x21e6,
    0x21e6, 0x21e6, 0x21e6, 0x21e6, 0x21e6, 0x21e6, 0x21e6, 0x21e6, 0x21e6, 0x21e6, 0x21e6, 0x21e6, 0x21e6, 0x21e6, 0x21e6, 0x21e6,
    0x21e6, 0x21e6, 0x21e6, 0x21e6, 0x21e6, 0x21e6, 0x21e6, 0x21e6, 0x21e6, 0x21e6, 0x21e6, 0x21e6, 0x21e6, 0x21e6, 0x21e6, 0x21e6,
    0x21e6, 0x21e6, 0x21e6, 0x21e6, 0x21e6, 0x21e6, 0x21e6, 0x21e6, 0x21e6, 0x2206, 0x2206, 0x21e6, 0x21e6, 0x21e5, 0x19e5, 0x19e5,
    0x19e5, 0x19e5, 0x19e5, 0x19e5, 0x19e5, 0x19e5, 0x19e5, 0x19e5, 0x19e5, 0x19e5, 0x19e5, 0x19e5, 0x19e5, 0x19e5, 0x19e5, 0x19e5,
    0x19e5, 0x19e5, 0x19e5, 0x19e5, 0x19e5, 0x19e5, 0x19e5, 0x19e5, 0x19e5, 0x19e5, 0x19e5, 0x19e5, 0x19e5, 0x19e5, 0x19e5, 0x19e5,
    0x19e5, 0x19e5, 0x19e5, 0x19e5, 0x19e5, 0x19e5, 0x19e5, 0x19e5, 0x19e5, 0x19e5, 0x19e5, 0x19e5, 0x19e5, 0x19e5, 0x19e5, 0x19e5,
    0x19e5, 0x19e5, 0x19e5, 0x19e5, 0x19e5, 0x19e5, 0x19e5, 0x19e5, 0x19e5, 0x19e5, 0x19e5, 0x19e5, 0x19e5, 0x19e5, 0x19e5, 0x19e5,
    0x19e5, 0x19e5, 0x19e5, 0x19e5, 0x19e5, 0x19e5, 0x19e5, 0x19e5, 0x19e5, 0x19e5, 0x19e5, 0x19e5, 0x19e5, 0x19e5, 0x19e5, 0x19e5,
    0x19e5, 0x19e5, 0x19e5, 0x19e5, 0x19e5, 0x19e5, 0x19e5, 0x19e5, 0x19e5, 0x19e5, 0x19e5, 0x19e5, 0x19e5, 0x19e5, 0x19e5, 0x19e5,
    0x19e5, 0x19e5, 0x19e5, 0x19e5, 0x19e5, 0x19e5, 0x19e5, 0x19e5, 0x19e5, 0x19e5, 0x19e5, 0x19e5, 0x19e5, 0x19e5, 0x19e5, 0x19e5,
    0x19e5, 0x19e5, 0x19e5, 0x19e5, 0x19e5, 0x19e5, 0x19e5, 0x19e5, 0x19e5, 0x19e5, 0x19e5, 0x19e5, 0x19e5, 0x19e5, 0x19e5, 0x19e5,
    0x19e5, 0x19e5, 0x19e5, 0x19e5, 0x19e5, 0x19e5, 0x19e5, 0x19e5, 0x19e5, 0x19e5, 0x19e5, 0x19e5, 0x19e5, 0x19e5, 0x19e5, 0x19e5,
    0x19e5, 0x19e5, 0x19e5, 0x19e5, 0x19e5, 0x19e5, 0x19e5, 0x19e5, 0x19e5, 0x19e5, 0x19e5, 0x19e5, 0x19e5, 0x19e5, 0x19e5, 0x19e5,
    0x19e5, 0x19e5, 0x19e5, 0x19e5, 0x19e5, 0x19e5, 0x19e5, 0x19e5, 0x19e5, 0x19e5, 0x19e5, 0x19e5, 0x19e5, 0x19e5, 0x19e5, 0x19e5,
    0x19e5, 0x19e5, 0x19e5, 0x19e5, 0x19e5, 0x19e5, 0x19e5, 0x19e5, 0x19e5, 0x19e5, 0x19e5, 0x19e5, 0x19e5, 0x19e5, 0x19e5, 0x19e5,
    0x19e5, 0x19e5, 0x19e5, 0x19e5, 0x19e5, 0x19e5, 0x19e5, 0x19e5, 0x19e5, 0x19e5, 0x19e5, 0x19e5, 0x19e5, 0x19e5, 0x19e5, 0x19e5,
    0x19e5, 0x19e5, 0x19e5, 0x19e5, 0x19e5, 0x19e5, 0x19e5, 0x19e5, 0x19e5, 0x19e5, 0x19e5, 0x19e5, 0x19e5, 0x19e5, 0x19e5, 0x19e5,
    0x19e5, 0x19e5, 0x19e5, 0x19e5, 0x19e5, 0x19e5, 0x19e5, 0x19e5, 0x19e5, 0x19e5, 0x19e5, 0x19e5, 0x19e5, 0x19e5, 0x19e5, 0x19e5,
    0x19e5, 0x19e5, 0x19e5, 0x19e5, 0x19e5, 0x19e5, 0x19e5, 0x19e5, 0x19e5, 0x19e5, 0x19e5, 0x19e5, 0x19e5, 0x19e5, 0x19e5, 0x19e5,
    0x19e5, 0x19e5, 0x19e5, 0x19e5, 0x19e5, 0x19e5, 0x19e5, 0x19e5, 0x19e5, 0x19e5, 0x19e5, 0x19e5, 0x19e5, 0x19e5, 0x19e5, 0x19e5,
    0x19e5, 0x19e5, 0x19e5, 0x19e5, 0x19e5, 0x19e5, 0x19e5, 0x19e5, 0x19e5, 0x19e5, 0x19e5, 0x19e5, 0x19e5, 0x19e5, 0x19e5, 0x19e5,
    0x19e5, 0x19e5, 0x19e5, 0x19e5, 0x19e5, 0x19e5, 0x19e5, 0x19e5, 0x19e5, 0x19e5, 0x19e5, 0x19e5, 0x19e5, 0x19e5, 0x19e5, 0x19e5,
    0x19e5, 0x19e5, 0x19e5, 0x19e5, 0x19e5, 0x19e5, 0x19e5, 0x19e5, 0x19e5, 0x19e5, 0x19e5, 0x19e5, 0x19e5, 0x19e5, 0x19e5, 0x19e5,
    0x19e5, 0x19e5, 0x19e5, 0x19e5, 0x19e5, 0x19e5, 0x19e5, 0x19e5, 0x19e5, 0x19e5, 0x19e5, 0x19e5, 0x19e5, 0x19e5, 0x19e5, 0x19e5,
    0x19e5, 0x19e5, 0x19e5, 0x19e5, 0x19e5, 0x19e5, 0x19e5, 0x19e5, 0x19e5, 0x19e5, 0x19e5, 0x19e5, 0x19e5, 0x19e5, 0x19e5, 0x19e5,
    0x19e5, 0x19e5, 0x19e5, 0x19e5, 0x19e5, 0x19e5, 0x19e5, 0x19e5, 0x19e5, 0x19e5, 0x19e5, 0x19e5, 0x19e5, 0x19e5, 0x19e5, 0x19e5,
    0x19e5, 0x19e5, 0x19e5, 0x19e5, 0x19e5, 0x19e5, 0x19e5, 0x19e5, 0x19e5, 0x19e5, 0x19e5, 0x19e5, 0x19e5, 0x19e5, 0x19e5, 0x19e5,
    0x19e5, 0x19e5, 0x19e5, 0x19e5, 0x19e5, 0x19e5, 0x19e5, 0x19e5, 0x19e5, 0x19e5, 0x19e5, 0x19e5, 0x19e5, 0x19e5, 0x19e5, 0x19e5,
    0x19e5, 0x19e5, 0x19e5, 0x19e5, 0x19e5, 0x19e5, 0x19e5, 0x19e5, 0x19e5, 0x19e5, 0x19e5, 0x19e5, 0x19e5, 0x19e5, 0x19e5, 0x19e5,
    0x19e5, 0x19e5, 0x19e5, 0x19e5, 0x19e5, 0x19e5, 0x19e5, 0x19e5, 0x19e5, 0x19e5, 0x19e5, 0x19e5, 0x19e5, 0x19e5, 0x19e5, 0x19e5,
    0x19e5, 0x19e5, 0x19e5, 0x19e5, 0x19e5, 0x19e5, 0x19e5, 0x19e5, 0x19e5, 0x19e5, 0x19e5, 0x19e5, 0x19e5, 0x19e5, 0x19e5, 0x19e5,
    0x19e5, 0x19e5, 0x19e5, 0x19e5, 0x19e5, 0x19e5, 0x19e5, 0x19e5, 0x19e5, 0x19e5, 0x19e5, 0x19e5, 0x19e5, 0x19e5, 0x19e5, 0x19e5,
    0x19e5, 0x19e5, 0x19e5, 0x19e5, 0x19e5, 0x19e5, 0x19e5, 0x19e5, 0x19e5, 0x19e5, 0x19e5, 0x19e5, 0x19e5, 0x19e5, 0x19e5, 0x19e5,
    0x19e5, 0x19e5, 0x19e5, 0x19e5, 0x19e5, 0x19e5, 0x19e5, 0x19e5, 0x19e5, 0x19e5, 0x19e5, 0x19e5, 0x19e5, 0x19e5, 0x19e5, 0x19e5,
    0x19e5, 0x19e5, 0x19e5, 0x19e5, 0x19e5, 0x19e5, 0x19e5, 0x19e5, 0x19e5, 0x19e5, 0x19e5, 0x19e5, 0x19e5, 0x19e5, 0x19e5, 0x19e5,
    0x19e5, 0x19e5, 0x19e5, 0x19e5, 0x19e5, 0x19e5, 0x19e5, 0x19e5, 0x19e5, 0x19e5, 0x19e5, 0x19e5, 0x19e5, 0x19e5, 0x19e5, 0x19e5,
    0x19e5, 0x19e5, 0x19e5, 0x19e5, 0x19e5, 0x19e5, 0x19e5, 0x19e5, 0x19e5, 0x19e5, 0x19e5, 0x19e5, 0x19e5, 0x19e5, 0x19e5, 0x19e5,
    0x19e5, 0x19e5, 0x19e5, 0x19e5, 0x19e5, 0x19e5, 0x19e5, 0x19e5, 0x19e5, 0x19e5, 0x19e5, 0x19e5, 0x19e5, 0x19e5, 0x19e5, 0x19e5,
    0x19e5, 0x19e5, 0x19e5, 0x19e5, 0x19e5, 0x19e5, 0x19e5, 0x19e5, 0x19e5, 0x19e5, 0x19e5, 0x19e5, 0x19e5, 0x19e5, 0x19e5, 0x19e5,
    0x19e5, 0x19e5, 0x19e5, 0x19e5, 0x19e5, 0x19e5, 0x19e5, 0x19e5, 0x19e5, 0x19e5, 0x19e5, 0x19e5, 0x19e5, 0x19e5, 0x19e5, 0x19e5,
    0x19e5, 0x19e5, 0x19e5, 0x19e5, 0x19e5, 0x19e5, 0x19e5, 0x19e5, 0x19e5, 0x19e5, 0x19e5, 0x19e5, 0x19e5, 0x19e5, 0x19e5, 0x19e5,
    0x19e5, 0x19e5, 0x19e5, 0x19e5, 0x19e5, 0x19e5, 0x19e5, 0x19e5, 0x19e5, 0x19e5, 0x19e5, 0x19e5, 0x19e5, 0x19e5, 0x19e5, 0x19e5,
    0x19e5, 0x19e5, 0x19e5, 0x19e5, 0x19e5, 0x19e5, 0x19e5, 0x19e5, 0x19e5, 0x19e5, 0x19e5, 0x19e5, 0x19e5, 0x19e5, 0x19e5, 0x19e5,
    0x19e5, 0x19e5, 0x19e5, 0x19e5, 0x19e5, 0x19e5, 0x19e5, 0x19e5, 0x19e5, 0x19e5, 0x19e5, 0x19e5, 0x19e5, 0x19e5, 0x19e5, 0x19e5,
    0x19e5, 0x19e5, 0x19e5, 0x19e5, 0x19e5, 0x19e5, 0x19e5, 0x19e5, 0x19e5, 0x19e5, 0x19e5, 0x19e5, 0x19e5, 0x19e5, 0x19e5, 0x19e5,
    0x19e5, 0x19e5, 0x19e5, 0x19e5, 0x19e5, 0x19e5, 0x19e5, 0x19e5, 0x19e5, 0x19e5, 0x19e5, 0x19e5, 0x19e5, 0x19e5, 0x19e5, 0x19e5,
    0x19e5, 0x19e5, 0x19e5, 0x19e5, 0x19e5, 0x19e5, 0x19e5, 0x19e5, 0x19e5, 0x19e5, 0x19e5, 0x19e5, 0x19e5, 0x19e5, 0x19e5, 0x19e5,
    0x19e5, 0x19e5, 0x19e5, 0x19e5, 0x19e5, 0x19e5, 0x19e5, 0x19e5, 0x19e5, 0x19e5, 0x19e5, 0x19e5, 0x19e5, 0x19e5, 0x19e5, 0x19e5,
    0x19e5, 0x19e5, 0x19e5, 0x19e5, 0x19e5, 0x19e5, 0x19e5, 0x19e5, 0x19e5, 0x19e5, 0x19e5, 0x19e5, 0x19e5, 0x19e5, 0x19e5, 0x19e5,
    0x19e5, 0x19e5, 0x19e5, 0x19e5, 0x19e5, 0x19e5, 0x19e5, 0x19e5, 0x19e5, 0x19e5, 0x19e5, 0x19e5, 0x19e5, 0x19e5, 0x19e5, 0x19e5,
    0x19e5, 0x19e5, 0x19e5, 0x19e5, 0x19e5, 0x19e5, 0x19e5, 0x19e5, 0x19e5, 0x19e5, 0x19e5, 0x19e5, 0x19e5, 0x19e5, 0x19e5, 0x19e5,
    0x19e5, 0x19e5, 0x19e5, 0x19e5, 0x19e5, 0x19e5, 0x19e5, 0x19e5, 0x19e5, 0x19e5, 0x19e5, 0x19e5, 0x19e5, 0x19e5, 0x19e5, 0x19e5,
    0x19e5, 0x19e5, 0x19e5, 0x19e5, 0x19e5, 0x19e5, 0x19e5, 0x19e5, 0x19e5, 0x19e5, 0x19e5, 0x19e5, 0x19e5, 0x19e5, 0x19e5, 0x19e5,
    0x19e5, 0x19e5, 0x19e5, 0x19e5, 0x19e5, 0x19e5, 0x19e5, 0x19e5, 0x19e5, 0x19e5, 0x19e5, 0x19e5, 0x19e5, 0x19e5, 0x19e5, 0x19e5,
    0x19e5, 0x19e5, 0x19e5, 0x19e5, 0x19e5, 0x19e5, 0x19e5, 0x19e5, 0x19e5, 0x19e5, 0x19e5, 0x19e5, 0x19e5, 0x19e5, 0x19e5, 0x19e5,
    0x19e5, 0x19e5, 0x19e5, 0x19e5, 0x19e5, 0x19e5, 0x19e5, 0x19e5, 0x19e5, 0x19e5, 0x19e5, 0x19e5, 0x19e5, 0x19e5, 0x19e5, 0x19e5,
    0x19e5, 0x19e5, 0x19e5, 0x19e5, 0x19e5, 0x19e5, 0x19e5, 0x19e5, 0x19e5, 0x19e5, 0x19e5, 0x19e5, 0x19e5, 0x19e5, 0x19e5, 0x19e5,
    0x19e5, 0x19e5, 0x19e5, 0x19e5, 0x19e5, 0x19e5, 0x19e5, 0x19e5, 0x19e5, 0x19e5, 0x19e5, 0x19e5, 0x19e5, 0x19e5, 0x19e5, 0x19e5,
    0x19e5, 0x19e5, 0x19e5, 0x19e5, 0x19e5, 0x19e5, 0x19e5, 0x19e5, 0x19e5, 0x19e5, 0x19e5, 0x19e5, 0x19e5, 0x19e5, 0x19e5, 0x19e5,
    0x19e5, 0x19e5, 0x19e5, 0x19e5, 0x19e5, 0x19e5, 0x19e5, 0x19e5, 0x19e5, 0x19e5, 0x19e5, 0x19e5, 0x19e5, 0x19e5, 0x19e5, 0x19e5,
    0x19e5, 0x19e5, 0x19e5, 0x19e5, 0x19e5, 0x19e5, 0x19e5, 0x19e5, 0x19e5, 0x19e5, 0x19e5, 0x19e5, 0x19e5, 0x19e5, 0x19e5, 0x19e5,
    0x19e5, 0x19e5, 0x19e5, 0x19e5, 0x19e5, 0x19e5, 0x19e5, 0x19e5, 0x19e5, 0x19e5, 0x19e5, 0x19e5, 0x19e5, 0x19e5, 0x19e5, 0x19e5,
    0x19e5, 0x19e5, 0x19e5, 0x19e5, 0x19e5, 0x19e5, 0x19e5, 0x19e5, 0x19e5, 0x19e5, 0x19e5, 0x19e5, 0x19e5, 0x19e5, 0x19e5, 0x19e5,
    0x19e5, 0x19e5, 0x19e5, 0x19e5, 0x19e5, 0x19e5, 0x19e5, 0x19e5, 0x19e5, 0x19e5, 0x19e5, 0x19e5, 0x19e5, 0x19e5, 0x19e5, 0x19e5,
    0x19e5, 0x19e5, 0x19e5, 0x19e5, 0x19e5, 0x19e5, 0x19e5, 0x19e5, 0x19e5, 0x19e5, 0x19e5, 0x19e5, 0x19e5, 0x19e5, 0x19e5, 0x19e5,
    0x19e5, 0x19e5, 0x19e5, 0x19e5, 0x19e5, 0x19e5, 0x19e5, 0x19e5, 0x19e5, 0x19e5, 0x19e5, 0x19e5, 0x19e5, 0x19e5, 0x19e5, 0x19e5,
    0x19e5, 0x19e5, 0x19e5, 0x19e5, 0x19e5, 0x19e5, 0x19e5, 0x19e5, 0x19e5, 0x19e5, 0x19e5, 0x19e5, 0x19e5, 0x19e5, 0x19e5, 0x19e5,
    0x19e5, 0x19e5, 0x19e5, 0x19e5, 0x19e5, 0x19e5, 0x19e5, 0x19e5, 0x19e5, 0x19e5, 0x19e5, 0x19e5, 0x19e5, 0x19e5, 0x19e5, 0x19e5,
    0x19e5, 0x19e5, 0x19e5, 0x19e5, 0x19e5, 0x19e5, 0x19e5, 0x19e5, 0x19e5, 0x19e5, 0x19e5, 0x19e5, 0x19e5, 0x19e5, 0x19e5, 0x19e5,
    0x19e5, 0x19e5, 0x19e5, 0x19e5, 0x19e5, 0x19e5, 0x19e5, 0x19e5, 0x19e5, 0x19e5, 0x19e5, 0x19e5, 0x19e5, 0x19e5, 0x19e5, 0x19e5,
    0x19e5, 0x19e5, 0x19e5, 0x19e5, 0x19e5, 0x19e5, 0x19e5, 0x19e5, 0x19e5, 0x19e5, 0x19e5, 0x19e5, 0x19e5, 0x19e5, 0x19e5, 0x19e5,
    0x19e5, 0x19e5, 0x19e5, 0x19e5, 0x19e5, 0x19e5, 0x19e5, 0x19e5, 0x19e5, 0x19e5, 0x19e5, 0x19e5, 0x19e5, 0x19e5, 0x19e5, 0x19e5,
    0x19e5, 0x19e5, 0x19e5, 0x19e5, 0x19e5, 0x19e5, 0x19e5, 0x19e5, 0x19e5, 0x19e5, 0x19e5, 0x19e5, 0x19e5, 0x19e5, 0x19e5, 0x19e5,
    0x19e5, 0x19e5, 0x19e5, 0x19e5, 0x19e5, 0x19e5, 0x19e5, 0x19e5, 0x19e5, 0x19e5, 0x19e5, 0x19e5, 0x19e5, 0x19e5, 0x19e5, 0x19e5,
    0x19e5, 0x19e5, 0x19e5, 0x19e5, 0x19e5, 0x19e5, 0x19e5, 0x19e5, 0x19e5, 0x19e5, 0x19e5, 0x19e5, 0x19e5, 0x19e5, 0x19e5, 0x19e5,
    0x19e5, 0x19e5, 0x19e5, 0x19e5, 0x19e5, 0x19e5, 0x19e5, 0x19e5, 0x19e5, 0x19e5, 0x19e5, 0x19e5, 0x19e5, 0x19e5, 0x19e5, 0x19e5,
    0x19e5, 0x19e5, 0x19e5, 0x19e5, 0x19e5, 0x19e5, 0x19e5, 0x19e5, 0x19e5, 0x19e5, 0x19e5, 0x19e5, 0x19e5, 0x19e5, 0x19e5, 0x19e5,
    0x19e5, 0x19e5, 0x19e5, 0x19e5, 0x19e5, 0x19e5, 0x19e5, 0x19e5, 0x19e5, 0x19e5, 0x19e5, 0x19e5, 0x19e5, 0x19e5, 0x19e5, 0x19e5,
    0x19e5, 0x19e5, 0x19e5, 0x19e5, 0x19e5, 0x19e5, 0x19e5, 0x19e5, 0x19e5, 0x19e5, 0x19e5, 0x19e5, 0x19e5, 0x19e5, 0x19e5, 0x19e5,
    0x19e5, 0x19e5, 0x19e5, 0x19e5, 0x19e5, 0x19e5, 0x19e5, 0x19e5, 0x19e5, 0x19e5, 0x19e5, 0x19e5, 0x19e5, 0x19e5, 0x19e5, 0x19e5,
    0x19e5, 0x19e5, 0x19e5, 0x19e5, 0x19e5, 0x19e5, 0x19e5, 0x19e5, 0x19e5, 0x19e5, 0x19e5, 0x19e5, 0x19e5, 0x19e5, 0x19e5, 0x19e5,
    0x19e5, 0x19e5, 0x19e5, 0x19e5, 0x19e5, 0x19e5, 0x19e5, 0x19e5, 0x19e5, 0x19e5, 0x19e5, 0x19e5, 0x19e5, 0x19e5, 0x19e5, 0x19e5,
    0x19e5, 0x19e5, 0x19e5, 0x19e5, 0x19e5, 0x19e5, 0x19e5, 0x19e5, 0x19e5, 0x19e5, 0x19e5, 0x19e5, 0x19e5, 0x19e5, 0x19e5, 0x19e5,
    0x19e5, 0x19e5, 0x19e5, 0x19e5, 0x19e5, 0x19e5, 0x19e5, 0x19e5, 0x19e5, 0x19e5, 0x19e5, 0x19e5, 0x19e5, 0x19e5, 0x19e5, 0x19e5,
    0x19e5, 0x19e5, 0x19e5, 0x19e5, 0x19e5, 0x19e5, 0x19e5, 0x19e5, 0x19e5, 0x19e5, 0x19e5, 0x19e5, 0x19e5, 0x19e5, 0x19e5, 0x19e5,
    0x19e5, 0x19e5, 0x19e5, 0x19e5, 0x19e5, 0x19e5, 0x19e5, 0x19e5, 0x19e5, 0x19e5, 0x19e5, 0x19e5, 0x19e5, 0x19e5, 0x19e5, 0x19e5,
    0x19e5, 0x19e5, 0x19e5, 0x19e5, 0x19e5, 0x19e5, 0x19e5, 0x19e5, 0x19e5, 0x19e5, 0x19e5, 0x19e5, 0x19e5, 0x19e5, 0x19e5, 0x19e5,
    0x19e5, 0x19e5, 0x19e5, 0x19e5, 0x19e5, 0x19e5, 0x19e5, 0x19e5, 0x19e5, 0x19e5, 0x19e5, 0x19e5, 0x19e5, 0x19e5, 0x19e5, 0x19e5,
    0x19e5, 0x19e5, 0x19e5, 0x19e5, 0x19e5, 0x19e5, 0x19e5, 0x19e5, 0x19e5, 0x19e5, 0x19e5, 0x19e5, 0x19e5, 0x19e5, 0x19e5, 0x19e5,
    0x19e5, 0x19e5, 0x19e5, 0x19e5, 0x19e5, 0x19e5, 0x19e5, 0x19e5, 0x19e5, 0x19e5, 0x19e5, 0x19e5, 0x19e5, 0x19e5, 0x19e5, 0x19e5,
    0x19e5, 0x19e5, 0x19e5, 0x19e5, 0x19e5, 0x19e5, 0x19e5, 0x19e5, 0x19e5, 0x19e5, 0x19e5, 0x19e5, 0x19e5, 0x19e5, 0x19e5, 0x19e5,
    0x19e5, 0x19e5, 0x19e5, 0x19e5, 0x19e5, 0x19e5, 0x19e5, 0x19e5, 0x19e5, 0x19e5, 0x19e5, 0x19e5, 0x19e5, 0x19e5, 0x19e5, 0x19e5,
    0x19e5, 0x19e5, 0x19e5, 0x19e5, 0x19e5, 0x19e5, 0x19e5, 0x19e5, 0x19e5, 0x19e5, 0x19e5, 0x19e5, 0x19e5, 0x19e5, 0x19e5, 0x19e5,
    0x19e5, 0x19e5, 0x19e5, 0x19e5, 0x19e5, 0x19e5, 0x19e5, 0x19e5, 0x19e5, 0x19e5, 0x19e5, 0x19e5, 0x19e5, 0x19e5, 0x19e5, 0x19e5,
    0x19e5, 0x19e5, 0x19e5, 0x19e5, 0x19e5, 0x19e5, 0x19e5, 0x19e5, 0x19e5, 0x19e5, 0x19e5, 0x19e5, 0x19e5, 0x19e5, 0x19e5, 0x19e5,
    0x19e5, 0x19e5, 0x19e5, 0x19e5, 0x19e5, 0x19e5, 0x19e5, 0x19e5, 0x19e5, 0x19e5, 0x19e5, 0x19e5, 0x19e5, 0x19e5, 0x19e5, 0x19e5,
    0x19e5, 0x19e5, 0x19e5, 0x19e5, 0x19e5, 0x19e5, 0x19e5, 0x19e5, 0x19e5, 0x19e5, 0x19e5, 0x19e5, 0x19e5, 0x19e5, 0x19e5, 0x19e5,
    0x19e5, 0x19e5, 0x19e5, 0x19e5, 0x19e5, 0x19e5, 0x19e5, 0x19e5, 0x19e5, 0x19e5, 0x19e5, 0x19e5, 0x19e5, 0x19e5, 0x19e5, 0x19e5,
    0x19e5, 0x19e5, 0x19e5, 0x19e5, 0x19e5, 0x19e5, 0x19e5, 0x19e5, 0x19e5, 0x19e5, 0x19e5, 0x19e5, 0x19e5, 0x19e5, 0x19e5, 0x19e5,
    0x19e5, 0x19e5, 0x19e5, 0x19e5, 0x19e5, 0x19e5, 0x19e5, 0x19e5, 0x19e5, 0x19e5, 0x19e5, 0x19e5, 0x19e5, 0x19e5, 0x19e5, 0x19e5,
    0x19e5, 0x19e5, 0x19e5, 0x19e5, 0x19e5, 0x19e5, 0x19e5, 0x19e5, 0x19e5, 0x19e5, 0x19e5, 0x19e5, 0x19e5, 0x19e5, 0x19e5, 0x19e5,
    0x19e5, 0x19e5, 0x19e5, 0x19e5, 0x19e5, 0x19e5, 0x19e5, 0x19e5, 0x19e5, 0x19e5, 0x19e5, 0x19e5, 0x19e5, 0x19e5, 0x19e5, 0x19e5,
    0x19e5, 0x19e5, 0x19e5, 0x19e5, 0x19e5, 0x19e5, 0x19e5, 0x19e5, 0x19e5, 0x19e5, 0x19e5, 0x19e5, 0x19e5, 0x19e5, 0x19e5, 0x19e5,
    0x19e5, 0x19e5, 0x19e5, 0x19e5, 0x19e5, 0x19e5, 0x19e5, 0x19e5, 0x19e5, 0x19e5, 0x19e5, 0x19e5, 0x19e5, 0x19e5, 0x19e5, 0x19e5,
    0x19e5, 0x19e5, 0x19e5, 0x19e5, 0x19e5, 0x19e5, 0x19e5, 0x19e5, 0x19e5, 0x19e5, 0x19e5, 0x19e5, 0x19e5, 0x19e5, 0x19e5, 0x19e5,
    0x19e5, 0x19e5, 0x19e5, 0x19e5, 0x19e5, 0x19e5, 0x19e5, 0x19e5, 0x19e5, 0x19e5, 0x19e5, 0x19e5, 0x19e5, 0x19e5, 0x19e5, 0x19e5,
    0x19e5, 0x19e5, 0x19e5, 0x19e5, 0x19e5, 0x19e5, 0x19e5, 0x19e5, 0x19e5, 0x19e5, 0x19e5, 0x19e5, 0x19e5, 0x19e5, 0x19e5, 0x19e5,
    0x19e5, 0x19e5, 0x19e5, 0x19e5, 0x19e5, 0x19e5, 0x19e5, 0x19e5, 0x19e5, 0x19e5, 0x19e5, 0x19e5, 0x19e5, 0x19e5, 0x19e5, 0x19e5,
    0x19e5, 0x19e5, 0x19e5, 0x19e5, 0x19e5, 0x19e5, 0x19e5, 0x19e5, 0x19e5, 0x19e5, 0x19e5, 0x19e5, 0x19e5, 0x19e5, 0x19e5, 0x19e5,
    0x19e5, 0x19e5, 0x19e5, 0x19e5, 0x19e5, 0x19e5, 0x19e5, 0x19e5, 0x19e5, 0x19e5, 0x19e5, 0x19e5, 0x19e5, 0x19e5, 0x19e5, 0x19e5,
    0x19e5, 0x19e5, 0x19e5, 0x19e5, 0x19e5, 0x19e5, 0x19e5, 0x19e5, 0x19e5, 0x19e5, 0x19e5, 0x19e5, 0x19e5, 0x19e5, 0x19e5, 0x19e5,
    0x19e5, 0x19e5, 0x19e5, 0x19e5, 0x19e5, 0x19e5, 0x19e5, 0x19e5, 0x19e5, 0x19e5, 0x19e5, 0x19e5, 0x19e5, 0x19e5, 0x19e5, 0x19e5,
    0x19e5, 0x19e5, 0x19e5, 0x19e5, 0x19e5, 0x19e5, 0x19e5, 0x19e5, 0x19e5, 0x19e5, 0x19e5, 0x19e5, 0x19e5, 0x19e5, 0x19e5, 0x19e5,
    0x19e5, 0x19e5, 0x19e5, 0x19e5, 0x19e5, 0x19e5, 0x19e5, 0x19e5, 0x19e5, 0x19e5, 0x19e5, 0x19e5, 0x19e5, 0x19e5, 0x19e5, 0x19e5,
    0x19e5, 0x19e5, 0x19e5, 0x19e5, 0x19e5, 0x19e5, 0x19e5, 0x19e5, 0x19e5, 0x19e5, 0x19e5, 0x19e5, 0x19e5, 0x19e5, 0x19e5, 0x19e5,
    0x19e5, 0x19e5, 0x19e5, 0x19e5, 0x19e5, 0x19e5, 0x19e5, 0x19e5, 0x19e5, 0x19e5, 0x19e5, 0x19e5, 0x19e5, 0x19e5, 0x19e5, 0x19e5,
    0x19e5, 0x19e5, 0x19e5, 0x19e5, 0x19e5, 0x19e5, 0x19e5, 0x19e5, 0x19e5, 0x19e5, 0x19e5, 0x19e5, 0x19e5, 0x19e5, 0x19e5, 0x19e5,
    0x19e5, 0x19e5, 0x19e5, 0x19e5, 0x19e5, 0x19e5, 0x19e5, 0x19e5, 0x19e5, 0x19e5, 0x19e5, 0x19e5, 0x19e5, 0x19e5, 0x19e5, 0x19e5,
    0x19e5, 0x19e5, 0x19e5, 0x19e5, 0x19e5, 0x19e5, 0x19e5, 0x19e5, 0x19e5, 0x19e5, 0x19e5, 0x19e5, 0x19e5, 0x19e5, 0x19e5, 0x19e5,
    0x19e5, 0x19e5, 0x19e5, 0x19e5, 0x19e5, 0x19e5, 0x19e5, 0x19e5, 0x19e5, 0x19e5, 0x19e5, 0x19e5, 0x19e5, 0x19e5, 0x19e5, 0x19e5,
    0x19e5, 0x19e5, 0x19e5, 0x19e5, 0x19e5, 0x19e5, 0x19e5, 0x19e5, 0x19e5, 0x19e5, 0x19e5, 0x19e5, 0x19e5, 0x19e5, 0x19e5, 0x19e5,
    0x19e5, 0x19e5, 0x19e5, 0x19e5, 0x19e5, 0x19e5, 0x19e5, 0x19e5, 0x19e5, 0x19e5, 0x19e5, 0x19e5, 0x19e5, 0x19e5, 0x19e5, 0x19e5,
    0x19e5, 0x19e5, 0x19e5, 0x19e5, 0x19e5, 0x19e5, 0x19e5, 0x19e5, 0x19e5, 0x19e5, 0x19e5, 0x19e5, 0x19e5, 0x19e5, 0x19e5, 0x19e5,
    0x19e5, 0x19e5, 0x19e5, 0x19e5, 0x19e5, 0x19e5, 0x19e5, 0x19e5, 0x19e5, 0x19e5, 0x19e5, 0x19e5, 0x19e5, 0x19e5, 0x19e5, 0x19e5,
    0x19e5, 0x19e5, 0x19e5, 0x19e5, 0x19e5, 0x19e5, 0x19e5, 0x19e5, 0x19e5, 0x19e5, 0x19e5, 0x19e5, 0x19e5, 0x19e5, 0x19e5, 0x19e5,
    0x19e5, 0x19e5, 0x19e5, 0x19e5, 0x19e5, 0x19e5, 0x19e5, 0x19e5, 0x19e5, 0x19e5, 0x19e5, 0x19e5, 0x19e5, 0x19e5, 0x19e5, 0x19e5,
    0x19e5, 0x19e5, 0x19e5, 0x19e5, 0x19e5, 0x19e5, 0x19e5, 0x19e5, 0x19e5, 0x19e5, 0x19e5, 0x19e5, 0x19e5, 0x19e5, 0x19e5, 0x19e5,
    0x19e5, 0x19e5, 0x19e5, 0x19e5, 0x19e5, 0x19e5, 0x19e5, 0x19e5, 0x19e5, 0x19e5, 0x19e5, 0x19e5, 0x19e5, 0x19e5, 0x19e5, 0x19e5,
    0x19e5, 0x19e5, 0x19e5, 0x19e5, 0x19e5, 0x19e5, 0x19e5, 0x19e5, 0x19e5, 0x19e5, 0x19e5, 0x19e5, 0x19e5, 0x19e5, 0x19e5, 0x19e5,
    0x19e5, 0x19e5, 0x19e5, 0x19e5, 0x19e5, 0x19e5, 0x19e5, 0x19e5, 0x19e5, 0x19e5, 0x19e5, 0x19e5, 0x19e5, 0x19e5, 0x19e5, 0x19e5,
    0x19e5, 0x19e5, 0x19e5, 0x19e5, 0x19e5, 0x19e5, 0x19e5, 0x19e5, 0x19e5, 0x19e5, 0x19e5, 0x19e5, 0x19e5, 0x19e5, 0x19e5, 0x19e5,
    0x19e5, 0x19e5, 0x19e5, 0x19e5, 0x19e5, 0x19e5, 0x19e5, 0x19e5, 0x19e5, 0x19e5, 0x19e5, 0x19e5, 0x19e5, 0x19e5, 0x19e5, 0x19e5,
    0x19e5, 0x19e5, 0x19e5, 0x19e5, 0x19e5, 0x19e5, 0x19e5, 0x19e5, 0x19e5, 0x19e5, 0x19e5, 0x19e5, 0x19e5, 0x19e5, 0x19e5, 0x19e5,
    0x19e5, 0x19e5, 0x19e5, 0x19e5, 0x19e5, 0x19e5, 0x19e5, 0x19e5, 0x19e5, 0x19e5, 0x19e5, 0x19e5, 0x19e5, 0x19e5, 0x19e5, 0x19e5,
    0x19e5, 0x19e5, 0x19e5, 0x19e5, 0x19e5, 0x19e5, 0x19e5, 0x19e5, 0x19e5, 0x19e5, 0x19e5, 0x19e5, 0x19e5, 0x19e5, 0x19e5, 0x19e5,
    0x19e5, 0x19e5, 0x19e5, 0x19e5, 0x19e5, 0x19e5, 0x19e5, 0x19e5, 0x19e5, 0x19e5, 0x19e5, 0x19e5, 0x19e5, 0x19e5, 0x19e5, 0x19e5,
    0x19e5, 0x19e5, 0x19e5, 0x19e5, 0x19e5, 0x19e5, 0x19e5, 0x19e5, 0x19e5, 0x19e5, 0x19e5, 0x19e5, 0x19e5, 0x19e5, 0x19e5, 0x19e5,
    0x19e5, 0x19e5, 0x19e5, 0x19e5, 0x19e5, 0x19e5, 0x19e5, 0x19e5, 0x19e5, 0x19e5, 0x19e5, 0x19e5, 0x19e5, 0x19e5, 0x19e5, 0x19e5,
    0x19e5, 0x19e5, 0x19e5, 0x19e5, 0x19e5, 0x19e5, 0x19e5, 0x19e5, 0x19e5, 0x19e5, 0x19e5, 0x19e5, 0x19e5, 0x19e5, 0x19e5, 0x19e5,
    0x19e5, 0x19e5, 0x19e5, 0x19e5, 0x19e5, 0x19e5, 0x19e5, 0x19e5, 0x19e5, 0x19e5, 0x19e5, 0x19e5, 0x19e5, 0x19e5, 0x19e5, 0x19e5,
    0x19e5, 0x19e5, 0x19e5, 0x19e5, 0x19e5, 0x19e5, 0x19e5, 0x19e5, 0x19e5, 0x19e5, 0x19e5, 0x19e5, 0x19e5, 0x19e5, 0x19e5, 0x19e5,
    0x19e5, 0x19e5, 0x19e5, 0x19e5, 0x19e5, 0x19e5, 0x19e5, 0x19e5, 0x19e5, 0x19e5, 0x19e5, 0x19e5, 0x19e5, 0x19e5, 0x19e5, 0x19e5,
    0x19e5, 0x19e5, 0x19e5, 0x19e5, 0x19e5, 0x19e5, 0x19e5, 0x19e5, 0x19e5, 0x19e5, 0x19e5, 0x19e5, 0x19e5, 0x19e5, 0x19e5, 0x19e5,
    0x19e5, 0x19e5, 0x19e5, 0x19e5, 0x19e5, 0x19e5, 0x19e5, 0x19e5, 0x19e5, 0x19e5, 0x19e5, 0x19e5, 0x19e5, 0x19e5, 0x19e5, 0x19e5,
    0x19e5, 0x19e5, 0x19e5, 0x19e5, 0x19e5, 0x19e5, 0x19e5, 0x19e5, 0x19e5, 0x19e5, 0x19e5, 0x19e5, 0x19e5, 0x19e5, 0x19e5, 0x19e5,
    0x19e5, 0x19e5, 0x19e5, 0x19e5, 0x19e5, 0x19e5, 0x19e5, 0x19e5, 0x19e5, 0x19e5, 0x19e5, 0x19e5, 0x19e5, 0x19e5, 0x19e5, 0x19e5,
    0x19e5, 0x19e5, 0x19e5, 0x19e5, 0x19e5, 0x19e5, 0x19e5, 0x19e5, 0x19e5, 0x19e5, 0x19e5, 0x19e5, 0x19e5, 0x19e5, 0x19e5, 0x19e5,
    0x19e5, 0x19e5, 0x19e5, 0x19e5, 0x19e5, 0x19e5, 0x19e5, 0x19e5, 0x19e5, 0x19e5, 0x19e5, 0x19e5, 0x19e5, 0x19e5, 0x19e5, 0x19e5,
    0x19e5, 0x19e5, 0x19e5, 0x19e5, 0x19e5, 0x19e5, 0x19e5, 0x19e5, 0x19e5, 0x19e5, 0x19e5, 0x19e5, 0x19e5, 0x19e5, 0x19e5, 0x19e5,
    0x19e5, 0x19e5, 0x19e5, 0x19e5, 0x19e5, 0x19e5, 0x19e5, 0x19e5, 0x19e5, 0x19e5, 0x19e5, 0x19e5, 0x19e5, 0x19e5, 0x19e5, 0x19e5,
    0x19e5, 0x19e5, 0x19e5, 0x19e5, 0x19e5, 0x19e5, 0x19e5, 0x19e5, 0x19e5, 0x19e5, 0x19e5, 0x19e5, 0x19e5, 0x19e5, 0x19e5, 0x19e5,
    0x19e5, 0x19e5, 0x19e5, 0x19e5, 0x19e5, 0x19e5, 0x19e5, 0x19e5, 0x19e5, 0x19e5, 0x19e5, 0x19e5, 0x19e5, 0x19e5, 0x19e5, 0x19e5,
    0x19e5, 0x19e5, 0x19e5, 0x19e5, 0x19e5, 0x19e5, 0x19e5, 0x19e5, 0x19e5, 0x19e5, 0x19e5, 0x19e5, 0x19e5, 0x19e5, 0x19e5, 0x19e5,
    0x19e5, 0x19e5, 0x19e5, 0x19e5, 0x19e5, 0x19e5, 0x19e5, 0x19e5, 0x19e5, 0x19e5, 0x19e5, 0x19e5, 0x19e5, 0x19e5, 0x19e5, 0x19e5,
    0x19e5, 0x19e5, 0x19e5, 0x19e5, 0x19e5, 0x19e5, 0x19e5, 0x19e5, 0x19e5, 0x19e5, 0x19e5, 0x19e5, 0x19e5, 0x19e5, 0x19e5, 0x19e5,
    0x19e5, 0x19e5, 0x19e5, 0x19e5, 0x19e5, 0x19e5, 0x19e5, 0x19e5, 0x19e5, 0x19e5, 0x19e5, 0x19e5, 0x19e5, 0x19e5, 0x19e5, 0x19e5,
    0x19e5, 0x19e5, 0x19e5, 0x19e5, 0x19e5, 0x19e5, 0x19e5, 0x19e5, 0x19e5, 0x19e5, 0x19e5, 0x19e5, 0x19e5, 0x19e5, 0x19e5, 0x19e5,
    0x19e5, 0x19e5, 0x19e5, 0x19e5, 0x19e5, 0x19e5, 0x19e5, 0x19e5, 0x19e5, 0x19e5, 0x19e5, 0x19e5, 0x19e5, 0x19e5, 0x19e5, 0x19e5,
    0x19e5, 0x19e5, 0x19e5, 0x19e5, 0x19e5, 0x19e5, 0x19e5, 0x19e5, 0x19e5, 0x19e5, 0x19e5, 0x19e5, 0x19e5, 0x19e5, 0x19e5, 0x19e5,
    0x19e5, 0x19e5, 0x19e5, 0x19e5, 0x19e5, 0x19e5, 0x19e5, 0x19e5, 0x19e5, 0x19e5, 0x19e5, 0x19e5, 0x19e5, 0x19e5, 0x19e5, 0x19e5,
    0x19e5, 0x19e5, 0x19e5, 0x19e5, 0x19e5, 0x19e5, 0x19e5, 0x19e5, 0x19e5, 0x19e5, 0x19e5, 0x19e5, 0x19e5, 0x19e5, 0x19e5, 0x19e5,
    0x19e5, 0x19e5, 0x19e5, 0x19e5, 0x19e5, 0x19e5, 0x19e5, 0x19e5, 0x19e5, 0x19e5, 0x19e5, 0x19e5, 0x19e5, 0x19e5, 0x19e5, 0x19e5,
    0x19e5, 0x19e5, 0x19e5, 0x19e5, 0x19e5, 0x19e5, 0x19e5, 0x19e5, 0x19e5, 0x19e5, 0x19e5, 0x19e5, 0x19e5, 0x19e5, 0x19e5, 0x19e5,
    0x19e5, 0x19e5, 0x19e5, 0x19e5, 0x19e5, 0x19e5, 0x19e5, 0x19e5, 0x19e5, 0x19e5, 0x19e5, 0x19e5, 0x19e5, 0x19e5, 0x19e5, 0x19e5,
    0x19e5, 0x19e5, 0x19e5, 0x19e5, 0x19e5, 0x19e5, 0x19e5, 0x19e5, 0x19e5, 0x19e5, 0x19e5, 0x19e5, 0x19e5, 0x19e5, 0x19e5, 0x19e5,
    0x19e5, 0x19e5, 0x19e5, 0x19e5, 0x19e5, 0x19e5, 0x19e5, 0x19e5, 0x19e5, 0x19e5, 0x19e5, 0x19e5, 0x19e5, 0x19e5, 0x19e5, 0x19e5,
    0x19e5, 0x19e5, 0x19e5, 0x19e5, 0x19e5, 0x19e5, 0x19e5, 0x19e5, 0x19e5, 0x19e5, 0x19e5, 0x19e5, 0x19e5, 0x19e5, 0x19e5, 0x19e5,
    0x19e5, 0x19e5, 0x19e5, 0x19e5, 0x19e5, 0x19e5, 0x19e5, 0x19e5, 0x19e5, 0x19e5, 0x19e5, 0x19e5, 0x19e5, 0x19e5, 0x19e5, 0x19e5,
    0x19e5, 0x19e5, 0x19e5, 0x19e5, 0x19e5, 0x19e5, 0x19e5, 0x19e5, 0x19e5, 0x19e5, 0x19e5, 0x19e5, 0x19e5, 0x19e5, 0x19e5, 0x19e5,
    0x19e5, 0x19e5, 0x19e5, 0x19e5, 0x19e5, 0x19e5, 0x19e5, 0x19e5, 0x19e5, 0x19e5, 0x19e5, 0x19e5, 0x19e5, 0x19e5, 0x19e5, 0x19e5,
    0x19e5, 0x19e5, 0x19e5, 0x19e5, 0x19e5, 0x19e5, 0x19e5, 0x19e5, 0x19e5, 0x19e5, 0x19e5, 0x19e5, 0x19e5, 0x19e5, 0x19e5, 0x19e5,
    0x19e5, 0x19e5, 0x19e5, 0x19e5, 0x19e5, 0x19e5, 0x19e5, 0x19e5, 0x19e5, 0x19e5, 0x19e5, 0x19e5, 0x19e5, 0x19e5, 0x19e5, 0x19e5,
    0x19e5, 0x19e5, 0x19e5, 0x19e5, 0x19e5, 0x19e5, 0x19e5, 0x19e5, 0x19e5, 0x19e5, 0x19e5, 0x19e5, 0x19e5, 0x19e5, 0x19e5, 0x19e5,
    0x19e5, 0x19e5, 0x19e5, 0x19e5, 0x19e5, 0x19e5, 0x19e5, 0x19e5, 0x19e5, 0x19e5, 0x19e5, 0x19e5, 0x19e5, 0x19e5, 0x19e5, 0x19e5,
    0x19e5, 0x19e5, 0x19e5, 0x19e5, 0x19e5, 0x19e5, 0x19e5, 0x19e5, 0x19e5, 0x19e5, 0x19e5, 0x19e5, 0x19e5, 0x19e5, 0x19e5, 0x19e5,
    0x19e5, 0x19e5, 0x19e5, 0x19e5, 0x19e5, 0x19e5, 0x19e5, 0x19e5, 0x19e5, 0x19e5, 0x19e5, 0x19e5, 0x19e5, 0x19e5, 0x19e5, 0x19e5,
    0x19e5, 0x19e5, 0x19e5, 0x19e5, 0x19e5, 0x19e5, 0x19e5, 0x19e5, 0x19e5, 0x19e5, 0x19e5, 0x19e5, 0x19e5, 0x19e5, 0x19e5, 0x19e5,
    0x19e5, 0x19e5, 0x19e5, 0x19e5, 0x19e5, 0x19e5, 0x19e5, 0x19e5, 0x19e5, 0x19e5, 0x19e5, 0x19e5, 0x19e5, 0x19e5, 0x19e5, 0x19e5,
    0x19e5, 0x19e5, 0x19e5, 0x19e5, 0x19e5, 0x19e5, 0x19e5, 0x19e5, 0x19e5, 0x19e5, 0x19e5, 0x19e5, 0x19e5, 0x19e5, 0x19e5, 0x19e5,
    0x19e5, 0x19e5, 0x19e5, 0x19e5, 0x19e5, 0x19e5, 0x19e5, 0x19e5, 0x19e5, 0x19e5, 0x19e5, 0x19e5, 0x19e5, 0x19e5, 0x19e5, 0x19e5,
    0x19e5, 0x19e5, 0x19e5, 0x19e5, 0x19e5, 0x19e5, 0x19e5, 0x19e5, 0x19e5, 0x19e5, 0x19e5, 0x19e5, 0x19e5, 0x19e5, 0x19e5, 0x19e5,
    0x19e5, 0x19e5, 0x19e5, 0x19e5, 0x19e5, 0x19e5, 0x19e5, 0x19e5, 0x19e5, 0x19e5, 0x19e5, 0x19e5, 0x19e5, 0x19e5, 0x19e5, 0x19e5,
    0x19e5, 0x19e5, 0x19e5, 0x19e5, 0x19e5, 0x19e5, 0x19e5, 0x19e5, 0x19e5, 0x19e5, 0x19e5, 0x19e5, 0x19e5, 0x19e5, 0x19e5, 0x19e5,
    0x19e5, 0x19e5, 0x19e5, 0x19e5, 0x19e5, 0x19e5, 0x19e5, 0x19e5, 0x19e5, 0x19e5, 0x19e5, 0x19e5, 0x19e5, 0x19e5, 0x19e5, 0x19e5,
    0x19e5, 0x19e5, 0x19e5, 0x19e5, 0x19e5, 0x19e5, 0x19e5, 0x19e5, 0x19e5, 0x19e5, 0x19e5, 0x19e5, 0x19e5, 0x19e5, 0x19e5, 0x19e5,
    0x19e5, 0x19e5, 0x19e5, 0x19e5, 0x19e5, 0x19e5, 0x19e5, 0x19e5, 0x19e5, 0x19e5, 0x19e5, 0x19e5, 0x19e5, 0x19e5, 0x19e5, 0x19e5,
    0x19e5, 0x19e5, 0x19e5, 0x19e5, 0x19e5, 0x19e5, 0x19e5, 0x19e5, 0x19e5, 0x19e5, 0x19e5, 0x19e5, 0x19e5, 0x19e5, 0x19e5, 0x19e5,
    0x19e5, 0x19e5, 0x19e5, 0x19e5, 0x19e5, 0x19e5, 0x19e5, 0x19e5, 0x19e5, 0x19e5, 0x19e5, 0x19e5, 0x19e5, 0x19e5, 0x19e5, 0x19e5,
    0x19e5, 0x19e5, 0x19e5, 0x19e5, 0x19e5, 0x19e5, 0x19e5, 0x19e5, 0x19e5, 0x19e5, 0x19e5, 0x19e5, 0x19e5, 0x19e5, 0x19e5, 0x19e5,
    0x19e5, 0x19e5, 0x19e5, 0x19e5, 0x19e5, 0x19e5, 0x19e5, 0x19e5, 0x19e5, 0x19e5, 0x19e5, 0x19e5, 0x19e5, 0x19e5, 0x19e5, 0x19e5,
    0x19e5, 0x19e5, 0x19e5, 0x19e5, 0x19e5, 0x19e5, 0x19e5, 0x19e5, 0x19e5, 0x19e5, 0x19e5, 0x19e5, 0x19e5, 0x19e5, 0x19e5, 0x19e5,
    0x19e5, 0x19e5, 0x19e5, 0x19e5, 0x19e5, 0x19e5, 0x19e5, 0x19e5, 0x19e5, 0x19e5, 0x19e5, 0x19e5, 0x19e5, 0x19e5, 0x19e5, 0x19e5,
    0x19e5, 0x19e5, 0x19e5, 0x19e5, 0x19e5, 0x19e5, 0x19e5, 0x19e5, 0x19e5, 0x19e5, 0x19e5, 0x19e5, 0x19e5, 0x19e5, 0x19e5, 0x19e5,
    0x19e5, 0x19e5, 0x19e5, 0x19e5, 0x19e5, 0x19e5, 0x19e5, 0x19e5, 0x19e5, 0x19e5, 0x19e5, 0x19e5, 0x19e5, 0x19e5, 0x19e5, 0x19e5,
    0x19e5, 0x19e5, 0x19e5, 0x19e5, 0x19e5, 0x19e5, 0x19e5, 0x19e5, 0x19e5, 0x19e5, 0x19e5, 0x19e5, 0x19e5, 0x19e5, 0x19e5, 0x19e5,
    0x19e5, 0x19e5, 0x19e5, 0x19e5, 0x19e5, 0x19e5, 0x19e5, 0x19e5, 0x19e5, 0x19e5, 0x19e5, 0x19e5, 0x19e5, 0x19e5, 0x19e5, 0x19e5,
    0x19e5, 0x19e5, 0x19e5, 0x19e5, 0x19e5, 0x19e5, 0x19e5, 0x19e5, 0x19e5, 0x19e5, 0x19e5, 0x19e5, 0x19e5, 0x19e5, 0x19e5, 0x19e5,
    0x19e5, 0x19e5, 0x19e5, 0x19e5, 0x19e5, 0x19e5, 0x19e5, 0x19e5, 0x19e5, 0x19e5, 0x19e5, 0x19e5, 0x19e5, 0x19e5, 0x19e5, 0x19e5,
    0x19e5, 0x19e5, 0x19e5, 0x19e5, 0x19e5, 0x19e5, 0x19e5, 0x19e5, 0x19e5, 0x19e5, 0x19e5, 0x19e5, 0x19e5, 0x19e5, 0x19e5, 0x19e5,
    0x19e5, 0x19e5, 0x19e5, 0x19e5, 0x19e5, 0x19e5, 0x19e5, 0x19e5, 0x19e5, 0x19e5, 0x19e5, 0x19e5, 0x19e5, 0x19e5, 0x19e5, 0x19e5,
    0x19e5, 0x19e5, 0x19e5, 0x19e5, 0x19e5, 0x19e5, 0x19e5, 0x19e5, 0x19e5, 0x19e5, 0x19e5, 0x19e5, 0x19e5, 0x19e5, 0x19e5, 0x19e5,
    0x19e5, 0x19e5, 0x19e5, 0x19e5, 0x19e5, 0x19e5, 0x19e5, 0x19e5, 0x19e5, 0x19e5, 0x19e5, 0x19e5, 0x19e5, 0x19e5, 0x19e5, 0x19e5,
    0x19e5, 0x19e5, 0x19e5, 0x19e5, 0x19e5, 0x19e5, 0x19e5, 0x19e5, 0x19e5, 0x19e5, 0x19e5, 0x19e5, 0x19e5, 0x19e5, 0x19e5, 0x19e5,
    0x19e5, 0x19e5, 0x19e5, 0x19e5, 0x19e5, 0x19e5, 0x19e5, 0x19e5, 0x19e5, 0x19e5, 0x19e5, 0x19e5, 0x19e5, 0x19e5, 0x19e5, 0x19e5,
    0x19e5, 0x19e5, 0x19e5, 0x19e5, 0x19e5, 0x19e5, 0x19e5, 0x19e5, 0x19e5, 0x19e5, 0x19e5, 0x19e5, 0x19e5, 0x19e5, 0x19e5, 0x19e5,
    0x19e5, 0x19e5, 0x19e5, 0x19e5, 0x19e5, 0x19e5, 0x19e5, 0x19e5, 0x19e5, 0x19e5, 0x19e5, 0x19e5, 0x19e5, 0x19e5, 0x19e5, 0x19e5,
    0x19e5, 0x19e5, 0x19e5, 0x19e5, 0x19e5, 0x19e5, 0x19e5, 0x19e5, 0x19e5, 0x19e5, 0x19e5, 0x19e5, 0x19e5, 0x19e5, 0x19e5, 0x19e5,
    0x19e5, 0x19e5, 0x19e5, 0x19e5, 0x19e5, 0x19e5, 0x19e5, 0x19e5, 0x19e5, 0x19e5, 0x19e5, 0x19e5, 0x19e5, 0x19e5, 0x19e5, 0x19e5,
    0x19e5, 0x19e5, 0x19e5, 0x19e5, 0x19e5, 0x19e5, 0x19e5, 0x19e5, 0x19e5, 0x19e5, 0x19e5, 0x19e5, 0x19e5, 0x19e5, 0x19e5, 0x19e5,
    0x19e5, 0x19e5, 0x19e5, 0x19e5, 0x19e5, 0x19e5, 0x19e5, 0x19e5, 0x19e5, 0x19e5, 0x19e5, 0x19e5, 0x19e5, 0x19e5, 0x19e5, 0x19e5,
    0x19e5, 0x19e5, 0x19e5, 0x19e5, 0x19e5, 0x19e5, 0x19e5, 0x19e5, 0x19e5, 0x19e5, 0x19e5, 0x19e5, 0x19e5, 0x19e5, 0x19e5, 0x19e5,
    0x19e5, 0x19e5, 0x19e5, 0x19e5, 0x19e5, 0x19e5, 0x19e5, 0x19e5, 0x19e5, 0x19e5, 0x19e5, 0x19e5, 0x19e5, 0x19e5, 0x19e5, 0x19e5,
    0x19e5, 0x19e5, 0x19e5, 0x19e5, 0x19e5, 0x19e5, 0x19e5, 0x19e5, 0x19e5, 0x19e5, 0x19e5, 0x19e5, 0x19e5, 0x19e5, 0x19e5, 0x19e5,
    0x19e5, 0x19e5, 0x19e5, 0x19e5, 0x19e5, 0x19e5, 0x19e5, 0x19e5, 0x19e5, 0x19e5, 0x19e5, 0x19e5, 0x19e5, 0x19e5, 0x19e5, 0x19e5,
    0x19e5, 0x19e5, 0x19e5, 0x19e5, 0x19e5, 0x19e5, 0x19e5, 0x19e5, 0x19e5, 0x19e5, 0x19e5, 0x19e5, 0x19e5, 0x19e5, 0x19e5, 0x19e5,
    0x19e5, 0x19e5, 0x19e5, 0x19e5, 0x19e5, 0x19e5, 0x19e5, 0x19e5, 0x19e5, 0x19e5, 0x19e5, 0x19e5, 0x19e5, 0x19e5, 0x19e5, 0x19e5,
    0x19e5, 0x19e5, 0x19e5, 0x19e5, 0x19e5, 0x19e5, 0x19e5, 0x19e5, 0x19e5, 0x19e5, 0x19e5, 0x19e5, 0x19e5, 0x19e5, 0x19e5, 0x19e5,
    0x19e5, 0x19e5, 0x19e5, 0x19e5, 0x19e5, 0x19e5, 0x19e5, 0x19e5, 0x19e5, 0x19e5, 0x19e5, 0x19e5, 0x19e5, 0x19e5, 0x19e5, 0x19e5,
    0x19e5, 0x19e5, 0x19e5, 0x19e5, 0x19e5, 0x19e5, 0x19e5, 0x19e5, 0x19e5, 0x19e5, 0x19e5, 0x19e5, 0x19e5, 0x19e5, 0x19e5, 0x19e5,
    0x19e5, 0x19e5, 0x19e5, 0x19e5, 0x19e5, 0x19e5, 0x19e5, 0x19e5, 0x19e5, 0x19e5, 0x19e5, 0x19e5, 0x19e5, 0x19e5, 0x19e5, 0x19e5,
    0x19e5, 0x19e5, 0x19e5, 0x19e5, 0x19e5, 0x19e5, 0x19e5, 0x19e5, 0x19e5, 0x19e5, 0x19e5, 0x19e5, 0x19e5, 0x19e5, 0x19e5, 0x19e5,
    0x19e5, 0x19e5, 0x19e5, 0x19e5, 0x19e5, 0x19e5, 0x19e5, 0x19e5, 0x19e5, 0x19e5, 0x19e5, 0x19e5, 0x19e5, 0x19e5, 0x19e5, 0x19e5,
    0x19e5, 0x19e5, 0x19e5, 0x19e5, 0x19e5, 0x19e5, 0x19e5, 0x19e5, 0x19e5, 0x19e5, 0x19e5, 0x19e5, 0x19e5, 0x19e5, 0x19e5, 0x19e5,
    0x19e5, 0x19e5, 0x19e5, 0x19e5, 0x19e5, 0x19e5, 0x19e5, 0x19e5, 0x19e5, 0x19e5, 0x19e5, 0x19e5, 0x19e5, 0x19e5, 0x19e5, 0x19e5,
    0x19e5, 0x19e5, 0x19e5, 0x19e5, 0x19e5, 0x19e5, 0x19e5, 0x19e5, 0x19e5, 0x19e5, 0x19e5, 0x19e5, 0x19e5, 0x19e5, 0x19e5, 0x19e5,
    0x19e5, 0x19e5, 0x19e5, 0x19e5, 0x19e5, 0x19e5, 0x19e5, 0x19e5, 0x19e5, 0x19e5, 0x19e5, 0x19e5, 0x19e5, 0x19e5, 0x19e5, 0x19e5,
    0x19e5, 0x19e5, 0x19e5, 0x19e5, 0x19e5, 0x19e5, 0x19e5, 0x19e5, 0x19e5, 0x19e5, 0x19e5, 0x19e5, 0x19e5, 0x19e5, 0x19e5, 0x19e5,
    0x19e5, 0x19e5, 0x19e5, 0x19e5, 0x19e5, 0x19e5, 0x19e5, 0x19e5, 0x19e5, 0x19e5, 0x19e5, 0x19e5, 0x19e5, 0x19e5, 0x19e5, 0x19e5,
    0x19e5, 0x19e5, 0x19e5, 0x19e5, 0x19e5, 0x19e5, 0x19e5, 0x19e5, 0x19e5, 0x19e5, 0x19e5, 0x19e5, 0x19e5, 0x19e5, 0x19e5, 0x19e5,
    0x19e5, 0x19e5, 0x19e5, 0x19e5, 0x19e5, 0x19e5, 0x19e5, 0x19e5, 0x19e5, 0x19e5, 0x19e5, 0x19e5, 0x19e5, 0x19e5, 0x19e5, 0x19e5,
    0x19e5, 0x19e5, 0x19e5, 0x19e5, 0x19e5, 0x19e5, 0x19e5, 0x19e5, 0x19e5, 0x19e5, 0x19e5, 0x19e5, 0x19e5, 0x19e5, 0x19e5, 0x19e5,
    0x19e5, 0x19e5, 0x19e5, 0x19e5, 0x19e5, 0x19e5, 0x19e5, 0x19e5, 0x19e5, 0x19e5, 0x19e5, 0x19e5, 0x19e5, 0x19e5, 0x19e5, 0x19e5,
    0x19e5, 0x19e5, 0x19e5, 0x19e5, 0x19e5, 0x19e5, 0x19e5, 0x19e5, 0x19e5, 0x19e5, 0x19e5, 0x19e5, 0x19e5, 0x19e5, 0x19e5, 0x19e5,
    0x19e5, 0x19e5, 0x19e5, 0x19e5, 0x19e5, 0x19e5, 0x19e5, 0x19e5, 0x19e5, 0x19e5, 0x19e5, 0x19e5, 0x19e5, 0x19e5, 0x19e5, 0x19e5,
    0x19e5, 0x19e5, 0x19e5, 0x19e5, 0x19e5, 0x19e5, 0x19e5, 0x19e5, 0x19e5, 0x19e5, 0x19e5, 0x19e5, 0x19e5, 0x19e5, 0x19e5, 0x19e5,
    0x19e5, 0x19e5, 0x19e5, 0x19e5, 0x19e5, 0x19e5, 0x19e5, 0x19e5, 0x19e5, 0x19e5, 0x19e5, 0x19e5, 0x19e5, 0x19e5, 0x19e5, 0x19e5,
    0x19e5, 0x19e5, 0x19e5, 0x19e5, 0x19e5, 0x19e5, 0x19e5, 0x19e5, 0x19e5, 0x19e5, 0x19e5, 0x19e5, 0x19e5, 0x19e5, 0x19e5, 0x19e5,
    0x19e5, 0x19e5, 0x19e5, 0x19e5, 0x19e5, 0x19e5, 0x19e5, 0x19e5, 0x19e5, 0x19e5, 0x19e5, 0x19e5, 0x19e5, 0x19e5, 0x19e5, 0x19e5,
    0x19e5, 0x19e5, 0x19e5, 0x19e5, 0x19e5, 0x19e5, 0x19e5, 0x19e5, 0x19e5, 0x19e5, 0x19e5, 0x19e5, 0x19e5, 0x19e5, 0x19e5, 0x19e5,
    0x19e5, 0x19e5, 0x19e5, 0x19e5, 0x19e5, 0x19e5, 0x19e5, 0x19e5, 0x19e5, 0x19e5, 0x19e5, 0x19e5, 0x19e5, 0x19e5, 0x19e5, 0x19e5,
    0x19e5, 0x19e5, 0x19e5, 0x19e5, 0x19e5, 0x19e5, 0x19e5, 0x19e5, 0x19e5, 0x19e5, 0x19e5, 0x19e5, 0x19e5, 0x19e5, 0x19e5, 0x19e5,
    0x19e5, 0x19e5, 0x19e5, 0x19e5, 0x19e5, 0x19e5, 0x19e5, 0x19e5, 0x19e5, 0x19e5, 0x19e5, 0x19e5, 0x19e5, 0x19e5, 0x19e5, 0x19e5,
    0x19e5, 0x19e5, 0x19e5, 0x19e5, 0x19e5, 0x19e5, 0x19e5, 0x19e5, 0x19e5, 0x19e5, 0x19e5, 0x19e5, 0x19e5, 0x19e5, 0x19e5, 0x19e5,
    0x19e5, 0x19e5, 0x19e5, 0x19e5, 0x19e5, 0x19e5, 0x19e5, 0x19e5, 0x19e5, 0x19e5, 0x19e5, 0x19e5, 0x19e5, 0x19e5, 0x19e5, 0x19e5,
    0x19e5, 0x19e5, 0x19e5, 0x19e5, 0x19e5, 0x19e5, 0x19e5, 0x19e5, 0x19e5, 0x19e5, 0x19e5, 0x19e5, 0x19e5, 0x19e5, 0x19e5, 0x19e5,
    0x19e5, 0x19e5, 0x19e5, 0x19e5, 0x19e5, 0x19e5, 0x19e5, 0x19e5, 0x19e5, 0x19e5, 0x19e5, 0x19e5, 0x19e5, 0x19e5, 0x19e5, 0x19e5,
    0x19e5, 0x19e5, 0x19e5, 0x19e5, 0x19e5, 0x19e5, 0x19e5, 0x19e5, 0x19e5, 0x19e5, 0x19e5, 0x19e5, 0x19e5, 0x19e5, 0x19e5, 0x19e5,
    0x19e5, 0x19e5, 0x19e5, 0x19e5, 0x19e5, 0x19e5, 0x19e5, 0x19e5, 0x19e5, 0x19e5, 0x19e5, 0x19e5, 0x19e5, 0x19e5, 0x19e5, 0x19e5,
    0x19e5, 0x19e5, 0x19e5, 0x19e5, 0x19e5, 0x19e5, 0x19e5, 0x19e5, 0x19e5, 0x19e5, 0x19e5, 0x19e5, 0x19e5, 0x19e5, 0x19e5, 0x19e5,
    0x19e5, 0x19e5, 0x19e5, 0x19e5, 0x19e5, 0x19e5, 0x19e5, 0x19e5, 0x19e5, 0x19e5, 0x19e5, 0x19e5, 0x19e5, 0x19e5, 0x19e5, 0x19e5,
    0x19e5, 0x19e5, 0x19e5, 0x19e5, 0x19e5, 0x19e5, 0x19e5, 0x19e5, 0x19e5, 0x19e5, 0x19e5, 0x19e5, 0x19e5, 0x19e5, 0x19e5, 0x19e5,
    0x19e5, 0x19e5, 0x19e5, 0x19e5, 0x19e5, 0x19e5, 0x19e5, 0x19e5, 0x19e5, 0x19e5, 0x19e5, 0x19e5, 0x19e5, 0x19e5, 0x19e5, 0x19e5,
    0x19e5, 0x19e5, 0x19e5, 0x19e5, 0x19e5, 0x19e5, 0x19e5, 0x19e5, 0x19e5, 0x19e5, 0x19e5, 0x19e5, 0x19e5, 0x19e5, 0x19e5, 0x19e5,
    0x19e5, 0x19e5, 0x19e5, 0x19e5, 0x19e5, 0x19e5, 0x19e5, 0x19e5, 0x19e5, 0x19e5, 0x19e5, 0x19e5, 0x19e5, 0x19e5, 0x19e5, 0x19e5,
    0x19e5, 0x19e5, 0x19e5, 0x19e5, 0x19e5, 0x19e5, 0x19e5, 0x19e5, 0x19e5, 0x19e5, 0x19e5, 0x19e5, 0x19e5, 0x19e5, 0x19e5, 0x19e5,
    0x19e5, 0x19e5, 0x19e5, 0x19e5, 0x19e5, 0x19e5, 0x19e5, 0x19e5, 0x19e5, 0x19e5, 0x19e5, 0x19e5, 0x19e5, 0x19e5, 0x19e5, 0x19e5,
    0x19e5, 0x19e5, 0x19e5, 0x19e5, 0x19e5, 0x19e5, 0x19e5, 0x19e5, 0x19e5, 0x19e5, 0x19e5, 0x19e5, 0x19e5, 0x19e5, 0x19e5, 0x19e5,
    0x19e5, 0x19e5, 0x19e5, 0x19e5, 0x19e5, 0x19e5, 0x19e5, 0x19e5, 0x19e5, 0x19e5, 0x19e5, 0x19e5, 0x19e5, 0x19e5, 0x19e5, 0x19e5,
    0x19e5, 0x19e5, 0x19e5, 0x19e5, 0x19e5, 0x19e5, 0x19e5, 0x19e5, 0x19e5, 0x19e5, 0x19e5, 0x19e5, 0x19e5, 0x19e5, 0x19e5, 0x19e5,
    0x19e5, 0x19e5, 0x19e5, 0x19e5, 0x19e5, 0x19e5, 0x19e5, 0x19e5, 0x19e5, 0x19e5, 0x19e5, 0x19e5, 0x19e5, 0x19e5, 0x19e5, 0x19e5,
    0x19e5, 0x19e5, 0x19e5, 0x19e5, 0x19e5, 0x19e5, 0x19e5, 0x19e5, 0x19e5, 0x19e5, 0x19e5, 0x19e5, 0x19e5, 0x19e5, 0x19e5, 0x19e5,
    0x19e5, 0x19e5, 0x19e5, 0x19e5, 0x19e5, 0x19e5, 0x19e5, 0x19e5, 0x19e5, 0x19e5, 0x19e5, 0x19e5, 0x19e5, 0x19e5, 0x19e5, 0x19e5,
    0x19e5, 0x19e5, 0x19e5, 0x19e5, 0x19e5, 0x19e5, 0x19e5, 0x19e5, 0x19e5, 0x19e5, 0x19e5, 0x19e5, 0x19e5, 0x19e5, 0x19e5, 0x19e5,
    0x19e5, 0x19e5, 0x19e5, 0x19e5, 0x19e5, 0x19e5, 0x19e5, 0x19e5, 0x19e5, 0x19e5, 0x19e5, 0x19e5, 0x19e5, 0x19e5, 0x19e5, 0x19e5,
    0x19e5, 0x19e5, 0x19e5, 0x19e5, 0x19e5, 0x19e5, 0x19e5, 0x19e5, 0x19e5, 0x19e5, 0x19e5, 0x19e5, 0x19e5, 0x19e5, 0x19e5, 0x19e5,
    0x19e5, 0x19e5, 0x19e5, 0x19e5, 0x19e5, 0x19e5, 0x19e5, 0x19e5, 0x19e5, 0x19e5, 0x19e5, 0x19e5, 0x19e5, 0x19e5, 0x19e5, 0x19e5,
    0x19e5, 0x19e5, 0x19e5, 0x19e5, 0x19e5, 0x19e5, 0x19e5, 0x19e5, 0x19e5, 0x19e5, 0x19e5, 0x19e5, 0x19e5, 0x19e5, 0x19e5, 0x19e5,
    0x19e5, 0x19e5, 0x19e5, 0x19e5, 0x19e5, 0x19e5, 0x19e5, 0x19e5, 0x19e5, 0x19e5, 0x19e5, 0x19e5, 0x19e5, 0x19e5, 0x19e5, 0x19e5,
    0x19e5, 0x19e5, 0x19e5, 0x19e5, 0x19e5, 0x19e5, 0x19e5, 0x19e5, 0x19e5, 0x19e5, 0x19e5, 0x19e5, 0x19e5, 0x19e5, 0x19e5, 0x19e5,
    0x19e5, 0x19e5, 0x19e5, 0x19e5, 0x19e5, 0x19e5, 0x19e5, 0x19e5, 0x19e5, 0x19e5, 0x19e5, 0x19e5, 0x19e5, 0x19e5, 0x19e5, 0x19e5,
    0x19e5, 0x19e5, 0x19e5, 0x19e5, 0x19e5, 0x19e5, 0x19e5, 0x19e5, 0x19e5, 0x19e5, 0x19e5, 0x19e5, 0x19e5, 0x19e5, 0x19e5, 0x19e5,
    0x19e5, 0x19e5, 0x19e5, 0x19e5, 0x19e5, 0x19e5, 0x19e5, 0x19e5, 0x19e5, 0x19e5, 0x19e5, 0x19e5, 0x19e5, 0x19e5, 0x19e5, 0x19e5,
    0x19e5, 0x19e5, 0x19e5, 0x19e5, 0x19e5, 0x19e5, 0x19e5, 0x19e5, 0x19e5, 0x19e5, 0x19e5, 0x19e5, 0x19e5, 0x19e5, 0x19e5, 0x19e5,
    0x19e5, 0x19e5, 0x19e5, 0x19e5, 0x19e5, 0x19e5, 0x19e5, 0x19e5, 0x19e5, 0x19e5, 0x19e5, 0x19e5, 0x19e5, 0x19e5, 0x19e5, 0x19e5,
    0x19e5, 0x19e5, 0x19e5, 0x19e5, 0x19e5, 0x19e5, 0x19e5, 0x19e5, 0x19e5, 0x19e5, 0x19e5, 0x19e5, 0x19e5, 0x19e5, 0x19e5, 0x19e5,
    0x19e5, 0x19e5, 0x19e5, 0x19e5, 0x19e5, 0x19e5, 0x19e5, 0x19e5, 0x19e5, 0x19e5, 0x19e5, 0x19e5, 0x19e5, 0x19e5, 0x19e5, 0x19e5,
    0x19e5, 0x19e5, 0x19e5, 0x19e5, 0x19e5, 0x19e5, 0x19e5, 0x19e5, 0x19e5, 0x19e5, 0x19e5, 0x19e5, 0x19e5, 0x19e5, 0x19e5, 0x19e5,
    0x19e5, 0x19e5, 0x19e5, 0x19e5, 0x19e5, 0x19e5, 0x19e5, 0x19e5, 0x19e5, 0x19e5, 0x19e5, 0x19e5, 0x19e5, 0x19e5, 0x19e5, 0x19e5,
    0x19e5, 0x19e5, 0x19e5, 0x19e5, 0x19e5, 0x19e5, 0x19e5, 0x19e5, 0x19e5, 0x19e5, 0x19e5, 0x19e5, 0x19e5, 0x19e5, 0x19e5, 0x19e5,
    0x19e5, 0x19e5, 0x19e5, 0x19e5, 0x19e5, 0x19e5, 0x19e5, 0x19e5, 0x19e5, 0x19e5, 0x19e5, 0x19e5, 0x19e5, 0x19e5, 0x19e5, 0x19e5,
    0x19e5, 0x19e5, 0x19e5, 0x19e5, 0x19e5, 0x19e5, 0x19e5, 0x19e5, 0x19e5, 0x19e5, 0x19e5, 0x19e5, 0x19e5, 0x19e5, 0x19e5, 0x19e5,
    0x19e5, 0x19e5, 0x19e5, 0x19e5, 0x19e5, 0x19e5, 0x19e5, 0x19e5, 0x19e5, 0x19e5, 0x19e5, 0x19e5, 0x19e5, 0x19e5, 0x19e5, 0x19e5,
    0x19e5, 0x19e5, 0x19e5, 0x19e5, 0x19e5, 0x19e5, 0x19e5, 0x19e5, 0x19e5, 0x19e5, 0x19e5, 0x19e5, 0x19e5, 0x19e5, 0x19e5, 0x19e5,
    0x19e5, 0x19e5, 0x19e5, 0x19e5, 0x19e5, 0x19e5, 0x19e5, 0x19e5, 0x19e5, 0x19e5, 0x19e5, 0x19e5, 0x19e5, 0x19e5, 0x19e5, 0x19e5,
    0x19e5, 0x19e5, 0x19e5, 0x19e5, 0x19e5, 0x19e5, 0x19e5, 0x19e5, 0x19e5, 0x19e5, 0x19e5, 0x19e5, 0x19e5, 0x19e5, 0x19e5, 0x19e5,
    0x19e5, 0x19e5, 0x19e5, 0x19e5, 0x19e5, 0x19e5, 0x19e5, 0x19e5, 0x19e5, 0x19e5, 0x19e5, 0x19e5, 0x19e5, 0x19e5, 0x19e5, 0x19e5,
    0x19e5, 0x19e5, 0x19e5, 0x19e5, 0x19e5, 0x19e5, 0x19e5, 0x19e5, 0x19e5, 0x19e5, 0x19e5, 0x19e5, 0x19e5, 0x19e5, 0x19e5, 0x19e5,
    0x19e5, 0x19e5, 0x19e5, 0x19e5, 0x19e5, 0x19e5, 0x19e5, 0x19e5, 0x19e5, 0x19e5, 0x19e5, 0x19e5, 0x19e5, 0x19e5, 0x19e5, 0x19e5,
    0x19e5, 0x19e5, 0x19e5, 0x19e5, 0x19e5, 0x19e5, 0x19e5, 0x19e5, 0x19e5, 0x19e5, 0x19e5, 0x19e5, 0x19e5, 0x19e5, 0x19e5, 0x19e5,
    0x19e5, 0x19e5, 0x19e5, 0x19e5, 0x19e5, 0x19e5, 0x19e5, 0x19e5, 0x19e5, 0x19e5, 0x19e5, 0x19e5, 0x19e5, 0x19e5, 0x19e5, 0x19e5,
    0x19e5, 0x19e5, 0x19e5, 0x19e5, 0x19e5, 0x19e5, 0x19e5, 0x19e5, 0x19e5, 0x19e5, 0x19e5, 0x19e5, 0x19e5, 0x19e5, 0x19e5, 0x19e5,
    0x19e5, 0x19e5, 0x19e5, 0x19e5, 0x19e5, 0x19e5, 0x19e5, 0x19e5, 0x19e5, 0x19e5, 0x19e5, 0x19e5, 0x19e5, 0x19e5, 0x19e5, 0x19e5,
    0x19e5, 0x19e5, 0x19e5, 0x19e5, 0x19e5, 0x19e5, 0x19e5, 0x19e5, 0x19e5, 0x19e5, 0x19e5, 0x19e5, 0x19e5, 0x19e5, 0x19e5, 0x19e5,
    0x19e5, 0x19e5, 0x19e5, 0x19e5, 0x19e5, 0x19e5, 0x19e5, 0x19e5, 0x19e5, 0x19e5, 0x19e5, 0x19e5, 0x19e5, 0x19e5, 0x19e5, 0x19e5,
    0x19e5, 0x19e5, 0x19e5, 0x19e5, 0x19e5, 0x19e5, 0x19e5, 0x19e5, 0x19e5, 0x19e5, 0x19e5, 0x19e5, 0x19e5, 0x19e5, 0x19e5, 0x19e5,
    0x19e5, 0x19e5, 0x19e5, 0x19e5, 0x19e5, 0x19e5, 0x19e5, 0x19e5, 0x19e5, 0x19e5, 0x19e5, 0x19e5, 0x19e5, 0x19e5, 0x19e5, 0x19e5,
    0x19e5, 0x19e5, 0x19e5, 0x19e5, 0x19e5, 0x19e5, 0x19e5, 0x19e5, 0x19e5, 0x19e5, 0x19e5, 0x19e5, 0x19e5, 0x19e5, 0x19e5, 0x19e5,
    0x19e5, 0x19e5, 0x19e5, 0x19e5, 0x19e5, 0x19e5, 0x19e5, 0x19e5, 0x19e5, 0x19e5, 0x19e5, 0x19e5, 0x19e5, 0x19e5, 0x19e5, 0x19e5,
    0x19e5, 0x19e5, 0x19e5, 0x19e5, 0x19e5, 0x19e5, 0x19e5, 0x19e5, 0x19e5, 0x19e5, 0x19e5, 0x19e5, 0x19e5, 0x19e5, 0x19e5, 0x19e5,
    0x19e5, 0x19e5, 0x19e5, 0x19e5, 0x19e5, 0x19e5, 0x19e5, 0x19e5, 0x19e5, 0x19e5, 0x19e5, 0x19e5, 0x19e5, 0x19e5, 0x19e5, 0x19e5,
    0x19e5, 0x19e5, 0x19e5, 0x19e5, 0x19e5, 0x19e5, 0x19e5, 0x19e5, 0x19e5, 0x19e5, 0x19e5, 0x19e5, 0x19e5, 0x19e5, 0x19e5, 0x19e5,
    0x19e5, 0x19e5, 0x19e5, 0x19e5, 0x19e5, 0x19e5, 0x19e5, 0x19e5, 0x19e5, 0x19e5, 0x19e5, 0x19e5, 0x19e5, 0x19e5, 0x19e5, 0x19e5,
    0x19e5, 0x19e5, 0x19e5, 0x19e5, 0x19e5, 0x19e5, 0x19e5, 0x19e5, 0x19e5, 0x19e5, 0x19e5, 0x19e5, 0x19e5, 0x19e5, 0x19e5, 0x19e5,
    0x19e5, 0x19e5, 0x19e5, 0x19e5, 0x19e5, 0x19e5, 0x19e5, 0x19e5, 0x19e5, 0x19e5, 0x19e5, 0x19e5, 0x19e5, 0x19e5, 0x19e5, 0x19e5,
    0x19e5, 0x19e5, 0x19e5, 0x19e5, 0x19e5, 0x19e5, 0x19e5, 0x19e5, 0x19e5, 0x19e5, 0x19e5, 0x19e5, 0x19e5, 0x19e5, 0x19e5, 0x19e5,
    0x19e5, 0x19e5, 0x19e5, 0x19e5, 0x19e5, 0x19e5, 0x19e5, 0x19e5, 0x19e5, 0x19e5, 0x19e5, 0x19e5, 0x19e5, 0x19e5, 0x19e5, 0x19e5,
    0x19e5, 0x19e5, 0x19e5, 0x19e5, 0x19e5, 0x19e5, 0x19e5, 0x19e5, 0x19e5, 0x19e5, 0x19e5, 0x19e5, 0x19e5, 0x19e5, 0x19e5, 0x19e5,
    0x19e5, 0x19e5, 0x19e5, 0x19e5, 0x19e5, 0x19e5, 0x19e5, 0x19e5, 0x19e5, 0x19e5, 0x19e5, 0x19e5, 0x19e5, 0x19e5, 0x19e5, 0x19e5,
    0x19e5, 0x19e5, 0x19e5, 0x19e5, 0x19e5, 0x19e5, 0x19e5, 0x19e5, 0x19e5, 0x19e5, 0x19e5, 0x19e5, 0x19e5, 0x19e5, 0x19e5, 0x19e5,
    0x19e5, 0x19e5, 0x19e5, 0x19e5, 0x19e5, 0x19e5, 0x19e5, 0x19e5, 0x19e5, 0x19e5, 0x19e5, 0x19e5, 0x19e5, 0x19e5, 0x19e5, 0x19e5,
    0x19e5, 0x19e5, 0x19e5, 0x19e5, 0x19e5, 0x19e5, 0x19e5, 0x19e5, 0x19e5, 0x19e5, 0x19e5, 0x19e5, 0x19e5, 0x19e5, 0x19e5, 0x19e5,
    0x19e5, 0x19e5, 0x19e5, 0x19e5, 0x19e5, 0x19e5, 0x19e5, 0x19e5, 0x19e5, 0x19e5, 0x19e5, 0x19e5, 0x19e5, 0x19e5, 0x19e5, 0x19e5,
    0x19e5, 0x19e5, 0x19e5, 0x19e5, 0x19e5, 0x19e5, 0x19e5, 0x19e5, 0x19e5, 0x19e5, 0x19e5, 0x19e5, 0x19e5, 0x19e5, 0x19e5, 0x19e5,
    0x19e5, 0x19e5, 0x19e5, 0x19e5, 0x19e5, 0x19e5, 0x19e5, 0x19e5, 0x19e5, 0x19e5, 0x19e5, 0x19e5, 0x19e5, 0x19e5, 0x19e5, 0x19e5,
    0x19e5, 0x19e5, 0x19e5, 0x19e5, 0x19e5, 0x19e5, 0x19e5, 0x19e5, 0x19e5, 0x19e5, 0x19e5, 0x19e5, 0x19e5, 0x19e5, 0x19e5, 0x19e5,
    0x19e5, 0x19e5, 0x19e5, 0x19e5, 0x19e5, 0x19e5, 0x19e5, 0x19e5, 0x19e5, 0x19e5, 0x19e5, 0x19e5, 0x19e5, 0x19e5, 0x19e5, 0x19e5,
    0x19e5, 0x19e5, 0x19e5, 0x19e5, 0x19e5, 0x19e5, 0x19e5, 0x19e5, 0x19e5, 0x19e5, 0x19e5, 0x19e5, 0x19e5, 0x19e5, 0x19e5, 0x19e5,
    0x19e5, 0x19e5, 0x19e5, 0x19e5, 0x19e5, 0x19e5, 0x19e5, 0x19e5, 0x19e5, 0x19e5, 0x19e5, 0x19e5, 0x19e5, 0x19e5, 0x19e5, 0x19e5,
    0x19e5, 0x19e5, 0x19e5, 0x19e5, 0x19e5, 0x19e5, 0x19e5, 0x19e5, 0x19e5, 0x19e5, 0x19e5, 0x19e5, 0x19e5, 0x19e5, 0x19e5, 0x19e5,
    0x19e5, 0x19e5, 0x19e5, 0x19e5, 0x19e5, 0x19e5, 0x19e5, 0x19e5, 0x19e5, 0x19e5, 0x19e5, 0x19e5, 0x19e5, 0x19e5, 0x19e5, 0x19e5,
    0x19e5, 0x19e5, 0x19e5, 0x19e5, 0x19e5, 0x19e5, 0x19e5, 0x19e5, 0x19e5, 0x19e5, 0x19e5, 0x19e5, 0x19e5, 0x19e5, 0x19e5, 0x19e5,
    0x19e5, 0x19e5, 0x19e5, 0x19e5, 0x19e5, 0x19e5, 0x19e5, 0x19e5, 0x19e5, 0x19e5, 0x19e5, 0x19e5, 0x19e5, 0x19e5, 0x19e5, 0x19e5,
    0x19e5, 0x19e5, 0x19e5, 0x19e5, 0x19e5, 0x19e5, 0x19e5, 0x19e5, 0x19e5, 0x19e5, 0x19e5, 0x19e5, 0x19e5, 0x19e5, 0x19e5, 0x19e5,
    0x19e5, 0x19e5, 0x19e5, 0x19e5, 0x19e5, 0x19e5, 0x19e5, 0x19e5, 0x19e5, 0x19e5, 0x19e5, 0x19e5, 0x19e5, 0x19e5, 0x19e5, 0x19e5,
    0x19e5, 0x19e5, 0x19e5, 0x19e5, 0x19e5, 0x19e5, 0x19e5, 0x19e5, 0x19e5, 0x19e5, 0x19e5, 0x19e5, 0x19e5, 0x19e5, 0x19e5, 0x19e5,
    0x19e5, 0x19e5, 0x19e5, 0x19e5, 0x19e5, 0x19e5, 0x19e5, 0x19e5, 0x19e5, 0x19e5, 0x19e5, 0x19e5, 0x19e5, 0x19e5, 0x19e5, 0x19e5,
    0x19e5, 0x19e5, 0x19e5, 0x19e5, 0x19e5, 0x19e5, 0x19e5, 0x19e5, 0x19e5, 0x19e5, 0x19e5, 0x19e5, 0x19e5, 0x19e5, 0x19e5, 0x19e5,
    0x19e5, 0x19e5, 0x19e5, 0x19e5, 0x19e5, 0x19e5, 0x19e5, 0x19e5, 0x19e5, 0x19e5, 0x19e5, 0x19e5, 0x19e5, 0x19e5, 0x19e5, 0x19e5,
    0x19e5, 0x19e5, 0x19e5, 0x19e5, 0x19e5, 0x19e5, 0x19e5, 0x19e5, 0x19e5, 0x19e5, 0x19e5, 0x19e5, 0x19e5, 0x19e5, 0x19e5, 0x19e5,
    0x19e5, 0x19e5, 0x19e5, 0x19e5, 0x19e5, 0x19e5, 0x19e5, 0x19e5, 0x19e5, 0x19e5, 0x19e5, 0x19e5, 0x19e5, 0x19e5, 0x19e5, 0x19e5,
    0x19e5, 0x19e5, 0x19e5, 0x19e5, 0x19e5, 0x19e5, 0x19e5, 0x19e5, 0x19e5, 0x19e5, 0x19e5, 0x19e5, 0x19e5, 0x19e5, 0x19e5, 0x19e5,
    0x19e5, 0x19e5, 0x19e5, 0x19e5, 0x19e5, 0x19e5, 0x19e5, 0x19e5, 0x19e5, 0x19e5, 0x19e5, 0x19e5, 0x19e5, 0x19e5, 0x19e5, 0x19e5,
    0x19e5, 0x19e5, 0x19e5, 0x19e5, 0x19e5, 0x19e5, 0x19e5, 0x19e5, 0x19e5, 0x19e5, 0x19e5, 0x19e5, 0x19e5, 0x19e5, 0x19e5, 0x19e5,
    0x19e5, 0x19e5, 0x19e5, 0x19e5, 0x19e5, 0x19e5, 0x19e5, 0x19e5, 0x19e5, 0x19e5, 0x19e5, 0x19e5, 0x19e5, 0x19e5, 0x19e5, 0x19e5,
    0x19e5, 0x19e5, 0x19e5, 0x19e5, 0x19e5, 0x19e5, 0x19e5, 0x19e5, 0x19e5, 0x19e5, 0x19e5, 0x19e5, 0x19e5, 0x19e5, 0x19e5, 0x19e5,
    0x19e5, 0x19e5, 0x19e5, 0x19e5, 0x19e5, 0x19e5, 0x19e5, 0x19e5, 0x19e5, 0x19e5, 0x19e5, 0x19e5, 0x19e5, 0x19e5, 0x19e5, 0x19e5,
    0x19e5, 0x19e5, 0x19e5, 0x19e5, 0x19e5, 0x19e5, 0x19e5, 0x19e5, 0x19e5, 0x19e5, 0x19e5, 0x19e5, 0x19e5, 0x19e5, 0x19e5, 0x19e5,
    0x19e5, 0x19e5, 0x19e5, 0x19e5, 0x19e5, 0x19e5, 0x19e5, 0x19e5, 0x19e5, 0x19e5, 0x19e5, 0x19e5, 0x19e5, 0x19e5, 0x19e5, 0x19e5,
    0x19e5, 0x19e5, 0x19e5, 0x19e5, 0x19e5, 0x19e5, 0x19e5, 0x19e5, 0x19e5, 0x19e5, 0x19e5, 0x19e5, 0x19e5, 0x19e5, 0x19e5, 0x19e5,
    0x19e5, 0x19e5, 0x19e5, 0x19e5, 0x19e5, 0x19e5, 0x19e5, 0x19e5, 0x19e5, 0x19e5, 0x19e5, 0x19e5, 0x19e5, 0x19e5, 0x19e5, 0x19e5,
    0x19e5, 0x19e5, 0x19e5, 0x19e5, 0x19e5, 0x19e5, 0x19e5, 0x19e5, 0x19e5, 0x19e5, 0x19e5, 0x19e5, 0x19e5, 0x19e5, 0x19e5, 0x19e5,
    0x19e5, 0x19e5, 0x19e5, 0x19e5, 0x19e5, 0x19e5, 0x19e5, 0x19e5, 0x19e5, 0x19e5, 0x19e5, 0x19e5, 0x19e5, 0x19e5, 0x19e5, 0x19e5,
    0x19e5, 0x19e5, 0x19e5, 0x19e5, 0x19e5, 0x19e5, 0x19e5, 0x19e5, 0x19e5, 0x19e5, 0x19e5, 0x19e5, 0x19e5, 0x19e5, 0x19e5, 0x19e5,
    0x19e5, 0x19e5, 0x19e5, 0x19e5, 0x19e5, 0x19e5, 0x19e5, 0x19e5, 0x19e5, 0x19e5, 0x19e5, 0x19e5, 0x19e5, 0x19e5, 0x19e5, 0x19e5,
    0x19e5, 0x19e5, 0x19e5, 0x19e5, 0x19e5, 0x19e5, 0x19e5, 0x19e5, 0x19e5, 0x19e5, 0x19e5, 0x19e5, 0x19e5, 0x19e5, 0x19e5, 0x19e5,
    0x19e5, 0x19e5, 0x19e5, 0x19e5, 0x19e5, 0x19e5, 0x19e5, 0x19e5, 0x19e5, 0x19e5, 0x19e5, 0x19e5, 0x19e5, 0x19e5, 0x19e5, 0x19e5,
    0x19e5, 0x19e5, 0x19e5, 0x19e5, 0x19e5, 0x19e5, 0x19e5, 0x19e5, 0x19e5, 0x19e5, 0x19e5, 0x19e5, 0x19e5, 0x19e5, 0x19e5, 0x19e5,
    0x19e5, 0x19e5, 0x19e5, 0x19e5, 0x19e5, 0x19e5, 0x19e5, 0x19e5, 0x19e5, 0x19e5, 0x19e5, 0x19e5, 0x19e5, 0x19e5, 0x19e5, 0x19e5,
    0x19e5, 0x19e5, 0x19e5, 0x19e5, 0x19e5, 0x19e5, 0x19e5, 0x19e5, 0x19e5, 0x19e5, 0x19e5, 0x19e5, 0x19e5, 0x19e5, 0x19e5, 0x19e5,
    0x19e5, 0x19e5, 0x19e5, 0x19e5, 0x19e5, 0x19e5, 0x19e5, 0x19e5, 0x19e5, 0x19e5, 0x19e5, 0x19e5, 0x19e5, 0x19e5, 0x19e5, 0x19e5,
    0x19e5, 0x19e5, 0x19e5, 0x19e5, 0x19e5, 0x19e5, 0x19e5, 0x19e5, 0x19e5, 0x19e5, 0x19e5, 0x19e5, 0x19e5, 0x19e5, 0x19e5, 0x19e5,
    0x19e5, 0x19e5, 0x19e5, 0x19e5, 0x19e5, 0x19e5, 0x19e5, 0x19e5, 0x19e5, 0x19e5, 0x19e5, 0x19e5, 0x19e5, 0x19e5, 0x19e5, 0x19e5,
};
